date,industrial_production
2011-01-01,93.4814
2011-01-03,93.4814
2011-01-04,93.4814
2011-01-05,93.4814
2011-01-06,93.4814
2011-01-07,93.4814
2011-01-10,93.4814
2011-01-11,93.4814
2011-01-12,93.4814
2011-01-13,93.4814
2011-01-14,93.4814
2011-01-17,93.4814
2011-01-18,93.4814
2011-01-19,93.4814
2011-01-20,93.4814
2011-01-21,93.4814
2011-01-24,93.4814
2011-01-25,93.4814
2011-01-26,93.4814
2011-01-27,93.4814
2011-01-28,93.4814
2011-01-31,93.4814
2011-02-01,93.1102
2011-02-02,93.1102
2011-02-03,93.1102
2011-02-04,93.1102
2011-02-07,93.1102
2011-02-08,93.1102
2011-02-09,93.1102
2011-02-10,93.1102
2011-02-11,93.1102
2011-02-14,93.1102
2011-02-15,93.1102
2011-02-16,93.1102
2011-02-17,93.1102
2011-02-18,93.1102
2011-02-21,93.1102
2011-02-22,93.1102
2011-02-23,93.1102
2011-02-24,93.1102
2011-02-25,93.1102
2011-02-28,93.1102
2011-03-01,94.0788
2011-03-02,94.0788
2011-03-03,94.0788
2011-03-04,94.0788
2011-03-07,94.0788
2011-03-08,94.0788
2011-03-09,94.0788
2011-03-10,94.0788
2011-03-11,94.0788
2011-03-14,94.0788
2011-03-15,94.0788
2011-03-16,94.0788
2011-03-17,94.0788
2011-03-18,94.0788
2011-03-21,94.0788
2011-03-22,94.0788
2011-03-23,94.0788
2011-03-24,94.0788
2011-03-25,94.0788
2011-03-28,94.0788
2011-03-29,94.0788
2011-03-30,94.0788
2011-03-31,94.0788
2011-04-01,93.7749
2011-04-04,93.7749
2011-04-05,93.7749
2011-04-06,93.7749
2011-04-07,93.7749
2011-04-08,93.7749
2011-04-11,93.7749
2011-04-12,93.7749
2011-04-13,93.7749
2011-04-14,93.7749
2011-04-15,93.7749
2011-04-18,93.7749
2011-04-19,93.7749
2011-04-20,93.7749
2011-04-21,93.7749
2011-04-22,93.7749
2011-04-25,93.7749
2011-04-26,93.7749
2011-04-27,93.7749
2011-04-28,93.7749
2011-04-29,93.7749
2011-05-01,93.888
2011-05-02,93.888
2011-05-03,93.888
2011-05-04,93.888
2011-05-05,93.888
2011-05-06,93.888
2011-05-09,93.888
2011-05-10,93.888
2011-05-11,93.888
2011-05-12,93.888
2011-05-13,93.888
2011-05-16,93.888
2011-05-17,93.888
2011-05-18,93.888
2011-05-19,93.888
2011-05-20,93.888
2011-05-23,93.888
2011-05-24,93.888
2011-05-25,93.888
2011-05-26,93.888
2011-05-27,93.888
2011-05-30,93.888
2011-05-31,93.888
2011-06-01,94.172
2011-06-02,94.172
2011-06-03,94.172
2011-06-06,94.172
2011-06-07,94.172
2011-06-08,94.172
2011-06-09,94.172
2011-06-10,94.172
2011-06-13,94.172
2011-06-14,94.172
2011-06-15,94.172
2011-06-16,94.172
2011-06-17,94.172
2011-06-20,94.172
2011-06-21,94.172
2011-06-22,94.172
2011-06-23,94.172
2011-06-24,94.172
2011-06-27,94.172
2011-06-28,94.172
2011-06-29,94.172
2011-06-30,94.172
2011-07-01,94.636
2011-07-04,94.636
2011-07-05,94.636
2011-07-06,94.636
2011-07-07,94.636
2011-07-08,94.636
2011-07-11,94.636
2011-07-12,94.636
2011-07-13,94.636
2011-07-14,94.636
2011-07-15,94.636
2011-07-18,94.636
2011-07-19,94.636
2011-07-20,94.636
2011-07-21,94.636
2011-07-22,94.636
2011-07-25,94.636
2011-07-26,94.636
2011-07-27,94.636
2011-07-28,94.636
2011-07-29,94.636
2011-08-01,95.2749
2011-08-02,95.2749
2011-08-03,95.2749
2011-08-04,95.2749
2011-08-05,95.2749
2011-08-08,95.2749
2011-08-09,95.2749
2011-08-10,95.2749
2011-08-11,95.2749
2011-08-12,95.2749
2011-08-15,95.2749
2011-08-16,95.2749
2011-08-17,95.2749
2011-08-18,95.2749
2011-08-19,95.2749
2011-08-22,95.2749
2011-08-23,95.2749
2011-08-24,95.2749
2011-08-25,95.2749
2011-08-26,95.2749
2011-08-29,95.2749
2011-08-30,95.2749
2011-08-31,95.2749
2011-09-01,95.1961
2011-09-02,95.1961
2011-09-05,95.1961
2011-09-06,95.1961
2011-09-07,95.1961
2011-09-08,95.1961
2011-09-09,95.1961
2011-09-12,95.1961
2011-09-13,95.1961
2011-09-14,95.1961
2011-09-15,95.1961
2011-09-16,95.1961
2011-09-19,95.1961
2011-09-20,95.1961
2011-09-21,95.1961
2011-09-22,95.1961
2011-09-23,95.1961
2011-09-26,95.1961
2011-09-27,95.1961
2011-09-28,95.1961
2011-09-29,95.1961
2011-09-30,95.1961
2011-10-01,95.8568
2011-10-03,95.8568
2011-10-04,95.8568
2011-10-05,95.8568
2011-10-06,95.8568
2011-10-07,95.8568
2011-10-10,95.8568
2011-10-11,95.8568
2011-10-12,95.8568
2011-10-13,95.8568
2011-10-14,95.8568
2011-10-17,95.8568
2011-10-18,95.8568
2011-10-19,95.8568
2011-10-20,95.8568
2011-10-21,95.8568
2011-10-24,95.8568
2011-10-25,95.8568
2011-10-26,95.8568
2011-10-27,95.8568
2011-10-28,95.8568
2011-10-31,95.8568
2011-11-01,95.8485
2011-11-02,95.8485
2011-11-03,95.8485
2011-11-04,95.8485
2011-11-07,95.8485
2011-11-08,95.8485
2011-11-09,95.8485
2011-11-10,95.8485
2011-11-11,95.8485
2011-11-14,95.8485
2011-11-15,95.8485
2011-11-16,95.8485
2011-11-17,95.8485
2011-11-18,95.8485
2011-11-21,95.8485
2011-11-22,95.8485
2011-11-23,95.8485
2011-11-24,95.8485
2011-11-25,95.8485
2011-11-28,95.8485
2011-11-29,95.8485
2011-11-30,95.8485
2011-12-01,96.3571
2011-12-02,96.3571
2011-12-05,96.3571
2011-12-06,96.3571
2011-12-07,96.3571
2011-12-08,96.3571
2011-12-09,96.3571
2011-12-12,96.3571
2011-12-13,96.3571
2011-12-14,96.3571
2011-12-15,96.3571
2011-12-16,96.3571
2011-12-19,96.3571
2011-12-20,96.3571
2011-12-21,96.3571
2011-12-22,96.3571
2011-12-23,96.3571
2011-12-26,96.3571
2011-12-27,96.3571
2011-12-28,96.3571
2011-12-29,96.3571
2011-12-30,96.3571
2012-01-01,96.9318
2012-01-02,96.9318
2012-01-03,96.9318
2012-01-04,96.9318
2012-01-05,96.9318
2012-01-06,96.9318
2012-01-09,96.9318
2012-01-10,96.9318
2012-01-11,96.9318
2012-01-12,96.9318
2012-01-13,96.9318
2012-01-16,96.9318
2012-01-17,96.9318
2012-01-18,96.9318
2012-01-19,96.9318
2012-01-20,96.9318
2012-01-23,96.9318
2012-01-24,96.9318
2012-01-25,96.9318
2012-01-26,96.9318
2012-01-27,96.9318
2012-01-30,96.9318
2012-01-31,96.9318
2012-02-01,97.2435
2012-02-02,97.2435
2012-02-03,97.2435
2012-02-06,97.2435
2012-02-07,97.2435
2012-02-08,97.2435
2012-02-09,97.2435
2012-02-10,97.2435
2012-02-13,97.2435
2012-02-14,97.2435
2012-02-15,97.2435
2012-02-16,97.2435
2012-02-17,97.2435
2012-02-20,97.2435
2012-02-21,97.2435
2012-02-22,97.2435
2012-02-23,97.2435
2012-02-24,97.2435
2012-02-27,97.2435
2012-02-28,97.2435
2012-02-29,97.2435
2012-03-01,96.74
2012-03-02,96.74
2012-03-05,96.74
2012-03-06,96.74
2012-03-07,96.74
2012-03-08,96.74
2012-03-09,96.74
2012-03-12,96.74
2012-03-13,96.74
2012-03-14,96.74
2012-03-15,96.74
2012-03-16,96.74
2012-03-19,96.74
2012-03-20,96.74
2012-03-21,96.74
2012-03-22,96.74
2012-03-23,96.74
2012-03-26,96.74
2012-03-27,96.74
2012-03-28,96.74
2012-03-29,96.74
2012-03-30,96.74
2012-04-01,97.4359
2012-04-02,97.4359
2012-04-03,97.4359
2012-04-04,97.4359
2012-04-05,97.4359
2012-04-06,97.4359
2012-04-09,97.4359
2012-04-10,97.4359
2012-04-11,97.4359
2012-04-12,97.4359
2012-04-13,97.4359
2012-04-16,97.4359
2012-04-17,97.4359
2012-04-18,97.4359
2012-04-19,97.4359
2012-04-20,97.4359
2012-04-23,97.4359
2012-04-24,97.4359
2012-04-25,97.4359
2012-04-26,97.4359
2012-04-27,97.4359
2012-04-30,97.4359
2012-05-01,97.6609
2012-05-02,97.6609
2012-05-03,97.6609
2012-05-04,97.6609
2012-05-07,97.6609
2012-05-08,97.6609
2012-05-09,97.6609
2012-05-10,97.6609
2012-05-11,97.6609
2012-05-14,97.6609
2012-05-15,97.6609
2012-05-16,97.6609
2012-05-17,97.6609
2012-05-18,97.6609
2012-05-21,97.6609
2012-05-22,97.6609
2012-05-23,97.6609
2012-05-24,97.6609
2012-05-25,97.6609
2012-05-28,97.6609
2012-05-29,97.6609
2012-05-30,97.6609
2012-05-31,97.6609
2012-06-01,97.6663
2012-06-04,97.6663
2012-06-05,97.6663
2012-06-06,97.6663
2012-06-07,97.6663
2012-06-08,97.6663
2012-06-11,97.6663
2012-06-12,97.6663
2012-06-13,97.6663
2012-06-14,97.6663
2012-06-15,97.6663
2012-06-18,97.6663
2012-06-19,97.6663
2012-06-20,97.6663
2012-06-21,97.6663
2012-06-22,97.6663
2012-06-25,97.6663
2012-06-26,97.6663
2012-06-27,97.6663
2012-06-28,97.6663
2012-06-29,97.6663
2012-07-01,97.8713
2012-07-02,97.8713
2012-07-03,97.8713
2012-07-04,97.8713
2012-07-05,97.8713
2012-07-06,97.8713
2012-07-09,97.8713
2012-07-10,97.8713
2012-07-11,97.8713
2012-07-12,97.8713
2012-07-13,97.8713
2012-07-16,97.8713
2012-07-17,97.8713
2012-07-18,97.8713
2012-07-19,97.8713
2012-07-20,97.8713
2012-07-23,97.8713
2012-07-24,97.8713
2012-07-25,97.8713
2012-07-26,97.8713
2012-07-27,97.8713
2012-07-30,97.8713
2012-07-31,97.8713
2012-08-01,97.4525
2012-08-02,97.4525
2012-08-03,97.4525
2012-08-06,97.4525
2012-08-07,97.4525
2012-08-08,97.4525
2012-08-09,97.4525
2012-08-10,97.4525
2012-08-13,97.4525
2012-08-14,97.4525
2012-08-15,97.4525
2012-08-16,97.4525
2012-08-17,97.4525
2012-08-20,97.4525
2012-08-21,97.4525
2012-08-22,97.4525
2012-08-23,97.4525
2012-08-24,97.4525
2012-08-27,97.4525
2012-08-28,97.4525
2012-08-29,97.4525
2012-08-30,97.4525
2012-08-31,97.4525
2012-09-01,97.381
2012-09-03,97.381
2012-09-04,97.381
2012-09-05,97.381
2012-09-06,97.381
2012-09-07,97.381
2012-09-10,97.381
2012-09-11,97.381
2012-09-12,97.381
2012-09-13,97.381
2012-09-14,97.381
2012-09-17,97.381
2012-09-18,97.381
2012-09-19,97.381
2012-09-20,97.381
2012-09-21,97.381
2012-09-24,97.381
2012-09-25,97.381
2012-09-26,97.381
2012-09-27,97.381
2012-09-28,97.381
2012-10-01,97.7193
2012-10-02,97.7193
2012-10-03,97.7193
2012-10-04,97.7193
2012-10-05,97.7193
2012-10-08,97.7193
2012-10-09,97.7193
2012-10-10,97.7193
2012-10-11,97.7193
2012-10-12,97.7193
2012-10-15,97.7193
2012-10-16,97.7193
2012-10-17,97.7193
2012-10-18,97.7193
2012-10-19,97.7193
2012-10-22,97.7193
2012-10-23,97.7193
2012-10-24,97.7193
2012-10-25,97.7193
2012-10-26,97.7193
2012-10-29,97.7193
2012-10-30,97.7193
2012-10-31,97.7193
2012-11-01,98.0777
2012-11-02,98.0777
2012-11-05,98.0777
2012-11-06,98.0777
2012-11-07,98.0777
2012-11-08,98.0777
2012-11-09,98.0777
2012-11-12,98.0777
2012-11-13,98.0777
2012-11-14,98.0777
2012-11-15,98.0777
2012-11-16,98.0777
2012-11-19,98.0777
2012-11-20,98.0777
2012-11-21,98.0777
2012-11-22,98.0777
2012-11-23,98.0777
2012-11-26,98.0777
2012-11-27,98.0777
2012-11-28,98.0777
2012-11-29,98.0777
2012-11-30,98.0777
2012-12-01,98.3101
2012-12-03,98.3101
2012-12-04,98.3101
2012-12-05,98.3101
2012-12-06,98.3101
2012-12-07,98.3101
2012-12-10,98.3101
2012-12-11,98.3101
2012-12-12,98.3101
2012-12-13,98.3101
2012-12-14,98.3101
2012-12-17,98.3101
2012-12-18,98.3101
2012-12-19,98.3101
2012-12-20,98.3101
2012-12-21,98.3101
2012-12-24,98.3101
2012-12-25,98.3101
2012-12-26,98.3101
2012-12-27,98.3101
2012-12-28,98.3101
2012-12-31,98.3101
2013-01-01,98.3342
2013-01-02,98.3342
2013-01-03,98.3342
2013-01-04,98.3342
2013-01-07,98.3342
2013-01-08,98.3342
2013-01-09,98.3342
2013-01-10,98.3342
2013-01-11,98.3342
2013-01-14,98.3342
2013-01-15,98.3342
2013-01-16,98.3342
2013-01-17,98.3342
2013-01-18,98.3342
2013-01-21,98.3342
2013-01-22,98.3342
2013-01-23,98.3342
2013-01-24,98.3342
2013-01-25,98.3342
2013-01-28,98.3342
2013-01-29,98.3342
2013-01-30,98.3342
2013-01-31,98.3342
2013-02-01,98.7941
2013-02-04,98.7941
2013-02-05,98.7941
2013-02-06,98.7941
2013-02-07,98.7941
2013-02-08,98.7941
2013-02-11,98.7941
2013-02-12,98.7941
2013-02-13,98.7941
2013-02-14,98.7941
2013-02-15,98.7941
2013-02-18,98.7941
2013-02-19,98.7941
2013-02-20,98.7941
2013-02-21,98.7941
2013-02-22,98.7941
2013-02-25,98.7941
2013-02-26,98.7941
2013-02-27,98.7941
2013-02-28,98.7941
2013-03-01,99.1921
2013-03-04,99.1921
2013-03-05,99.1921
2013-03-06,99.1921
2013-03-07,99.1921
2013-03-08,99.1921
2013-03-11,99.1921
2013-03-12,99.1921
2013-03-13,99.1921
2013-03-14,99.1921
2013-03-15,99.1921
2013-03-18,99.1921
2013-03-19,99.1921
2013-03-20,99.1921
2013-03-21,99.1921
2013-03-22,99.1921
2013-03-25,99.1921
2013-03-26,99.1921
2013-03-27,99.1921
2013-03-28,99.1921
2013-03-29,99.1921
2013-04-01,99.1065
2013-04-02,99.1065
2013-04-03,99.1065
2013-04-04,99.1065
2013-04-05,99.1065
2013-04-08,99.1065
2013-04-09,99.1065
2013-04-10,99.1065
2013-04-11,99.1065
2013-04-12,99.1065
2013-04-15,99.1065
2013-04-16,99.1065
2013-04-17,99.1065
2013-04-18,99.1065
2013-04-19,99.1065
2013-04-22,99.1065
2013-04-23,99.1065
2013-04-24,99.1065
2013-04-25,99.1065
2013-04-26,99.1065
2013-04-29,99.1065
2013-04-30,99.1065
2013-05-01,99.1839
2013-05-02,99.1839
2013-05-03,99.1839
2013-05-06,99.1839
2013-05-07,99.1839
2013-05-08,99.1839
2013-05-09,99.1839
2013-05-10,99.1839
2013-05-13,99.1839
2013-05-14,99.1839
2013-05-15,99.1839
2013-05-16,99.1839
2013-05-17,99.1839
2013-05-20,99.1839
2013-05-21,99.1839
2013-05-22,99.1839
2013-05-23,99.1839
2013-05-24,99.1839
2013-05-27,99.1839
2013-05-28,99.1839
2013-05-29,99.1839
2013-05-30,99.1839
2013-05-31,99.1839
2013-06-01,99.3897
2013-06-03,99.3897
2013-06-04,99.3897
2013-06-05,99.3897
2013-06-06,99.3897
2013-06-07,99.3897
2013-06-10,99.3897
2013-06-11,99.3897
2013-06-12,99.3897
2013-06-13,99.3897
2013-06-14,99.3897
2013-06-17,99.3897
2013-06-18,99.3897
2013-06-19,99.3897
2013-06-20,99.3897
2013-06-21,99.3897
2013-06-24,99.3897
2013-06-25,99.3897
2013-06-26,99.3897
2013-06-27,99.3897
2013-06-28,99.3897
2013-07-01,99.0814
2013-07-02,99.0814
2013-07-03,99.0814
2013-07-04,99.0814
2013-07-05,99.0814
2013-07-08,99.0814
2013-07-09,99.0814
2013-07-10,99.0814
2013-07-11,99.0814
2013-07-12,99.0814
2013-07-15,99.0814
2013-07-16,99.0814
2013-07-17,99.0814
2013-07-18,99.0814
2013-07-19,99.0814
2013-07-22,99.0814
2013-07-23,99.0814
2013-07-24,99.0814
2013-07-25,99.0814
2013-07-26,99.0814
2013-07-29,99.0814
2013-07-30,99.0814
2013-07-31,99.0814
2013-08-01,99.6543
2013-08-02,99.6543
2013-08-05,99.6543
2013-08-06,99.6543
2013-08-07,99.6543
2013-08-08,99.6543
2013-08-09,99.6543
2013-08-12,99.6543
2013-08-13,99.6543
2013-08-14,99.6543
2013-08-15,99.6543
2013-08-16,99.6543
2013-08-19,99.6543
2013-08-20,99.6543
2013-08-21,99.6543
2013-08-22,99.6543
2013-08-23,99.6543
2013-08-26,99.6543
2013-08-27,99.6543
2013-08-28,99.6543
2013-08-29,99.6543
2013-08-30,99.6543
2013-09-01,100.161
2013-09-02,100.161
2013-09-03,100.161
2013-09-04,100.161
2013-09-05,100.161
2013-09-06,100.161
2013-09-09,100.161
2013-09-10,100.161
2013-09-11,100.161
2013-09-12,100.161
2013-09-13,100.161
2013-09-16,100.161
2013-09-17,100.161
2013-09-18,100.161
2013-09-19,100.161
2013-09-20,100.161
2013-09-23,100.161
2013-09-24,100.161
2013-09-25,100.161
2013-09-26,100.161
2013-09-27,100.161
2013-09-30,100.161
2013-10-01,100.082
2013-10-02,100.082
2013-10-03,100.082
2013-10-04,100.082
2013-10-07,100.082
2013-10-08,100.082
2013-10-09,100.082
2013-10-10,100.082
2013-10-11,100.082
2013-10-14,100.082
2013-10-15,100.082
2013-10-16,100.082
2013-10-17,100.082
2013-10-18,100.082
2013-10-21,100.082
2013-10-22,100.082
2013-10-23,100.082
2013-10-24,100.082
2013-10-25,100.082
2013-10-28,100.082
2013-10-29,100.082
2013-10-30,100.082
2013-10-31,100.082
2013-11-01,100.3158
2013-11-04,100.3158
2013-11-05,100.3158
2013-11-06,100.3158
2013-11-07,100.3158
2013-11-08,100.3158
2013-11-11,100.3158
2013-11-12,100.3158
2013-11-13,100.3158
2013-11-14,100.3158
2013-11-15,100.3158
2013-11-18,100.3158
2013-11-19,100.3158
2013-11-20,100.3158
2013-11-21,100.3158
2013-11-22,100.3158
2013-11-25,100.3158
2013-11-26,100.3158
2013-11-27,100.3158
2013-11-28,100.3158
2013-11-29,100.3158
2013-12-01,100.5175
2013-12-02,100.5175
2013-12-03,100.5175
2013-12-04,100.5175
2013-12-05,100.5175
2013-12-06,100.5175
2013-12-09,100.5175
2013-12-10,100.5175
2013-12-11,100.5175
2013-12-12,100.5175
2013-12-13,100.5175
2013-12-16,100.5175
2013-12-17,100.5175
2013-12-18,100.5175
2013-12-19,100.5175
2013-12-20,100.5175
2013-12-23,100.5175
2013-12-24,100.5175
2013-12-25,100.5175
2013-12-26,100.5175
2013-12-27,100.5175
2013-12-30,100.5175
2013-12-31,100.5175
2014-01-01,100.1599
2014-01-02,100.1599
2014-01-03,100.1599
2014-01-06,100.1599
2014-01-07,100.1599
2014-01-08,100.1599
2014-01-09,100.1599
2014-01-10,100.1599
2014-01-13,100.1599
2014-01-14,100.1599
2014-01-15,100.1599
2014-01-16,100.1599
2014-01-17,100.1599
2014-01-20,100.1599
2014-01-21,100.1599
2014-01-22,100.1599
2014-01-23,100.1599
2014-01-24,100.1599
2014-01-27,100.1599
2014-01-28,100.1599
2014-01-29,100.1599
2014-01-30,100.1599
2014-01-31,100.1599
2014-02-01,100.9168
2014-02-03,100.9168
2014-02-04,100.9168
2014-02-05,100.9168
2014-02-06,100.9168
2014-02-07,100.9168
2014-02-10,100.9168
2014-02-11,100.9168
2014-02-12,100.9168
2014-02-13,100.9168
2014-02-14,100.9168
2014-02-17,100.9168
2014-02-18,100.9168
2014-02-19,100.9168
2014-02-20,100.9168
2014-02-21,100.9168
2014-02-24,100.9168
2014-02-25,100.9168
2014-02-26,100.9168
2014-02-27,100.9168
2014-02-28,100.9168
2014-03-01,101.8942
2014-03-03,101.8942
2014-03-04,101.8942
2014-03-05,101.8942
2014-03-06,101.8942
2014-03-07,101.8942
2014-03-10,101.8942
2014-03-11,101.8942
2014-03-12,101.8942
2014-03-13,101.8942
2014-03-14,101.8942
2014-03-17,101.8942
2014-03-18,101.8942
2014-03-19,101.8942
2014-03-20,101.8942
2014-03-21,101.8942
2014-03-24,101.8942
2014-03-25,101.8942
2014-03-26,101.8942
2014-03-27,101.8942
2014-03-28,101.8942
2014-03-31,101.8942
2014-04-01,101.9928
2014-04-02,101.9928
2014-04-03,101.9928
2014-04-04,101.9928
2014-04-07,101.9928
2014-04-08,101.9928
2014-04-09,101.9928
2014-04-10,101.9928
2014-04-11,101.9928
2014-04-14,101.9928
2014-04-15,101.9928
2014-04-16,101.9928
2014-04-17,101.9928
2014-04-18,101.9928
2014-04-21,101.9928
2014-04-22,101.9928
2014-04-23,101.9928
2014-04-24,101.9928
2014-04-25,101.9928
2014-04-28,101.9928
2014-04-29,101.9928
2014-04-30,101.9928
2014-05-01,102.3836
2014-05-02,102.3836
2014-05-05,102.3836
2014-05-06,102.3836
2014-05-07,102.3836
2014-05-08,102.3836
2014-05-09,102.3836
2014-05-12,102.3836
2014-05-13,102.3836
2014-05-14,102.3836
2014-05-15,102.3836
2014-05-16,102.3836
2014-05-19,102.3836
2014-05-20,102.3836
2014-05-21,102.3836
2014-05-22,102.3836
2014-05-23,102.3836
2014-05-26,102.3836
2014-05-27,102.3836
2014-05-28,102.3836
2014-05-29,102.3836
2014-05-30,102.3836
2014-06-01,102.735
2014-06-02,102.735
2014-06-03,102.735
2014-06-04,102.735
2014-06-05,102.735
2014-06-06,102.735
2014-06-09,102.735
2014-06-10,102.735
2014-06-11,102.735
2014-06-12,102.735
2014-06-13,102.735
2014-06-16,102.735
2014-06-17,102.735
2014-06-18,102.735
2014-06-19,102.735
2014-06-20,102.735
2014-06-23,102.735
2014-06-24,102.735
2014-06-25,102.735
2014-06-26,102.735
2014-06-27,102.735
2014-06-30,102.735
2014-07-01,102.9632
2014-07-02,102.9632
2014-07-03,102.9632
2014-07-04,102.9632
2014-07-07,102.9632
2014-07-08,102.9632
2014-07-09,102.9632
2014-07-10,102.9632
2014-07-11,102.9632
2014-07-14,102.9632
2014-07-15,102.9632
2014-07-16,102.9632
2014-07-17,102.9632
2014-07-18,102.9632
2014-07-21,102.9632
2014-07-22,102.9632
2014-07-23,102.9632
2014-07-24,102.9632
2014-07-25,102.9632
2014-07-28,102.9632
2014-07-29,102.9632
2014-07-30,102.9632
2014-07-31,102.9632
2014-08-01,102.7688
2014-08-04,102.7688
2014-08-05,102.7688
2014-08-06,102.7688
2014-08-07,102.7688
2014-08-08,102.7688
2014-08-11,102.7688
2014-08-12,102.7688
2014-08-13,102.7688
2014-08-14,102.7688
2014-08-15,102.7688
2014-08-18,102.7688
2014-08-19,102.7688
2014-08-20,102.7688
2014-08-21,102.7688
2014-08-22,102.7688
2014-08-25,102.7688
2014-08-26,102.7688
2014-08-27,102.7688
2014-08-28,102.7688
2014-08-29,102.7688
2014-09-01,103.0641
2014-09-02,103.0641
2014-09-03,103.0641
2014-09-04,103.0641
2014-09-05,103.0641
2014-09-08,103.0641
2014-09-09,103.0641
2014-09-10,103.0641
2014-09-11,103.0641
2014-09-12,103.0641
2014-09-15,103.0641
2014-09-16,103.0641
2014-09-17,103.0641
2014-09-18,103.0641
2014-09-19,103.0641
2014-09-22,103.0641
2014-09-23,103.0641
2014-09-24,103.0641
2014-09-25,103.0641
2014-09-26,103.0641
2014-09-29,103.0641
2014-09-30,103.0641
2014-10-01,103.0764
2014-10-02,103.0764
2014-10-03,103.0764
2014-10-06,103.0764
2014-10-07,103.0764
2014-10-08,103.0764
2014-10-09,103.0764
2014-10-10,103.0764
2014-10-13,103.0764
2014-10-14,103.0764
2014-10-15,103.0764
2014-10-16,103.0764
2014-10-17,103.0764
2014-10-20,103.0764
2014-10-21,103.0764
2014-10-22,103.0764
2014-10-23,103.0764
2014-10-24,103.0764
2014-10-27,103.0764
2014-10-28,103.0764
2014-10-29,103.0764
2014-10-30,103.0764
2014-10-31,103.0764
2014-11-01,103.7126
2014-11-03,103.7126
2014-11-04,103.7126
2014-11-05,103.7126
2014-11-06,103.7126
2014-11-07,103.7126
2014-11-10,103.7126
2014-11-11,103.7126
2014-11-12,103.7126
2014-11-13,103.7126
2014-11-14,103.7126
2014-11-17,103.7126
2014-11-18,103.7126
2014-11-19,103.7126
2014-11-20,103.7126
2014-11-21,103.7126
2014-11-24,103.7126
2014-11-25,103.7126
2014-11-26,103.7126
2014-11-27,103.7126
2014-11-28,103.7126
2014-12-01,103.7044
2014-12-02,103.7044
2014-12-03,103.7044
2014-12-04,103.7044
2014-12-05,103.7044
2014-12-08,103.7044
2014-12-09,103.7044
2014-12-10,103.7044
2014-12-11,103.7044
2014-12-12,103.7044
2014-12-15,103.7044
2014-12-16,103.7044
2014-12-17,103.7044
2014-12-18,103.7044
2014-12-19,103.7044
2014-12-22,103.7044
2014-12-23,103.7044
2014-12-24,103.7044
2014-12-25,103.7044
2014-12-26,103.7044
2014-12-29,103.7044
2014-12-30,103.7044
2014-12-31,103.7044
2015-01-01,102.8905
2015-01-02,102.8905
2015-01-05,102.8905
2015-01-06,102.8905
2015-01-07,102.8905
2015-01-08,102.8905
2015-01-09,102.8905
2015-01-12,102.8905
2015-01-13,102.8905
2015-01-14,102.8905
2015-01-15,102.8905
2015-01-16,102.8905
2015-01-19,102.8905
2015-01-20,102.8905
2015-01-21,102.8905
2015-01-22,102.8905
2015-01-23,102.8905
2015-01-26,102.8905
2015-01-27,102.8905
2015-01-28,102.8905
2015-01-29,102.8905
2015-01-30,102.8905
2015-02-01,102.2335
2015-02-02,102.2335
2015-02-03,102.2335
2015-02-04,102.2335
2015-02-05,102.2335
2015-02-06,102.2335
2015-02-09,102.2335
2015-02-10,102.2335
2015-02-11,102.2335
2015-02-12,102.2335
2015-02-13,102.2335
2015-02-16,102.2335
2015-02-17,102.2335
2015-02-18,102.2335
2015-02-19,102.2335
2015-02-20,102.2335
2015-02-23,102.2335
2015-02-24,102.2335
2015-02-25,102.2335
2015-02-26,102.2335
2015-02-27,102.2335
2015-03-01,101.8914
2015-03-02,101.8914
2015-03-03,101.8914
2015-03-04,101.8914
2015-03-05,101.8914
2015-03-06,101.8914
2015-03-09,101.8914
2015-03-10,101.8914
2015-03-11,101.8914
2015-03-12,101.8914
2015-03-13,101.8914
2015-03-16,101.8914
2015-03-17,101.8914
2015-03-18,101.8914
2015-03-19,101.8914
2015-03-20,101.8914
2015-03-23,101.8914
2015-03-24,101.8914
2015-03-25,101.8914
2015-03-26,101.8914
2015-03-27,101.8914
2015-03-30,101.8914
2015-03-31,101.8914
2015-04-01,101.3355
2015-04-02,101.3355
2015-04-03,101.3355
2015-04-06,101.3355
2015-04-07,101.3355
2015-04-08,101.3355
2015-04-09,101.3355
2015-04-10,101.3355
2015-04-13,101.3355
2015-04-14,101.3355
2015-04-15,101.3355
2015-04-16,101.3355
2015-04-17,101.3355
2015-04-20,101.3355
2015-04-21,101.3355
2015-04-22,101.3355
2015-04-23,101.3355
2015-04-24,101.3355
2015-04-27,101.3355
2015-04-28,101.3355
2015-04-29,101.3355
2015-04-30,101.3355
2015-05-01,100.8883
2015-05-04,100.8883
2015-05-05,100.8883
2015-05-06,100.8883
2015-05-07,100.8883
2015-05-08,100.8883
2015-05-11,100.8883
2015-05-12,100.8883
2015-05-13,100.8883
2015-05-14,100.8883
2015-05-15,100.8883
2015-05-18,100.8883
2015-05-19,100.8883
2015-05-20,100.8883
2015-05-21,100.8883
2015-05-22,100.8883
2015-05-25,100.8883
2015-05-26,100.8883
2015-05-27,100.8883
2015-05-28,100.8883
2015-05-29,100.8883
2015-06-01,100.571
2015-06-02,100.571
2015-06-03,100.571
2015-06-04,100.571
2015-06-05,100.571
2015-06-08,100.571
2015-06-09,100.571
2015-06-10,100.571
2015-06-11,100.571
2015-06-12,100.571
2015-06-15,100.571
2015-06-16,100.571
2015-06-17,100.571
2015-06-18,100.571
2015-06-19,100.571
2015-06-22,100.571
2015-06-23,100.571
2015-06-24,100.571
2015-06-25,100.571
2015-06-26,100.571
2015-06-29,100.571
2015-06-30,100.571
2015-07-01,101.2228
2015-07-02,101.2228
2015-07-03,101.2228
2015-07-06,101.2228
2015-07-07,101.2228
2015-07-08,101.2228
2015-07-09,101.2228
2015-07-10,101.2228
2015-07-13,101.2228
2015-07-14,101.2228
2015-07-15,101.2228
2015-07-16,101.2228
2015-07-17,101.2228
2015-07-20,101.2228
2015-07-21,101.2228
2015-07-22,101.2228
2015-07-23,101.2228
2015-07-24,101.2228
2015-07-27,101.2228
2015-07-28,101.2228
2015-07-29,101.2228
2015-07-30,101.2228
2015-07-31,101.2228
2015-08-01,101.0367
2015-08-03,101.0367
2015-08-04,101.0367
2015-08-05,101.0367
2015-08-06,101.0367
2015-08-07,101.0367
2015-08-10,101.0367
2015-08-11,101.0367
2015-08-12,101.0367
2015-08-13,101.0367
2015-08-14,101.0367
2015-08-17,101.0367
2015-08-18,101.0367
2015-08-19,101.0367
2015-08-20,101.0367
2015-08-21,101.0367
2015-08-24,101.0367
2015-08-25,101.0367
2015-08-26,101.0367
2015-08-27,101.0367
2015-08-28,101.0367
2015-08-31,101.0367
2015-09-01,100.7547
2015-09-02,100.7547
2015-09-03,100.7547
2015-09-04,100.7547
2015-09-07,100.7547
2015-09-08,100.7547
2015-09-09,100.7547
2015-09-10,100.7547
2015-09-11,100.7547
2015-09-14,100.7547
2015-09-15,100.7547
2015-09-16,100.7547
2015-09-17,100.7547
2015-09-18,100.7547
2015-09-21,100.7547
2015-09-22,100.7547
2015-09-23,100.7547
2015-09-24,100.7547
2015-09-25,100.7547
2015-09-28,100.7547
2015-09-29,100.7547
2015-09-30,100.7547
2015-10-01,100.2675
2015-10-02,100.2675
2015-10-05,100.2675
2015-10-06,100.2675
2015-10-07,100.2675
2015-10-08,100.2675
2015-10-09,100.2675
2015-10-12,100.2675
2015-10-13,100.2675
2015-10-14,100.2675
2015-10-15,100.2675
2015-10-16,100.2675
2015-10-19,100.2675
2015-10-20,100.2675
2015-10-21,100.2675
2015-10-22,100.2675
2015-10-23,100.2675
2015-10-26,100.2675
2015-10-27,100.2675
2015-10-28,100.2675
2015-10-29,100.2675
2015-10-30,100.2675
2015-11-01,99.5298
2015-11-02,99.5298
2015-11-03,99.5298
2015-11-04,99.5298
2015-11-05,99.5298
2015-11-06,99.5298
2015-11-09,99.5298
2015-11-10,99.5298
2015-11-11,99.5298
2015-11-12,99.5298
2015-11-13,99.5298
2015-11-16,99.5298
2015-11-17,99.5298
2015-11-18,99.5298
2015-11-19,99.5298
2015-11-20,99.5298
2015-11-23,99.5298
2015-11-24,99.5298
2015-11-25,99.5298
2015-11-26,99.5298
2015-11-27,99.5298
2015-11-30,99.5298
2015-12-01,99.0417
2015-12-02,99.0417
2015-12-03,99.0417
2015-12-04,99.0417
2015-12-07,99.0417
2015-12-08,99.0417
2015-12-09,99.0417
2015-12-10,99.0417
2015-12-11,99.0417
2015-12-14,99.0417
2015-12-15,99.0417
2015-12-16,99.0417
2015-12-17,99.0417
2015-12-18,99.0417
2015-12-21,99.0417
2015-12-22,99.0417
2015-12-23,99.0417
2015-12-24,99.0417
2015-12-25,99.0417
2015-12-28,99.0417
2015-12-29,99.0417
2015-12-30,99.0417
2015-12-31,99.0417
2016-01-01,99.5607
2016-01-04,99.5607
2016-01-05,99.5607
2016-01-06,99.5607
2016-01-07,99.5607
2016-01-08,99.5607
2016-01-11,99.5607
2016-01-12,99.5607
2016-01-13,99.5607
2016-01-14,99.5607
2016-01-15,99.5607
2016-01-18,99.5607
2016-01-19,99.5607
2016-01-20,99.5607
2016-01-21,99.5607
2016-01-22,99.5607
2016-01-25,99.5607
2016-01-26,99.5607
2016-01-27,99.5607
2016-01-28,99.5607
2016-01-29,99.5607
2016-02-01,99.0445
2016-02-02,99.0445
2016-02-03,99.0445
2016-02-04,99.0445
2016-02-05,99.0445
2016-02-08,99.0445
2016-02-09,99.0445
2016-02-10,99.0445
2016-02-11,99.0445
2016-02-12,99.0445
2016-02-15,99.0445
2016-02-16,99.0445
2016-02-17,99.0445
2016-02-18,99.0445
2016-02-19,99.0445
2016-02-22,99.0445
2016-02-23,99.0445
2016-02-24,99.0445
2016-02-25,99.0445
2016-02-26,99.0445
2016-02-29,99.0445
2016-03-01,98.3096
2016-03-02,98.3096
2016-03-03,98.3096
2016-03-04,98.3096
2016-03-07,98.3096
2016-03-08,98.3096
2016-03-09,98.3096
2016-03-10,98.3096
2016-03-11,98.3096
2016-03-14,98.3096
2016-03-15,98.3096
2016-03-16,98.3096
2016-03-17,98.3096
2016-03-18,98.3096
2016-03-21,98.3096
2016-03-22,98.3096
2016-03-23,98.3096
2016-03-24,98.3096
2016-03-25,98.3096
2016-03-28,98.3096
2016-03-29,98.3096
2016-03-30,98.3096
2016-03-31,98.3096
2016-04-01,98.6421
2016-04-04,98.6421
2016-04-05,98.6421
2016-04-06,98.6421
2016-04-07,98.6421
2016-04-08,98.6421
2016-04-11,98.6421
2016-04-12,98.6421
2016-04-13,98.6421
2016-04-14,98.6421
2016-04-15,98.6421
2016-04-18,98.6421
2016-04-19,98.6421
2016-04-20,98.6421
2016-04-21,98.6421
2016-04-22,98.6421
2016-04-25,98.6421
2016-04-26,98.6421
2016-04-27,98.6421
2016-04-28,98.6421
2016-04-29,98.6421
2016-05-01,98.4184
2016-05-02,98.4184
2016-05-03,98.4184
2016-05-04,98.4184
2016-05-05,98.4184
2016-05-06,98.4184
2016-05-09,98.4184
2016-05-10,98.4184
2016-05-11,98.4184
2016-05-12,98.4184
2016-05-13,98.4184
2016-05-16,98.4184
2016-05-17,98.4184
2016-05-18,98.4184
2016-05-19,98.4184
2016-05-20,98.4184
2016-05-23,98.4184
2016-05-24,98.4184
2016-05-25,98.4184
2016-05-26,98.4184
2016-05-27,98.4184
2016-05-30,98.4184
2016-05-31,98.4184
2016-06-01,98.8833
2016-06-02,98.8833
2016-06-03,98.8833
2016-06-06,98.8833
2016-06-07,98.8833
2016-06-08,98.8833
2016-06-09,98.8833
2016-06-10,98.8833
2016-06-13,98.8833
2016-06-14,98.8833
2016-06-15,98.8833
2016-06-16,98.8833
2016-06-17,98.8833
2016-06-20,98.8833
2016-06-21,98.8833
2016-06-22,98.8833
2016-06-23,98.8833
2016-06-24,98.8833
2016-06-27,98.8833
2016-06-28,98.8833
2016-06-29,98.8833
2016-06-30,98.8833
2016-07-01,98.9992
2016-07-04,98.9992
2016-07-05,98.9992
2016-07-06,98.9992
2016-07-07,98.9992
2016-07-08,98.9992
2016-07-11,98.9992
2016-07-12,98.9992
2016-07-13,98.9992
2016-07-14,98.9992
2016-07-15,98.9992
2016-07-18,98.9992
2016-07-19,98.9992
2016-07-20,98.9992
2016-07-21,98.9992
2016-07-22,98.9992
2016-07-25,98.9992
2016-07-26,98.9992
2016-07-27,98.9992
2016-07-28,98.9992
2016-07-29,98.9992
2016-08-01,98.85
2016-08-02,98.85
2016-08-03,98.85
2016-08-04,98.85
2016-08-05,98.85
2016-08-08,98.85
2016-08-09,98.85
2016-08-10,98.85
2016-08-11,98.85
2016-08-12,98.85
2016-08-15,98.85
2016-08-16,98.85
2016-08-17,98.85
2016-08-18,98.85
2016-08-19,98.85
2016-08-22,98.85
2016-08-23,98.85
2016-08-24,98.85
2016-08-25,98.85
2016-08-26,98.85
2016-08-29,98.85
2016-08-30,98.85
2016-08-31,98.85
2016-09-01,98.7457
2016-09-02,98.7457
2016-09-05,98.7457
2016-09-06,98.7457
2016-09-07,98.7457
2016-09-08,98.7457
2016-09-09,98.7457
2016-09-12,98.7457
2016-09-13,98.7457
2016-09-14,98.7457
2016-09-15,98.7457
2016-09-16,98.7457
2016-09-19,98.7457
2016-09-20,98.7457
2016-09-21,98.7457
2016-09-22,98.7457
2016-09-23,98.7457
2016-09-26,98.7457
2016-09-27,98.7457
2016-09-28,98.7457
2016-09-29,98.7457
2016-09-30,98.7457
2016-10-01,98.7611
2016-10-03,98.7611
2016-10-04,98.7611
2016-10-05,98.7611
2016-10-06,98.7611
2016-10-07,98.7611
2016-10-10,98.7611
2016-10-11,98.7611
2016-10-12,98.7611
2016-10-13,98.7611
2016-10-14,98.7611
2016-10-17,98.7611
2016-10-18,98.7611
2016-10-19,98.7611
2016-10-20,98.7611
2016-10-21,98.7611
2016-10-24,98.7611
2016-10-25,98.7611
2016-10-26,98.7611
2016-10-27,98.7611
2016-10-28,98.7611
2016-10-31,98.7611
2016-11-01,98.3491
2016-11-02,98.3491
2016-11-03,98.3491
2016-11-04,98.3491
2016-11-07,98.3491
2016-11-08,98.3491
2016-11-09,98.3491
2016-11-10,98.3491
2016-11-11,98.3491
2016-11-14,98.3491
2016-11-15,98.3491
2016-11-16,98.3491
2016-11-17,98.3491
2016-11-18,98.3491
2016-11-21,98.3491
2016-11-22,98.3491
2016-11-23,98.3491
2016-11-24,98.3491
2016-11-25,98.3491
2016-11-28,98.3491
2016-11-29,98.3491
2016-11-30,98.3491
2016-12-01,99.0214
2016-12-02,99.0214
2016-12-05,99.0214
2016-12-06,99.0214
2016-12-07,99.0214
2016-12-08,99.0214
2016-12-09,99.0214
2016-12-12,99.0214
2016-12-13,99.0214
2016-12-14,99.0214
2016-12-15,99.0214
2016-12-16,99.0214
2016-12-19,99.0214
2016-12-20,99.0214
2016-12-21,99.0214
2016-12-22,99.0214
2016-12-23,99.0214
2016-12-26,99.0214
2016-12-27,99.0214
2016-12-28,99.0214
2016-12-29,99.0214
2016-12-30,99.0214
2017-01-01,98.7611
2017-01-02,98.7611
2017-01-03,98.7611
2017-01-04,98.7611
2017-01-05,98.7611
2017-01-06,98.7611
2017-01-09,98.7611
2017-01-10,98.7611
2017-01-11,98.7611
2017-01-12,98.7611
2017-01-13,98.7611
2017-01-16,98.7611
2017-01-17,98.7611
2017-01-18,98.7611
2017-01-19,98.7611
2017-01-20,98.7611
2017-01-23,98.7611
2017-01-24,98.7611
2017-01-25,98.7611
2017-01-26,98.7611
2017-01-27,98.7611
2017-01-30,98.7611
2017-01-31,98.7611
2017-02-01,98.3646
2017-02-02,98.3646
2017-02-03,98.3646
2017-02-06,98.3646
2017-02-07,98.3646
2017-02-08,98.3646
2017-02-09,98.3646
2017-02-10,98.3646
2017-02-13,98.3646
2017-02-14,98.3646
2017-02-15,98.3646
2017-02-16,98.3646
2017-02-17,98.3646
2017-02-20,98.3646
2017-02-21,98.3646
2017-02-22,98.3646
2017-02-23,98.3646
2017-02-24,98.3646
2017-02-27,98.3646
2017-02-28,98.3646
2017-03-01,99.0137
2017-03-02,99.0137
2017-03-03,99.0137
2017-03-06,99.0137
2017-03-07,99.0137
2017-03-08,99.0137
2017-03-09,99.0137
2017-03-10,99.0137
2017-03-13,99.0137
2017-03-14,99.0137
2017-03-15,99.0137
2017-03-16,99.0137
2017-03-17,99.0137
2017-03-20,99.0137
2017-03-21,99.0137
2017-03-22,99.0137
2017-03-23,99.0137
2017-03-24,99.0137
2017-03-27,99.0137
2017-03-28,99.0137
2017-03-29,99.0137
2017-03-30,99.0137
2017-03-31,99.0137
2017-04-01,100.0224
2017-04-03,100.0224
2017-04-04,100.0224
2017-04-05,100.0224
2017-04-06,100.0224
2017-04-07,100.0224
2017-04-10,100.0224
2017-04-11,100.0224
2017-04-12,100.0224
2017-04-13,100.0224
2017-04-14,100.0224
2017-04-17,100.0224
2017-04-18,100.0224
2017-04-19,100.0224
2017-04-20,100.0224
2017-04-21,100.0224
2017-04-24,100.0224
2017-04-25,100.0224
2017-04-26,100.0224
2017-04-27,100.0224
2017-04-28,100.0224
2017-05-01,100.1408
2017-05-02,100.1408
2017-05-03,100.1408
2017-05-04,100.1408
2017-05-05,100.1408
2017-05-08,100.1408
2017-05-09,100.1408
2017-05-10,100.1408
2017-05-11,100.1408
2017-05-12,100.1408
2017-05-15,100.1408
2017-05-16,100.1408
2017-05-17,100.1408
2017-05-18,100.1408
2017-05-19,100.1408
2017-05-22,100.1408
2017-05-23,100.1408
2017-05-24,100.1408
2017-05-25,100.1408
2017-05-26,100.1408
2017-05-29,100.1408
2017-05-30,100.1408
2017-05-31,100.1408
2017-06-01,100.3471
2017-06-02,100.3471
2017-06-05,100.3471
2017-06-06,100.3471
2017-06-07,100.3471
2017-06-08,100.3471
2017-06-09,100.3471
2017-06-12,100.3471
2017-06-13,100.3471
2017-06-14,100.3471
2017-06-15,100.3471
2017-06-16,100.3471
2017-06-19,100.3471
2017-06-20,100.3471
2017-06-21,100.3471
2017-06-22,100.3471
2017-06-23,100.3471
2017-06-26,100.3471
2017-06-27,100.3471
2017-06-28,100.3471
2017-06-29,100.3471
2017-06-30,100.3471
2017-07-01,100.1068
2017-07-03,100.1068
2017-07-04,100.1068
2017-07-05,100.1068
2017-07-06,100.1068
2017-07-07,100.1068
2017-07-10,100.1068
2017-07-11,100.1068
2017-07-12,100.1068
2017-07-13,100.1068
2017-07-14,100.1068
2017-07-17,100.1068
2017-07-18,100.1068
2017-07-19,100.1068
2017-07-20,100.1068
2017-07-21,100.1068
2017-07-24,100.1068
2017-07-25,100.1068
2017-07-26,100.1068
2017-07-27,100.1068
2017-07-28,100.1068
2017-07-31,100.1068
2017-08-01,99.6925
2017-08-02,99.6925
2017-08-03,99.6925
2017-08-04,99.6925
2017-08-07,99.6925
2017-08-08,99.6925
2017-08-09,99.6925
2017-08-10,99.6925
2017-08-11,99.6925
2017-08-14,99.6925
2017-08-15,99.6925
2017-08-16,99.6925
2017-08-17,99.6925
2017-08-18,99.6925
2017-08-21,99.6925
2017-08-22,99.6925
2017-08-23,99.6925
2017-08-24,99.6925
2017-08-25,99.6925
2017-08-28,99.6925
2017-08-29,99.6925
2017-08-30,99.6925
2017-08-31,99.6925
2017-09-01,99.7954
2017-09-04,99.7954
2017-09-05,99.7954
2017-09-06,99.7954
2017-09-07,99.7954
2017-09-08,99.7954
2017-09-11,99.7954
2017-09-12,99.7954
2017-09-13,99.7954
2017-09-14,99.7954
2017-09-15,99.7954
2017-09-18,99.7954
2017-09-19,99.7954
2017-09-20,99.7954
2017-09-21,99.7954
2017-09-22,99.7954
2017-09-25,99.7954
2017-09-26,99.7954
2017-09-27,99.7954
2017-09-28,99.7954
2017-09-29,99.7954
2017-10-01,101.0247
2017-10-02,101.0247
2017-10-03,101.0247
2017-10-04,101.0247
2017-10-05,101.0247
2017-10-06,101.0247
2017-10-09,101.0247
2017-10-10,101.0247
2017-10-11,101.0247
2017-10-12,101.0247
2017-10-13,101.0247
2017-10-16,101.0247
2017-10-17,101.0247
2017-10-18,101.0247
2017-10-19,101.0247
2017-10-20,101.0247
2017-10-23,101.0247
2017-10-24,101.0247
2017-10-25,101.0247
2017-10-26,101.0247
2017-10-27,101.0247
2017-10-30,101.0247
2017-10-31,101.0247
2017-11-01,101.2664
2017-11-02,101.2664
2017-11-03,101.2664
2017-11-06,101.2664
2017-11-07,101.2664
2017-11-08,101.2664
2017-11-09,101.2664
2017-11-10,101.2664
2017-11-13,101.2664
2017-11-14,101.2664
2017-11-15,101.2664
2017-11-16,101.2664
2017-11-17,101.2664
2017-11-20,101.2664
2017-11-21,101.2664
2017-11-22,101.2664
2017-11-23,101.2664
2017-11-24,101.2664
2017-11-27,101.2664
2017-11-28,101.2664
2017-11-29,101.2664
2017-11-30,101.2664
2017-12-01,101.4644
2017-12-04,101.4644
2017-12-05,101.4644
2017-12-06,101.4644
2017-12-07,101.4644
2017-12-08,101.4644
2017-12-11,101.4644
2017-12-12,101.4644
2017-12-13,101.4644
2017-12-14,101.4644
2017-12-15,101.4644
2017-12-18,101.4644
2017-12-19,101.4644
2017-12-20,101.4644
2017-12-21,101.4644
2017-12-22,101.4644
2017-12-25,101.4644
2017-12-26,101.4644
2017-12-27,101.4644
2017-12-28,101.4644
2017-12-29,101.4644
2018-01-01,101.4625
2018-01-02,101.4625
2018-01-03,101.4625
2018-01-04,101.4625
2018-01-05,101.4625
2018-01-08,101.4625
2018-01-09,101.4625
2018-01-10,101.4625
2018-01-11,101.4625
2018-01-12,101.4625
2018-01-15,101.4625
2018-01-16,101.4625
2018-01-17,101.4625
2018-01-18,101.4625
2018-01-19,101.4625
2018-01-22,101.4625
2018-01-23,101.4625
2018-01-24,101.4625
2018-01-25,101.4625
2018-01-26,101.4625
2018-01-29,101.4625
2018-01-30,101.4625
2018-01-31,101.4625
2018-02-01,101.7085
2018-02-02,101.7085
2018-02-05,101.7085
2018-02-06,101.7085
2018-02-07,101.7085
2018-02-08,101.7085
2018-02-09,101.7085
2018-02-12,101.7085
2018-02-13,101.7085
2018-02-14,101.7085
2018-02-15,101.7085
2018-02-16,101.7085
2018-02-19,101.7085
2018-02-20,101.7085
2018-02-21,101.7085
2018-02-22,101.7085
2018-02-23,101.7085
2018-02-26,101.7085
2018-02-27,101.7085
2018-02-28,101.7085
2018-03-01,102.2067
2018-03-02,102.2067
2018-03-05,102.2067
2018-03-06,102.2067
2018-03-07,102.2067
2018-03-08,102.2067
2018-03-09,102.2067
2018-03-12,102.2067
2018-03-13,102.2067
2018-03-14,102.2067
2018-03-15,102.2067
2018-03-16,102.2067
2018-03-19,102.2067
2018-03-20,102.2067
2018-03-21,102.2067
2018-03-22,102.2067
2018-03-23,102.2067
2018-03-26,102.2067
2018-03-27,102.2067
2018-03-28,102.2067
2018-03-29,102.2067
2018-03-30,102.2067
2018-04-01,103.3329
2018-04-02,103.3329
2018-04-03,103.3329
2018-04-04,103.3329
2018-04-05,103.3329
2018-04-06,103.3329
2018-04-09,103.3329
2018-04-10,103.3329
2018-04-11,103.3329
2018-04-12,103.3329
2018-04-13,103.3329
2018-04-16,103.3329
2018-04-17,103.3329
2018-04-18,103.3329
2018-04-19,103.3329
2018-04-20,103.3329
2018-04-23,103.3329
2018-04-24,103.3329
2018-04-25,103.3329
2018-04-26,103.3329
2018-04-27,103.3329
2018-04-30,103.3329
2018-05-01,102.4024
2018-05-02,102.4024
2018-05-03,102.4024
2018-05-04,102.4024
2018-05-07,102.4024
2018-05-08,102.4024
2018-05-09,102.4024
2018-05-10,102.4024
2018-05-11,102.4024
2018-05-14,102.4024
2018-05-15,102.4024
2018-05-16,102.4024
2018-05-17,102.4024
2018-05-18,102.4024
2018-05-21,102.4024
2018-05-22,102.4024
2018-05-23,102.4024
2018-05-24,102.4024
2018-05-25,102.4024
2018-05-28,102.4024
2018-05-29,102.4024
2018-05-30,102.4024
2018-05-31,102.4024
2018-06-01,103.198
2018-06-04,103.198
2018-06-05,103.198
2018-06-06,103.198
2018-06-07,103.198
2018-06-08,103.198
2018-06-11,103.198
2018-06-12,103.198
2018-06-13,103.198
2018-06-14,103.198
2018-06-15,103.198
2018-06-18,103.198
2018-06-19,103.198
2018-06-20,103.198
2018-06-21,103.198
2018-06-22,103.198
2018-06-25,103.198
2018-06-26,103.198
2018-06-27,103.198
2018-06-28,103.198
2018-06-29,103.198
2018-07-01,103.3646
2018-07-02,103.3646
2018-07-03,103.3646
2018-07-04,103.3646
2018-07-05,103.3646
2018-07-06,103.3646
2018-07-09,103.3646
2018-07-10,103.3646
2018-07-11,103.3646
2018-07-12,103.3646
2018-07-13,103.3646
2018-07-16,103.3646
2018-07-17,103.3646
2018-07-18,103.3646
2018-07-19,103.3646
2018-07-20,103.3646
2018-07-23,103.3646
2018-07-24,103.3646
2018-07-25,103.3646
2018-07-26,103.3646
2018-07-27,103.3646
2018-07-30,103.3646
2018-07-31,103.3646
2018-08-01,104.0327
2018-08-02,104.0327
2018-08-03,104.0327
2018-08-06,104.0327
2018-08-07,104.0327
2018-08-08,104.0327
2018-08-09,104.0327
2018-08-10,104.0327
2018-08-13,104.0327
2018-08-14,104.0327
2018-08-15,104.0327
2018-08-16,104.0327
2018-08-17,104.0327
2018-08-20,104.0327
2018-08-21,104.0327
2018-08-22,104.0327
2018-08-23,104.0327
2018-08-24,104.0327
2018-08-27,104.0327
2018-08-28,104.0327
2018-08-29,104.0327
2018-08-30,104.0327
2018-08-31,104.0327
2018-09-01,104.1004
2018-09-03,104.1004
2018-09-04,104.1004
2018-09-05,104.1004
2018-09-06,104.1004
2018-09-07,104.1004
2018-09-10,104.1004
2018-09-11,104.1004
2018-09-12,104.1004
2018-09-13,104.1004
2018-09-14,104.1004
2018-09-17,104.1004
2018-09-18,104.1004
2018-09-19,104.1004
2018-09-20,104.1004
2018-09-21,104.1004
2018-09-24,104.1004
2018-09-25,104.1004
2018-09-26,104.1004
2018-09-27,104.1004
2018-09-28,104.1004
2018-10-01,103.9856
2018-10-02,103.9856
2018-10-03,103.9856
2018-10-04,103.9856
2018-10-05,103.9856
2018-10-08,103.9856
2018-10-09,103.9856
2018-10-10,103.9856
2018-10-11,103.9856
2018-10-12,103.9856
2018-10-15,103.9856
2018-10-16,103.9856
2018-10-17,103.9856
2018-10-18,103.9856
2018-10-19,103.9856
2018-10-22,103.9856
2018-10-23,103.9856
2018-10-24,103.9856
2018-10-25,103.9856
2018-10-26,103.9856
2018-10-29,103.9856
2018-10-30,103.9856
2018-10-31,103.9856
2018-11-01,104.0681
2018-11-02,104.0681
2018-11-05,104.0681
2018-11-06,104.0681
2018-11-07,104.0681
2018-11-08,104.0681
2018-11-09,104.0681
2018-11-12,104.0681
2018-11-13,104.0681
2018-11-14,104.0681
2018-11-15,104.0681
2018-11-16,104.0681
2018-11-19,104.0681
2018-11-20,104.0681
2018-11-21,104.0681
2018-11-22,104.0681
2018-11-23,104.0681
2018-11-26,104.0681
2018-11-27,104.0681
2018-11-28,104.0681
2018-11-29,104.0681
2018-11-30,104.0681
2018-12-01,104.0936
2018-12-03,104.0936
2018-12-04,104.0936
2018-12-05,104.0936
2018-12-06,104.0936
2018-12-07,104.0936
2018-12-10,104.0936
2018-12-11,104.0936
2018-12-12,104.0936
2018-12-13,104.0936
2018-12-14,104.0936
2018-12-17,104.0936
2018-12-18,104.0936
2018-12-19,104.0936
2018-12-20,104.0936
2018-12-21,104.0936
2018-12-24,104.0936
2018-12-25,104.0936
2018-12-26,104.0936
2018-12-27,104.0936
2018-12-28,104.0936
2018-12-31,104.0936
2019-01-01,103.4021
2019-01-02,103.4021
2019-01-03,103.4021
2019-01-04,103.4021
2019-01-07,103.4021
2019-01-08,103.4021
2019-01-09,103.4021
2019-01-10,103.4021
2019-01-11,103.4021
2019-01-14,103.4021
2019-01-15,103.4021
2019-01-16,103.4021
2019-01-17,103.4021
2019-01-18,103.4021
2019-01-21,103.4021
2019-01-22,103.4021
2019-01-23,103.4021
2019-01-24,103.4021
2019-01-25,103.4021
2019-01-28,103.4021
2019-01-29,103.4021
2019-01-30,103.4021
2019-01-31,103.4021
2019-02-01,102.8371
2019-02-04,102.8371
2019-02-05,102.8371
2019-02-06,102.8371
2019-02-07,102.8371
2019-02-08,102.8371
2019-02-11,102.8371
2019-02-12,102.8371
2019-02-13,102.8371
2019-02-14,102.8371
2019-02-15,102.8371
2019-02-18,102.8371
2019-02-19,102.8371
2019-02-20,102.8371
2019-02-21,102.8371
2019-02-22,102.8371
2019-02-25,102.8371
2019-02-26,102.8371
2019-02-27,102.8371
2019-02-28,102.8371
2019-03-01,102.8757
2019-03-04,102.8757
2019-03-05,102.8757
2019-03-06,102.8757
2019-03-07,102.8757
2019-03-08,102.8757
2019-03-11,102.8757
2019-03-12,102.8757
2019-03-13,102.8757
2019-03-14,102.8757
2019-03-15,102.8757
2019-03-18,102.8757
2019-03-19,102.8757
2019-03-20,102.8757
2019-03-21,102.8757
2019-03-22,102.8757
2019-03-25,102.8757
2019-03-26,102.8757
2019-03-27,102.8757
2019-03-28,102.8757
2019-03-29,102.8757
2019-04-01,102.274
2019-04-02,102.274
2019-04-03,102.274
2019-04-04,102.274
2019-04-05,102.274
2019-04-08,102.274
2019-04-09,102.274
2019-04-10,102.274
2019-04-11,102.274
2019-04-12,102.274
2019-04-15,102.274
2019-04-16,102.274
2019-04-17,102.274
2019-04-18,102.274
2019-04-19,102.274
2019-04-22,102.274
2019-04-23,102.274
2019-04-24,102.274
2019-04-25,102.274
2019-04-26,102.274
2019-04-29,102.274
2019-04-30,102.274
2019-05-01,102.392
2019-05-02,102.392
2019-05-03,102.392
2019-05-06,102.392
2019-05-07,102.392
2019-05-08,102.392
2019-05-09,102.392
2019-05-10,102.392
2019-05-13,102.392
2019-05-14,102.392
2019-05-15,102.392
2019-05-16,102.392
2019-05-17,102.392
2019-05-20,102.392
2019-05-21,102.392
2019-05-22,102.392
2019-05-23,102.392
2019-05-24,102.392
2019-05-27,102.392
2019-05-28,102.392
2019-05-29,102.392
2019-05-30,102.392
2019-05-31,102.392
2019-06-01,102.4375
2019-06-03,102.4375
2019-06-04,102.4375
2019-06-05,102.4375
2019-06-06,102.4375
2019-06-07,102.4375
2019-06-10,102.4375
2019-06-11,102.4375
2019-06-12,102.4375
2019-06-13,102.4375
2019-06-14,102.4375
2019-06-17,102.4375
2019-06-18,102.4375
2019-06-19,102.4375
2019-06-20,102.4375
2019-06-21,102.4375
2019-06-24,102.4375
2019-06-25,102.4375
2019-06-26,102.4375
2019-06-27,102.4375
2019-06-28,102.4375
2019-07-01,101.9408
2019-07-02,101.9408
2019-07-03,101.9408
2019-07-04,101.9408
2019-07-05,101.9408
2019-07-08,101.9408
2019-07-09,101.9408
2019-07-10,101.9408
2019-07-11,101.9408
2019-07-12,101.9408
2019-07-15,101.9408
2019-07-16,101.9408
2019-07-17,101.9408
2019-07-18,101.9408
2019-07-19,101.9408
2019-07-22,101.9408
2019-07-23,101.9408
2019-07-24,101.9408
2019-07-25,101.9408
2019-07-26,101.9408
2019-07-29,101.9408
2019-07-30,101.9408
2019-07-31,101.9408
2019-08-01,102.639
2019-08-02,102.639
2019-08-05,102.639
2019-08-06,102.639
2019-08-07,102.639
2019-08-08,102.639
2019-08-09,102.639
2019-08-12,102.639
2019-08-13,102.639
2019-08-14,102.639
2019-08-15,102.639
2019-08-16,102.639
2019-08-19,102.639
2019-08-20,102.639
2019-08-21,102.639
2019-08-22,102.639
2019-08-23,102.639
2019-08-26,102.639
2019-08-27,102.639
2019-08-28,102.639
2019-08-29,102.639
2019-08-30,102.639
2019-09-01,102.2917
2019-09-02,102.2917
2019-09-03,102.2917
2019-09-04,102.2917
2019-09-05,102.2917
2019-09-06,102.2917
2019-09-09,102.2917
2019-09-10,102.2917
2019-09-11,102.2917
2019-09-12,102.2917
2019-09-13,102.2917
2019-09-16,102.2917
2019-09-17,102.2917
2019-09-18,102.2917
2019-09-19,102.2917
2019-09-20,102.2917
2019-09-23,102.2917
2019-09-24,102.2917
2019-09-25,102.2917
2019-09-26,102.2917
2019-09-27,102.2917
2019-09-30,102.2917
2019-10-01,101.4281
2019-10-02,101.4281
2019-10-03,101.4281
2019-10-04,101.4281
2019-10-07,101.4281
2019-10-08,101.4281
2019-10-09,101.4281
2019-10-10,101.4281
2019-10-11,101.4281
2019-10-14,101.4281
2019-10-15,101.4281
2019-10-16,101.4281
2019-10-17,101.4281
2019-10-18,101.4281
2019-10-21,101.4281
2019-10-22,101.4281
2019-10-23,101.4281
2019-10-24,101.4281
2019-10-25,101.4281
2019-10-28,101.4281
2019-10-29,101.4281
2019-10-30,101.4281
2019-10-31,101.4281
2019-11-01,101.9372
2019-11-04,101.9372
2019-11-05,101.9372
2019-11-06,101.9372
2019-11-07,101.9372
2019-11-08,101.9372
2019-11-11,101.9372
2019-11-12,101.9372
2019-11-13,101.9372
2019-11-14,101.9372
2019-11-15,101.9372
2019-11-18,101.9372
2019-11-19,101.9372
2019-11-20,101.9372
2019-11-21,101.9372
2019-11-22,101.9372
2019-11-25,101.9372
2019-11-26,101.9372
2019-11-27,101.9372
2019-11-28,101.9372
2019-11-29,101.9372
2019-12-01,101.7003
2019-12-02,101.7003
2019-12-03,101.7003
2019-12-04,101.7003
2019-12-05,101.7003
2019-12-06,101.7003
2019-12-09,101.7003
2019-12-10,101.7003
2019-12-11,101.7003
2019-12-12,101.7003
2019-12-13,101.7003
2019-12-16,101.7003
2019-12-17,101.7003
2019-12-18,101.7003
2019-12-19,101.7003
2019-12-20,101.7003
2019-12-23,101.7003
2019-12-24,101.7003
2019-12-25,101.7003
2019-12-26,101.7003
2019-12-27,101.7003
2019-12-30,101.7003
2019-12-31,101.7003
2020-01-01,101.0338
2020-01-02,101.0338
2020-01-03,101.0338
2020-01-06,101.0338
2020-01-07,101.0338
2020-01-08,101.0338
2020-01-09,101.0338
2020-01-10,101.0338
2020-01-13,101.0338
2020-01-14,101.0338
2020-01-15,101.0338
2020-01-16,101.0338
2020-01-17,101.0338
2020-01-20,101.0338
2020-01-21,101.0338
2020-01-22,101.0338
2020-01-23,101.0338
2020-01-24,101.0338
2020-01-27,101.0338
2020-01-28,101.0338
2020-01-29,101.0338
2020-01-30,101.0338
2020-01-31,101.0338
2020-02-01,101.3735
2020-02-03,101.3735
2020-02-04,101.3735
2020-02-05,101.3735
2020-02-06,101.3735
2020-02-07,101.3735
2020-02-10,101.3735
2020-02-11,101.3735
2020-02-12,101.3735
2020-02-13,101.3735
2020-02-14,101.3735
2020-02-17,101.3735
2020-02-18,101.3735
2020-02-19,101.3735
2020-02-20,101.3735
2020-02-21,101.3735
2020-02-24,101.3735
2020-02-25,101.3735
2020-02-26,101.3735
2020-02-27,101.3735
2020-02-28,101.3735
2020-03-01,97.4078
2020-03-02,97.4078
2020-03-03,97.4078
2020-03-04,97.4078
2020-03-05,97.4078
2020-03-06,97.4078
2020-03-09,97.4078
2020-03-10,97.4078
2020-03-11,97.4078
2020-03-12,97.4078
2020-03-13,97.4078
2020-03-16,97.4078
2020-03-17,97.4078
2020-03-18,97.4078
2020-03-19,97.4078
2020-03-20,97.4078
2020-03-23,97.4078
2020-03-24,97.4078
2020-03-25,97.4078
2020-03-26,97.4078
2020-03-27,97.4078
2020-03-30,97.4078
2020-03-31,97.4078
2020-04-01,84.5619
2020-04-02,84.5619
2020-04-03,84.5619
2020-04-06,84.5619
2020-04-07,84.5619
2020-04-08,84.5619
2020-04-09,84.5619
2020-04-10,84.5619
2020-04-13,84.5619
2020-04-14,84.5619
2020-04-15,84.5619
2020-04-16,84.5619
2020-04-17,84.5619
2020-04-20,84.5619
2020-04-21,84.5619
2020-04-22,84.5619
2020-04-23,84.5619
2020-04-24,84.5619
2020-04-27,84.5619
2020-04-28,84.5619
2020-04-29,84.5619
2020-04-30,84.5619
2020-05-01,85.9604
2020-05-04,85.9604
2020-05-05,85.9604
2020-05-06,85.9604
2020-05-07,85.9604
2020-05-08,85.9604
2020-05-11,85.9604
2020-05-12,85.9604
2020-05-13,85.9604
2020-05-14,85.9604
2020-05-15,85.9604
2020-05-18,85.9604
2020-05-19,85.9604
2020-05-20,85.9604
2020-05-21,85.9604
2020-05-22,85.9604
2020-05-25,85.9604
2020-05-26,85.9604
2020-05-27,85.9604
2020-05-28,85.9604
2020-05-29,85.9604
2020-06-01,91.5934
2020-06-02,91.5934
2020-06-03,91.5934
2020-06-04,91.5934
2020-06-05,91.5934
2020-06-08,91.5934
2020-06-09,91.5934
2020-06-10,91.5934
2020-06-11,91.5934
2020-06-12,91.5934
2020-06-15,91.5934
2020-06-16,91.5934
2020-06-17,91.5934
2020-06-18,91.5934
2020-06-19,91.5934
2020-06-22,91.5934
2020-06-23,91.5934
2020-06-24,91.5934
2020-06-25,91.5934
2020-06-26,91.5934
2020-06-29,91.5934
2020-06-30,91.5934
2020-07-01,95.0256
2020-07-02,95.0256
2020-07-03,95.0256
2020-07-06,95.0256
2020-07-07,95.0256
2020-07-08,95.0256
2020-07-09,95.0256
2020-07-10,95.0256
2020-07-13,95.0256
2020-07-14,95.0256
2020-07-15,95.0256
2020-07-16,95.0256
2020-07-17,95.0256
2020-07-20,95.0256
2020-07-21,95.0256
2020-07-22,95.0256
2020-07-23,95.0256
2020-07-24,95.0256
2020-07-27,95.0256
2020-07-28,95.0256
2020-07-29,95.0256
2020-07-30,95.0256
2020-07-31,95.0256
2020-08-01,95.9549
2020-08-03,95.9549
2020-08-04,95.9549
2020-08-05,95.9549
2020-08-06,95.9549
2020-08-07,95.9549
2020-08-10,95.9549
2020-08-11,95.9549
2020-08-12,95.9549
2020-08-13,95.9549
2020-08-14,95.9549
2020-08-17,95.9549
2020-08-18,95.9549
2020-08-19,95.9549
2020-08-20,95.9549
2020-08-21,95.9549
2020-08-24,95.9549
2020-08-25,95.9549
2020-08-26,95.9549
2020-08-27,95.9549
2020-08-28,95.9549
2020-08-31,95.9549
2020-09-01,95.9669
2020-09-02,95.9669
2020-09-03,95.9669
2020-09-04,95.9669
2020-09-07,95.9669
2020-09-08,95.9669
2020-09-09,95.9669
2020-09-10,95.9669
2020-09-11,95.9669
2020-09-14,95.9669
2020-09-15,95.9669
2020-09-16,95.9669
2020-09-17,95.9669
2020-09-18,95.9669
2020-09-21,95.9669
2020-09-22,95.9669
2020-09-23,95.9669
2020-09-24,95.9669
2020-09-25,95.9669
2020-09-28,95.9669
2020-09-29,95.9669
2020-09-30,95.9669
2020-10-01,96.7394
2020-10-02,96.7394
2020-10-05,96.7394
2020-10-06,96.7394
2020-10-07,96.7394
2020-10-08,96.7394
2020-10-09,96.7394
2020-10-12,96.7394
2020-10-13,96.7394
2020-10-14,96.7394
2020-10-15,96.7394
2020-10-16,96.7394
2020-10-19,96.7394
2020-10-20,96.7394
2020-10-21,96.7394
2020-10-22,96.7394
2020-10-23,96.7394
2020-10-26,96.7394
2020-10-27,96.7394
2020-10-28,96.7394
2020-10-29,96.7394
2020-10-30,96.7394
2020-11-01,97.0816
2020-11-02,97.0816
2020-11-03,97.0816
2020-11-04,97.0816
2020-11-05,97.0816
2020-11-06,97.0816
2020-11-09,97.0816
2020-11-10,97.0816
2020-11-11,97.0816
2020-11-12,97.0816
2020-11-13,97.0816
2020-11-16,97.0816
2020-11-17,97.0816
2020-11-18,97.0816
2020-11-19,97.0816
2020-11-20,97.0816
2020-11-23,97.0816
2020-11-24,97.0816
2020-11-25,97.0816
2020-11-26,97.0816
2020-11-27,97.0816
2020-11-30,97.0816
2020-12-01,98.363
2020-12-02,98.363
2020-12-03,98.363
2020-12-04,98.363
2020-12-07,98.363
2020-12-08,98.363
2020-12-09,98.363
2020-12-10,98.363
2020-12-11,98.363
2020-12-14,98.363
2020-12-15,98.363
2020-12-16,98.363
2020-12-17,98.363
2020-12-18,98.363
2020-12-21,98.363
2020-12-22,98.363
2020-12-23,98.363
2020-12-24,98.363
2020-12-25,98.363
2020-12-28,98.363
2020-12-29,98.363
2020-12-30,98.363
2020-12-31,98.363
2021-01-01,98.8822
2021-01-04,98.8822
2021-01-05,98.8822
2021-01-06,98.8822
2021-01-07,98.8822
2021-01-08,98.8822
2021-01-11,98.8822
2021-01-12,98.8822
2021-01-13,98.8822
2021-01-14,98.8822
2021-01-15,98.8822
2021-01-18,98.8822
2021-01-19,98.8822
2021-01-20,98.8822
2021-01-21,98.8822
2021-01-22,98.8822
2021-01-25,98.8822
2021-01-26,98.8822
2021-01-27,98.8822
2021-01-28,98.8822
2021-01-29,98.8822
2021-02-01,95.6149
2021-02-02,95.6149
2021-02-03,95.6149
2021-02-04,95.6149
2021-02-05,95.6149
2021-02-08,95.6149
2021-02-09,95.6149
2021-02-10,95.6149
2021-02-11,95.6149
2021-02-12,95.6149
2021-02-15,95.6149
2021-02-16,95.6149
2021-02-17,95.6149
2021-02-18,95.6149
2021-02-19,95.6149
2021-02-22,95.6149
2021-02-23,95.6149
2021-02-24,95.6149
2021-02-25,95.6149
2021-02-26,95.6149
2021-03-01,98.3856
2021-03-02,98.3856
2021-03-03,98.3856
2021-03-04,98.3856
2021-03-05,98.3856
2021-03-08,98.3856
2021-03-09,98.3856
2021-03-10,98.3856
2021-03-11,98.3856
2021-03-12,98.3856
2021-03-15,98.3856
2021-03-16,98.3856
2021-03-17,98.3856
2021-03-18,98.3856
2021-03-19,98.3856
2021-03-22,98.3856
2021-03-23,98.3856
2021-03-24,98.3856
2021-03-25,98.3856
2021-03-26,98.3856
2021-03-29,98.3856
2021-03-30,98.3856
2021-03-31,98.3856
2021-04-01,98.5587
2021-04-02,98.5587
2021-04-05,98.5587
2021-04-06,98.5587
2021-04-07,98.5587
2021-04-08,98.5587
2021-04-09,98.5587
2021-04-12,98.5587
2021-04-13,98.5587
2021-04-14,98.5587
2021-04-15,98.5587
2021-04-16,98.5587
2021-04-19,98.5587
2021-04-20,98.5587
2021-04-21,98.5587
2021-04-22,98.5587
2021-04-23,98.5587
2021-04-26,98.5587
2021-04-27,98.5587
2021-04-28,98.5587
2021-04-29,98.5587
2021-04-30,98.5587
2021-05-01,99.4333
2021-05-03,99.4333
2021-05-04,99.4333
2021-05-05,99.4333
2021-05-06,99.4333
2021-05-07,99.4333
2021-05-10,99.4333
2021-05-11,99.4333
2021-05-12,99.4333
2021-05-13,99.4333
2021-05-14,99.4333
2021-05-17,99.4333
2021-05-18,99.4333
2021-05-19,99.4333
2021-05-20,99.4333
2021-05-21,99.4333
2021-05-24,99.4333
2021-05-25,99.4333
2021-05-26,99.4333
2021-05-27,99.4333
2021-05-28,99.4333
2021-05-31,99.4333
2021-06-01,99.7987
2021-06-02,99.7987
2021-06-03,99.7987
2021-06-04,99.7987
2021-06-07,99.7987
2021-06-08,99.7987
2021-06-09,99.7987
2021-06-10,99.7987
2021-06-11,99.7987
2021-06-14,99.7987
2021-06-15,99.7987
2021-06-16,99.7987
2021-06-17,99.7987
2021-06-18,99.7987
2021-06-21,99.7987
2021-06-22,99.7987
2021-06-23,99.7987
2021-06-24,99.7987
2021-06-25,99.7987
2021-06-28,99.7987
2021-06-29,99.7987
2021-06-30,99.7987
2021-07-01,100.2519
2021-07-02,100.2519
2021-07-05,100.2519
2021-07-06,100.2519
2021-07-07,100.2519
2021-07-08,100.2519
2021-07-09,100.2519
2021-07-12,100.2519
2021-07-13,100.2519
2021-07-14,100.2519
2021-07-15,100.2519
2021-07-16,100.2519
2021-07-19,100.2519
2021-07-20,100.2519
2021-07-21,100.2519
2021-07-22,100.2519
2021-07-23,100.2519
2021-07-26,100.2519
2021-07-27,100.2519
2021-07-28,100.2519
2021-07-29,100.2519
2021-07-30,100.2519
2021-08-01,100.0437
2021-08-02,100.0437
2021-08-03,100.0437
2021-08-04,100.0437
2021-08-05,100.0437
2021-08-06,100.0437
2021-08-09,100.0437
2021-08-10,100.0437
2021-08-11,100.0437
2021-08-12,100.0437
2021-08-13,100.0437
2021-08-16,100.0437
2021-08-17,100.0437
2021-08-18,100.0437
2021-08-19,100.0437
2021-08-20,100.0437
2021-08-23,100.0437
2021-08-24,100.0437
2021-08-25,100.0437
2021-08-26,100.0437
2021-08-27,100.0437
2021-08-30,100.0437
2021-08-31,100.0437
2021-09-01,98.8579
2021-09-02,98.8579
2021-09-03,98.8579
2021-09-06,98.8579
2021-09-07,98.8579
2021-09-08,98.8579
2021-09-09,98.8579
2021-09-10,98.8579
2021-09-13,98.8579
2021-09-14,98.8579
2021-09-15,98.8579
2021-09-16,98.8579
2021-09-17,98.8579
2021-09-20,98.8579
2021-09-21,98.8579
2021-09-22,98.8579
2021-09-23,98.8579
2021-09-24,98.8579
2021-09-27,98.8579
2021-09-28,98.8579
2021-09-29,98.8579
2021-09-30,98.8579
2021-10-01,100.1861
2021-10-04,100.1861
2021-10-05,100.1861
2021-10-06,100.1861
2021-10-07,100.1861
2021-10-08,100.1861
2021-10-11,100.1861
2021-10-12,100.1861
2021-10-13,100.1861
2021-10-14,100.1861
2021-10-15,100.1861
2021-10-18,100.1861
2021-10-19,100.1861
2021-10-20,100.1861
2021-10-21,100.1861
2021-10-22,100.1861
2021-10-25,100.1861
2021-10-26,100.1861
2021-10-27,100.1861
2021-10-28,100.1861
2021-10-29,100.1861
2021-11-01,100.8654
2021-11-02,100.8654
2021-11-03,100.8654
2021-11-04,100.8654
2021-11-05,100.8654
2021-11-08,100.8654
2021-11-09,100.8654
2021-11-10,100.8654
2021-11-11,100.8654
2021-11-12,100.8654
2021-11-15,100.8654
2021-11-16,100.8654
2021-11-17,100.8654
2021-11-18,100.8654
2021-11-19,100.8654
2021-11-22,100.8654
2021-11-23,100.8654
2021-11-24,100.8654
2021-11-25,100.8654
2021-11-26,100.8654
2021-11-29,100.8654
2021-11-30,100.8654
2021-12-01,100.5726
2021-12-02,100.5726
2021-12-03,100.5726
2021-12-06,100.5726
2021-12-07,100.5726
2021-12-08,100.5726
2021-12-09,100.5726
2021-12-10,100.5726
2021-12-13,100.5726
2021-12-14,100.5726
2021-12-15,100.5726
2021-12-16,100.5726
2021-12-17,100.5726
2021-12-20,100.5726
2021-12-21,100.5726
2021-12-22,100.5726
2021-12-23,100.5726
2021-12-24,100.5726
2021-12-27,100.5726
2021-12-28,100.5726
2021-12-29,100.5726
2021-12-30,100.5726
2021-12-31,100.5726
2022-01-01,100.1856
2022-01-03,100.1856
2022-01-04,100.1856
2022-01-05,100.1856
2022-01-06,100.1856
2022-01-07,100.1856
2022-01-10,100.1856
2022-01-11,100.1856
2022-01-12,100.1856
2022-01-13,100.1856
2022-01-14,100.1856
2022-01-17,100.1856
2022-01-18,100.1856
2022-01-19,100.1856
2022-01-20,100.1856
2022-01-21,100.1856
2022-01-24,100.1856
2022-01-25,100.1856
2022-01-26,100.1856
2022-01-27,100.1856
2022-01-28,100.1856
2022-01-31,100.1856
2022-02-01,100.8064
2022-02-02,100.8064
2022-02-03,100.8064
2022-02-04,100.8064
2022-02-07,100.8064
2022-02-08,100.8064
2022-02-09,100.8064
2022-02-10,100.8064
2022-02-11,100.8064
2022-02-14,100.8064
2022-02-15,100.8064
2022-02-16,100.8064
2022-02-17,100.8064
2022-02-18,100.8064
2022-02-21,100.8064
2022-02-22,100.8064
2022-02-23,100.8064
2022-02-24,100.8064
2022-02-25,100.8064
2022-02-28,100.8064
2022-03-01,101.3907
2022-03-02,101.3907
2022-03-03,101.3907
2022-03-04,101.3907
2022-03-07,101.3907
2022-03-08,101.3907
2022-03-09,101.3907
2022-03-10,101.3907
2022-03-11,101.3907
2022-03-14,101.3907
2022-03-15,101.3907
2022-03-16,101.3907
2022-03-17,101.3907
2022-03-18,101.3907
2022-03-21,101.3907
2022-03-22,101.3907
2022-03-23,101.3907
2022-03-24,101.3907
2022-03-25,101.3907
2022-03-28,101.3907
2022-03-29,101.3907
2022-03-30,101.3907
2022-03-31,101.3907
2022-04-01,101.44
2022-04-04,101.44
2022-04-05,101.44
2022-04-06,101.44
2022-04-07,101.44
2022-04-08,101.44
2022-04-11,101.44
2022-04-12,101.44
2022-04-13,101.44
2022-04-14,101.44
2022-04-15,101.44
2022-04-18,101.44
2022-04-19,101.44
2022-04-20,101.44
2022-04-21,101.44
2022-04-22,101.44
2022-04-25,101.44
2022-04-26,101.44
2022-04-27,101.44
2022-04-28,101.44
2022-04-29,101.44
2022-05-01,101.3335
2022-05-02,101.3335
2022-05-03,101.3335
2022-05-04,101.3335
2022-05-05,101.3335
2022-05-06,101.3335
2022-05-09,101.3335
2022-05-10,101.3335
2022-05-11,101.3335
2022-05-12,101.3335
2022-05-13,101.3335
2022-05-16,101.3335
2022-05-17,101.3335
2022-05-18,101.3335
2022-05-19,101.3335
2022-05-20,101.3335
2022-05-23,101.3335
2022-05-24,101.3335
2022-05-25,101.3335
2022-05-26,101.3335
2022-05-27,101.3335
2022-05-30,101.3335
2022-05-31,101.3335
2022-06-01,101.018
2022-06-02,101.018
2022-06-03,101.018
2022-06-06,101.018
2022-06-07,101.018
2022-06-08,101.018
2022-06-09,101.018
2022-06-10,101.018
2022-06-13,101.018
2022-06-14,101.018
2022-06-15,101.018
2022-06-16,101.018
2022-06-17,101.018
2022-06-20,101.018
2022-06-21,101.018
2022-06-22,101.018
2022-06-23,101.018
2022-06-24,101.018
2022-06-27,101.018
2022-06-28,101.018
2022-06-29,101.018
2022-06-30,101.018
2022-07-01,101.223
2022-07-04,101.223
2022-07-05,101.223
2022-07-06,101.223
2022-07-07,101.223
2022-07-08,101.223
2022-07-11,101.223
2022-07-12,101.223
2022-07-13,101.223
2022-07-14,101.223
2022-07-15,101.223
2022-07-18,101.223
2022-07-19,101.223
2022-07-20,101.223
2022-07-21,101.223
2022-07-22,101.223
2022-07-25,101.223
2022-07-26,101.223
2022-07-27,101.223
2022-07-28,101.223
2022-07-29,101.223
2022-08-01,101.0963
2022-08-02,101.0963
2022-08-03,101.0963
2022-08-04,101.0963
2022-08-05,101.0963
2022-08-08,101.0963
2022-08-09,101.0963
2022-08-10,101.0963
2022-08-11,101.0963
2022-08-12,101.0963
2022-08-15,101.0963
2022-08-16,101.0963
2022-08-17,101.0963
2022-08-18,101.0963
2022-08-19,101.0963
2022-08-22,101.0963
2022-08-23,101.0963
2022-08-24,101.0963
2022-08-25,101.0963
2022-08-26,101.0963
2022-08-29,101.0963
2022-08-30,101.0963
2022-08-31,101.0963
2022-09-01,101.2918
2022-09-02,101.2918
2022-09-05,101.2918
2022-09-06,101.2918
2022-09-07,101.2918
2022-09-08,101.2918
2022-09-09,101.2918
2022-09-12,101.2918
2022-09-13,101.2918
2022-09-14,101.2918
2022-09-15,101.2918
2022-09-16,101.2918
2022-09-19,101.2918
2022-09-20,101.2918
2022-09-21,101.2918
2022-09-22,101.2918
2022-09-23,101.2918
2022-09-26,101.2918
2022-09-27,101.2918
2022-09-28,101.2918
2022-09-29,101.2918
2022-09-30,101.2918
2022-10-01,101.2529
2022-10-03,101.2529
2022-10-04,101.2529
2022-10-05,101.2529
2022-10-06,101.2529
2022-10-07,101.2529
2022-10-10,101.2529
2022-10-11,101.2529
2022-10-12,101.2529
2022-10-13,101.2529
2022-10-14,101.2529
2022-10-17,101.2529
2022-10-18,101.2529
2022-10-19,101.2529
2022-10-20,101.2529
2022-10-21,101.2529
2022-10-24,101.2529
2022-10-25,101.2529
2022-10-26,101.2529
2022-10-27,101.2529
2022-10-28,101.2529
2022-10-31,101.2529
2022-11-01,100.9552
2022-11-02,100.9552
2022-11-03,100.9552
2022-11-04,100.9552
2022-11-07,100.9552
2022-11-08,100.9552
2022-11-09,100.9552
2022-11-10,100.9552
2022-11-11,100.9552
2022-11-14,100.9552
2022-11-15,100.9552
2022-11-16,100.9552
2022-11-17,100.9552
2022-11-18,100.9552
2022-11-21,100.9552
2022-11-22,100.9552
2022-11-23,100.9552
2022-11-24,100.9552
2022-11-25,100.9552
2022-11-28,100.9552
2022-11-29,100.9552
2022-11-30,100.9552
2022-12-01,99.7664
2022-12-02,99.7664
2022-12-05,99.7664
2022-12-06,99.7664
2022-12-07,99.7664
2022-12-08,99.7664
2022-12-09,99.7664
2022-12-12,99.7664
2022-12-13,99.7664
2022-12-14,99.7664
2022-12-15,99.7664
2022-12-16,99.7664
2022-12-19,99.7664
2022-12-20,99.7664
2022-12-21,99.7664
2022-12-22,99.7664
2022-12-23,99.7664
2022-12-26,99.7664
2022-12-27,99.7664
2022-12-28,99.7664
2022-12-29,99.7664
2022-12-30,99.7664
2023-01-01,100.505
2023-01-02,100.505
2023-01-03,100.505
2023-01-04,100.505
2023-01-05,100.505
2023-01-06,100.505
2023-01-09,100.505
2023-01-10,100.505
2023-01-11,100.505
2023-01-12,100.505
2023-01-13,100.505
2023-01-16,100.505
2023-01-17,100.505
2023-01-18,100.505
2023-01-19,100.505
2023-01-20,100.505
2023-01-23,100.505
2023-01-24,100.505
2023-01-25,100.505
2023-01-26,100.505
2023-01-27,100.505
2023-01-30,100.505
2023-01-31,100.505
2023-02-01,100.6416
2023-02-02,100.6416
2023-02-03,100.6416
2023-02-06,100.6416
2023-02-07,100.6416
2023-02-08,100.6416
2023-02-09,100.6416
2023-02-10,100.6416
2023-02-13,100.6416
2023-02-14,100.6416
2023-02-15,100.6416
2023-02-16,100.6416
2023-02-17,100.6416
2023-02-20,100.6416
2023-02-21,100.6416
2023-02-22,100.6416
2023-02-23,100.6416
2023-02-24,100.6416
2023-02-27,100.6416
2023-02-28,100.6416
2023-03-01,101.0205
2023-03-02,101.0205
2023-03-03,101.0205
2023-03-06,101.0205
2023-03-07,101.0205
2023-03-08,101.0205
2023-03-09,101.0205
2023-03-10,101.0205
2023-03-13,101.0205
2023-03-14,101.0205
2023-03-15,101.0205
2023-03-16,101.0205
2023-03-17,101.0205
2023-03-20,101.0205
2023-03-21,101.0205
2023-03-22,101.0205
2023-03-23,101.0205
2023-03-24,101.0205
2023-03-27,101.0205
2023-03-28,101.0205
2023-03-29,101.0205
2023-03-30,101.0205
2023-03-31,101.0205
2023-04-01,101.253
2023-04-03,101.253
2023-04-04,101.253
2023-04-05,101.253
2023-04-06,101.253
2023-04-07,101.253
2023-04-10,101.253
2023-04-11,101.253
2023-04-12,101.253
2023-04-13,101.253
2023-04-14,101.253
2023-04-17,101.253
2023-04-18,101.253
2023-04-19,101.253
2023-04-20,101.253
2023-04-21,101.253
2023-04-24,101.253
2023-04-25,101.253
2023-04-26,101.253
2023-04-27,101.253
2023-04-28,101.253
2023-05-01,100.9286
2023-05-02,100.9286
2023-05-03,100.9286
2023-05-04,100.9286
2023-05-05,100.9286
2023-05-08,100.9286
2023-05-09,100.9286
2023-05-10,100.9286
2023-05-11,100.9286
2023-05-12,100.9286
2023-05-15,100.9286
2023-05-16,100.9286
2023-05-17,100.9286
2023-05-18,100.9286
2023-05-19,100.9286
2023-05-22,100.9286
2023-05-23,100.9286
2023-05-24,100.9286
2023-05-25,100.9286
2023-05-26,100.9286
2023-05-29,100.9286
2023-05-30,100.9286
2023-05-31,100.9286
2023-06-01,100.1196
2023-06-02,100.1196
2023-06-05,100.1196
2023-06-06,100.1196
2023-06-07,100.1196
2023-06-08,100.1196
2023-06-09,100.1196
2023-06-12,100.1196
2023-06-13,100.1196
2023-06-14,100.1196
2023-06-15,100.1196
2023-06-16,100.1196
2023-06-19,100.1196
2023-06-20,100.1196
2023-06-21,100.1196
2023-06-22,100.1196
2023-06-23,100.1196
2023-06-26,100.1196
2023-06-27,100.1196
2023-06-28,100.1196
2023-06-29,100.1196
2023-06-30,100.1196
2023-07-01,100.9067
2023-07-03,100.9067
2023-07-04,100.9067
2023-07-05,100.9067
2023-07-06,100.9067
2023-07-07,100.9067
2023-07-10,100.9067
2023-07-11,100.9067
2023-07-12,100.9067
2023-07-13,100.9067
2023-07-14,100.9067
2023-07-17,100.9067
2023-07-18,100.9067
2023-07-19,100.9067
2023-07-20,100.9067
2023-07-21,100.9067
2023-07-24,100.9067
2023-07-25,100.9067
2023-07-26,100.9067
2023-07-27,100.9067
2023-07-28,100.9067
2023-07-31,100.9067
2023-08-01,100.8393
2023-08-02,100.8393
2023-08-03,100.8393
2023-08-04,100.8393
2023-08-07,100.8393
2023-08-08,100.8393
2023-08-09,100.8393
2023-08-10,100.8393
2023-08-11,100.8393
2023-08-14,100.8393
2023-08-15,100.8393
2023-08-16,100.8393
2023-08-17,100.8393
2023-08-18,100.8393
2023-08-21,100.8393
2023-08-22,100.8393
2023-08-23,100.8393
2023-08-24,100.8393
2023-08-25,100.8393
2023-08-28,100.8393
2023-08-29,100.8393
2023-08-30,100.8393
2023-08-31,100.8393
2023-09-01,101.0211
2023-09-04,101.0211
2023-09-05,101.0211
2023-09-06,101.0211
2023-09-07,101.0211
2023-09-08,101.0211
2023-09-11,101.0211
2023-09-12,101.0211
2023-09-13,101.0211
2023-09-14,101.0211
2023-09-15,101.0211
2023-09-18,101.0211
2023-09-19,101.0211
2023-09-20,101.0211
2023-09-21,101.0211
2023-09-22,101.0211
2023-09-25,101.0211
2023-09-26,101.0211
2023-09-27,101.0211
2023-09-28,101.0211
2023-09-29,101.0211
2023-10-01,100.4689
2023-10-02,100.4689
2023-10-03,100.4689
2023-10-04,100.4689
2023-10-05,100.4689
2023-10-06,100.4689
2023-10-09,100.4689
2023-10-10,100.4689
2023-10-11,100.4689
2023-10-12,100.4689
2023-10-13,100.4689
2023-10-16,100.4689
2023-10-17,100.4689
2023-10-18,100.4689
2023-10-19,100.4689
2023-10-20,100.4689
2023-10-23,100.4689
2023-10-24,100.4689
2023-10-25,100.4689
2023-10-26,100.4689
2023-10-27,100.4689
2023-10-30,100.4689
2023-10-31,100.4689
2023-11-01,100.8639
2023-11-02,100.8639
2023-11-03,100.8639
2023-11-06,100.8639
2023-11-07,100.8639
2023-11-08,100.8639
2023-11-09,100.8639
2023-11-10,100.8639
2023-11-13,100.8639
2023-11-14,100.8639
2023-11-15,100.8639
2023-11-16,100.8639
2023-11-17,100.8639
2023-11-20,100.8639
2023-11-21,100.8639
2023-11-22,100.8639
2023-11-23,100.8639
2023-11-24,100.8639
2023-11-27,100.8639
2023-11-28,100.8639
2023-11-29,100.8639
2023-11-30,100.8639
2023-12-01,100.6031
2023-12-04,100.6031
2023-12-05,100.6031
2023-12-06,100.6031
2023-12-07,100.6031
2023-12-08,100.6031
2023-12-11,100.6031
2023-12-12,100.6031
2023-12-13,100.6031
2023-12-14,100.6031
2023-12-15,100.6031
2023-12-18,100.6031
2023-12-19,100.6031
2023-12-20,100.6031
2023-12-21,100.6031
2023-12-22,100.6031
2023-12-25,100.6031
2023-12-26,100.6031
2023-12-27,100.6031
2023-12-28,100.6031
2023-12-29,100.6031
2024-01-01,99.2223
2024-01-02,99.2223
2024-01-03,99.2223
2024-01-04,99.2223
2024-01-05,99.2223
2024-01-08,99.2223
2024-01-09,99.2223
2024-01-10,99.2223
2024-01-11,99.2223
2024-01-12,99.2223
2024-01-15,99.2223
2024-01-16,99.2223
2024-01-17,99.2223
2024-01-18,99.2223
2024-01-19,99.2223
2024-01-22,99.2223
2024-01-23,99.2223
2024-01-24,99.2223
2024-01-25,99.2223
2024-01-26,99.2223
2024-01-29,99.2223
2024-01-30,99.2223
2024-01-31,99.2223
2024-02-01,100.285
2024-02-02,100.285
2024-02-05,100.285
2024-02-06,100.285
2024-02-07,100.285
2024-02-08,100.285
2024-02-09,100.285
2024-02-12,100.285
2024-02-13,100.285
2024-02-14,100.285
2024-02-15,100.285
2024-02-16,100.285
2024-02-19,100.285
2024-02-20,100.285
2024-02-21,100.285
2024-02-22,100.285
2024-02-23,100.285
2024-02-26,100.285
2024-02-27,100.285
2024-02-28,100.285
2024-02-29,100.285
2024-03-01,100.4575
2024-03-04,100.4575
2024-03-05,100.4575
2024-03-06,100.4575
2024-03-07,100.4575
2024-03-08,100.4575
2024-03-11,100.4575
2024-03-12,100.4575
2024-03-13,100.4575
2024-03-14,100.4575
2024-03-15,100.4575
2024-03-18,100.4575
2024-03-19,100.4575
2024-03-20,100.4575
2024-03-21,100.4575
2024-03-22,100.4575
2024-03-25,100.4575
2024-03-26,100.4575
2024-03-27,100.4575
2024-03-28,100.4575
2024-03-29,100.4575
2024-04-01,100.2434
2024-04-02,100.2434
2024-04-03,100.2434
2024-04-04,100.2434
2024-04-05,100.2434
2024-04-08,100.2434
2024-04-09,100.2434
2024-04-10,100.2434
2024-04-11,100.2434
2024-04-12,100.2434
2024-04-15,100.2434
2024-04-16,100.2434
2024-04-17,100.2434
2024-04-18,100.2434
2024-04-19,100.2434
2024-04-22,100.2434
2024-04-23,100.2434
2024-04-24,100.2434
2024-04-25,100.2434
2024-04-26,100.2434
2024-04-29,100.2434
2024-04-30,100.2434
2024-05-01,100.863
2024-05-02,100.863
2024-05-03,100.863
2024-05-06,100.863
2024-05-07,100.863
2024-05-08,100.863
2024-05-09,100.863
2024-05-10,100.863
2024-05-13,100.863
2024-05-14,100.863
2024-05-15,100.863
2024-05-16,100.863
2024-05-17,100.863
2024-05-20,100.863
2024-05-21,100.863
2024-05-22,100.863
2024-05-23,100.863
2024-05-24,100.863
2024-05-27,100.863
2024-05-28,100.863
2024-05-29,100.863
2024-05-30,100.863
2024-05-31,100.863
2024-06-01,100.894
2024-06-03,100.894
2024-06-04,100.894
2024-06-05,100.894
2024-06-06,100.894
2024-06-07,100.894
2024-06-10,100.894
2024-06-11,100.894
2024-06-12,100.894
2024-06-13,100.894
2024-06-14,100.894
2024-06-17,100.894
2024-06-18,100.894
2024-06-19,100.894
2024-06-20,100.894
2024-06-21,100.894
2024-06-24,100.894
2024-06-25,100.894
2024-06-26,100.894
2024-06-27,100.894
2024-06-28,100.894
2024-07-01,99.9757
2024-07-02,99.9757
2024-07-03,99.9757
2024-07-04,99.9757
2024-07-05,99.9757
2024-07-08,99.9757
2024-07-09,99.9757
2024-07-10,99.9757
2024-07-11,99.9757
2024-07-12,99.9757
2024-07-15,99.9757
2024-07-16,99.9757
2024-07-17,99.9757
2024-07-18,99.9757
2024-07-19,99.9757
2024-07-22,99.9757
2024-07-23,99.9757
2024-07-24,99.9757
2024-07-25,99.9757
2024-07-26,99.9757
2024-07-29,99.9757
2024-07-30,99.9757
2024-07-31,99.9757
2024-08-01,100.4309
2024-08-02,100.4309
2024-08-05,100.4309
2024-08-06,100.4309
2024-08-07,100.4309
2024-08-08,100.4309
2024-08-09,100.4309
2024-08-12,100.4309
2024-08-13,100.4309
2024-08-14,100.4309
2024-08-15,100.4309
2024-08-16,100.4309
2024-08-19,100.4309
2024-08-20,100.4309
2024-08-21,100.4309
2024-08-22,100.4309
2024-08-23,100.4309
2024-08-26,100.4309
2024-08-27,100.4309
2024-08-28,100.4309
2024-08-29,100.4309
2024-08-30,100.4309
2024-09-01,99.8084
2024-09-02,99.8084
2024-09-03,99.8084
2024-09-04,99.8084
2024-09-05,99.8084
2024-09-06,99.8084
2024-09-09,99.8084
2024-09-10,99.8084
2024-09-11,99.8084
2024-09-12,99.8084
2024-09-13,99.8084
2024-09-16,99.8084
2024-09-17,99.8084
2024-09-18,99.8084
2024-09-19,99.8084
2024-09-20,99.8084
2024-09-23,99.8084
2024-09-24,99.8084
2024-09-25,99.8084
2024-09-26,99.8084
2024-09-27,99.8084
2024-09-30,99.8084
2024-10-01,99.4695
2024-10-02,99.4695
2024-10-03,99.4695
2024-10-04,99.4695
2024-10-07,99.4695
2024-10-08,99.4695
2024-10-09,99.4695
2024-10-10,99.4695
2024-10-11,99.4695
2024-10-14,99.4695
2024-10-15,99.4695
2024-10-16,99.4695
2024-10-17,99.4695
2024-10-18,99.4695
2024-10-21,99.4695
2024-10-22,99.4695
2024-10-23,99.4695
2024-10-24,99.4695
2024-10-25,99.4695
2024-10-28,99.4695
2024-10-29,99.4695
2024-10-30,99.4695
2024-10-31,99.4695
2024-11-01,99.2925
2024-11-04,99.2925
2024-11-05,99.2925
2024-11-06,99.2925
2024-11-07,99.2925
2024-11-08,99.2925
2024-11-11,99.2925
2024-11-12,99.2925
2024-11-13,99.2925
2024-11-14,99.2925
2024-11-15,99.2925
2024-11-18,99.2925
2024-11-19,99.2925
2024-11-20,99.2925
2024-11-21,99.2925
2024-11-22,99.2925
2024-11-25,99.2925
2024-11-26,99.2925
2024-11-27,99.2925
2024-11-28,99.2925
2024-11-29,99.2925
2024-12-01,100.3273
2024-12-02,100.3273
2024-12-03,100.3273
2024-12-04,100.3273
2024-12-05,100.3273
2024-12-06,100.3273
2024-12-09,100.3273
2024-12-10,100.3273
2024-12-11,100.3273
2024-12-12,100.3273
2024-12-13,100.3273
2024-12-16,100.3273
2024-12-17,100.3273
2024-12-18,100.3273
2024-12-19,100.3273
2024-12-20,100.3273
2024-12-23,100.3273
2024-12-24,100.3273
2024-12-25,100.3273
2024-12-26,100.3273
2024-12-27,100.3273
2024-12-30,100.3273
2024-12-31,100.3273
2025-01-01,100.0647
2025-01-02,100.0647
2025-01-03,100.0647
2025-01-06,100.0647
2025-01-07,100.0647
2025-01-08,100.0647
2025-01-09,100.0647
2025-01-10,100.0647
2025-01-13,100.0647
2025-01-14,100.0647
2025-01-15,100.0647
2025-01-16,100.0647
2025-01-17,100.0647
2025-01-20,100.0647
2025-01-21,100.0647
2025-01-22,100.0647
2025-01-23,100.0647
2025-01-24,100.0647
2025-01-27,100.0647
2025-01-28,100.0647
2025-01-29,100.0647
2025-01-30,100.0647
2025-01-31,100.0647
2025-02-01,101.0993
2025-02-03,101.0993
2025-02-04,101.0993
2025-02-05,101.0993
2025-02-06,101.0993
2025-02-07,101.0993
2025-02-10,101.0993
2025-02-11,101.0993
2025-02-12,101.0993
2025-02-13,101.0993
2025-02-14,101.0993
2025-02-17,101.0993
2025-02-18,101.0993
2025-02-19,101.0993
2025-02-20,101.0993
2025-02-21,101.0993
2025-02-24,101.0993
2025-02-25,101.0993
2025-02-26,101.0993
2025-02-27,101.0993
2025-02-28,101.0993
2025-03-01,101.0404
2025-03-03,101.0404
2025-03-04,101.0404
2025-03-05,101.0404
2025-03-06,101.0404
2025-03-07,101.0404
2025-03-10,101.0404
2025-03-11,101.0404
2025-03-12,101.0404
2025-03-13,101.0404
2025-03-14,101.0404
2025-03-17,101.0404
2025-03-18,101.0404
2025-03-19,101.0404
2025-03-20,101.0404
2025-03-21,101.0404
2025-03-24,101.0404
2025-03-25,101.0404
2025-03-26,101.0404
2025-03-27,101.0404
2025-03-28,101.0404
2025-03-31,101.0404
2025-04-01,101.1279
2025-04-02,101.1279
2025-04-03,101.1279
2025-04-04,101.1279
2025-04-07,101.1279
2025-04-08,101.1279
2025-04-09,101.1279
2025-04-10,101.1279
2025-04-11,101.1279
2025-04-14,101.1279
2025-04-15,101.1279
2025-04-16,101.1279
2025-04-17,101.1279
2025-04-18,101.1279
2025-04-21,101.1279
2025-04-22,101.1279
2025-04-23,101.1279
2025-04-24,101.1279
2025-04-25,101.1279
2025-04-28,101.1279
2025-04-29,101.1279
2025-04-30,101.1279
2025-05-01,100.9655
2025-05-02,100.9655
2025-05-05,100.9655
2025-05-06,100.9655
2025-05-07,100.9655
2025-05-08,100.9655
2025-05-09,100.9655
2025-05-12,100.9655
2025-05-13,100.9655
2025-05-14,100.9655
2025-05-15,100.9655
2025-05-16,100.9655
2025-05-19,100.9655
2025-05-20,100.9655
2025-05-21,100.9655
2025-05-22,100.9655
2025-05-23,100.9655
2025-05-26,100.9655
2025-05-27,100.9655
2025-05-28,100.9655
2025-05-29,100.9655
2025-05-30,100.9655
2025-06-01,101.4785
2025-06-02,101.4785
2025-06-03,101.4785
2025-06-04,101.4785
2025-06-05,101.4785
2025-06-06,101.4785
2025-06-09,101.4785
2025-06-10,101.4785
2025-06-11,101.4785
2025-06-12,101.4785
2025-06-13,101.4785
2025-06-16,101.4785
2025-06-17,101.4785
2025-06-18,101.4785
2025-06-19,101.4785
2025-06-20,101.4785
2025-06-23,101.4785
2025-06-24,101.4785
2025-06-25,101.4785
2025-06-26,101.4785
2025-06-27,101.4785
2025-06-30,101.4785
2025-07-01,101.894
2025-07-02,101.894
2025-07-03,101.894
2025-07-04,101.894
2025-07-07,101.894
2025-07-08,101.894
2025-07-09,101.894
2025-07-10,101.894
2025-07-11,101.894
2025-07-14,101.894
2025-07-15,101.894
2025-07-16,101.894
2025-07-17,101.894
2025-07-18,101.894
2025-07-21,101.894
2025-07-22,101.894
2025-07-23,101.894
2025-07-24,101.894
2025-07-25,101.894
2025-07-28,101.894
2025-07-29,101.894
2025-07-30,101.894
2025-07-31,101.894
2025-08-01,101.6247
2025-08-04,101.6247
2025-08-05,101.6247
2025-08-06,101.6247
2025-08-07,101.6247
2025-08-08,101.6247
2025-08-11,101.6247
2025-08-12,101.6247
2025-08-13,101.6247
2025-08-14,101.6247
2025-08-15,101.6247
2025-08-18,101.6247
2025-08-19,101.6247
2025-08-20,101.6247
2025-08-21,101.6247
2025-08-22,101.6247
2025-08-25,101.6247
2025-08-26,101.6247
2025-08-27,101.6247
2025-08-28,101.6247
2025-08-29,101.6247
2025-09-01,101.668
2025-09-02,101.668
2025-09-03,101.668
2025-09-04,101.668
2025-09-05,101.668
2025-09-08,101.668
2025-09-09,101.668
2025-09-10,101.668
2025-09-11,101.668
2025-09-12,101.668
2025-09-15,101.668
2025-09-16,101.668
2025-09-17,101.668
2025-09-18,101.668
2025-09-19,101.668
2025-09-22,101.668
2025-09-23,101.668
2025-09-24,101.668
2025-09-25,101.668
2025-09-26,101.668
2025-09-29,101.668
2025-09-30,101.668
2025-10-01,101.2195
2025-10-02,101.2195
2025-10-03,101.2195
2025-10-06,101.2195
2025-10-07,101.2195
2025-10-08,101.2195
2025-10-09,101.2195
2025-10-10,101.2195
2025-10-13,101.2195
2025-10-14,101.2195
2025-10-15,101.2195
2025-10-16,101.2195
2025-10-17,101.2195
2025-10-20,101.2195
2025-10-21,101.2195
2025-10-22,101.2195
2025-10-23,101.2195
2025-10-24,101.2195
2025-10-27,101.2195
2025-10-28,101.2195
2025-10-29,101.2195
2025-10-30,101.2195
2025-10-31,101.2195
2025-11-01,101.081
2025-11-03,101.081
2025-11-04,101.081
2025-11-05,101.081
2025-11-06,101.081
2025-11-07,101.081
2025-11-10,101.081
2025-11-11,101.081
2025-11-12,101.081
2025-11-13,101.081
2025-11-14,101.081
2025-11-17,101.081
2025-11-18,101.081
2025-11-19,101.081
2025-11-20,101.081
2025-11-21,101.081
2025-11-24,101.081
2025-11-25,101.081
2025-11-26,101.081
2025-11-27,101.081
2025-11-28,101.081
2025-12-01,101.6113
2025-12-02,101.6113
2025-12-03,101.6113
2025-12-04,101.6113
2025-12-05,101.6113
2025-12-08,101.6113
2025-12-09,101.6113
2025-12-10,101.6113
2025-12-11,101.6113
2025-12-12,101.6113
2025-12-15,101.6113
2025-12-16,101.6113
2025-12-17,101.6113
2025-12-18,101.6113
2025-12-19,101.6113
2025-12-22,101.6113
2025-12-23,101.6113
2025-12-24,101.6113
2025-12-25,101.6113
2025-12-26,101.6113
2025-12-29,101.6113
2025-12-30,101.6113
2025-12-31,101.6113
2026-01-01,101.5954
2026-01-02,101.5954
2026-01-05,101.5954
2026-01-06,101.5954
2026-01-07,101.5954
2026-01-08,101.5954
2026-01-09,101.5954
2026-01-12,101.5954
2026-01-13,101.5954
2026-01-14,101.5954
2026-01-15,101.5954
2026-01-16,101.5954
2026-01-19,101.5954
2026-01-20,101.5954
2026-01-21,101.5954
2026-01-22,101.5954
2026-01-23,101.5954
2026-01-26,101.5954
2026-01-27,101.5954
2026-01-28,101.5954
2026-01-29,101.5954
2026-01-30,101.5954
2026-02-01,102.344
2026-02-02,102.344
2026-02-03,102.344
2026-02-04,102.344
2026-02-05,102.344
2026-02-06,102.344
2026-02-09,102.344
2026-02-10,102.344
2026-02-11,102.344
2026-02-12,102.344
2026-02-13,102.344
2026-02-16,102.344
2026-02-17,102.344
2026-02-18,102.344
2026-02-19,102.344
2026-02-20,102.344
2026-02-23,102.344
2026-02-24,102.344
2026-02-25,102.344
2026-02-26,102.344
2026-02-27,102.344
2026-03-01,101.7898
2026-03-02,101.7898
2026-03-03,101.7898
2026-03-04,101.7898
2026-03-05,101.7898
2026-03-06,101.7898
2026-03-09,101.7898
2026-03-10,101.7898
2026-03-11,101.7898
2026-03-12,101.7898
2026-03-13,101.7898
2026-03-16,101.7898
2026-03-17,101.7898
2026-03-18,101.7898
2026-03-19,101.7898
2026-03-20,101.7898
2026-03-23,101.7898
2026-03-24,101.7898
2026-03-25,101.7898
2026-03-26,101.7898
2026-03-27,101.7898
2026-03-30,101.7898
2026-03-31,101.7898
2026-04-01,101.7898
2026-04-02,101.7898
2026-04-03,101.7898
2026-04-06,101.7898
2026-04-07,101.7898
2026-04-08,101.7898
2026-04-09,101.7898
2026-04-10,101.7898
2026-04-13,101.7898
2026-04-14,101.7898
2026-04-15,101.7898
2026-04-16,101.7898
2026-04-17,101.7898
2026-04-20,101.7898
2026-04-21,101.7898
2026-04-22,101.7898
2026-04-23,101.7898
2026-04-24,101.7898
2026-04-27,101.7898
2026-04-28,101.7898
2026-04-29,101.7898
2026-04-30,101.7898
2026-05-01,101.7898
2026-05-04,101.7898
2026-05-05,101.7898
2026-05-06,101.7898
2026-05-07,101.7898
