date,semiconductor_related_device_ppi
2011-01-01,43.6
2011-01-03,43.6
2011-01-04,43.6
2011-01-05,43.6
2011-01-06,43.6
2011-01-07,43.6
2011-01-10,43.6
2011-01-11,43.6
2011-01-12,43.6
2011-01-13,43.6
2011-01-14,43.6
2011-01-17,43.6
2011-01-18,43.6
2011-01-19,43.6
2011-01-20,43.6
2011-01-21,43.6
2011-01-24,43.6
2011-01-25,43.6
2011-01-26,43.6
2011-01-27,43.6
2011-01-28,43.6
2011-01-31,43.6
2011-02-01,44.1
2011-02-02,44.1
2011-02-03,44.1
2011-02-04,44.1
2011-02-07,44.1
2011-02-08,44.1
2011-02-09,44.1
2011-02-10,44.1
2011-02-11,44.1
2011-02-14,44.1
2011-02-15,44.1
2011-02-16,44.1
2011-02-17,44.1
2011-02-18,44.1
2011-02-21,44.1
2011-02-22,44.1
2011-02-23,44.1
2011-02-24,44.1
2011-02-25,44.1
2011-02-28,44.1
2011-03-01,43.9
2011-03-02,43.9
2011-03-03,43.9
2011-03-04,43.9
2011-03-07,43.9
2011-03-08,43.9
2011-03-09,43.9
2011-03-10,43.9
2011-03-11,43.9
2011-03-14,43.9
2011-03-15,43.9
2011-03-16,43.9
2011-03-17,43.9
2011-03-18,43.9
2011-03-21,43.9
2011-03-22,43.9
2011-03-23,43.9
2011-03-24,43.9
2011-03-25,43.9
2011-03-28,43.9
2011-03-29,43.9
2011-03-30,43.9
2011-03-31,43.9
2011-04-01,43.6
2011-04-04,43.6
2011-04-05,43.6
2011-04-06,43.6
2011-04-07,43.6
2011-04-08,43.6
2011-04-11,43.6
2011-04-12,43.6
2011-04-13,43.6
2011-04-14,43.6
2011-04-15,43.6
2011-04-18,43.6
2011-04-19,43.6
2011-04-20,43.6
2011-04-21,43.6
2011-04-22,43.6
2011-04-25,43.6
2011-04-26,43.6
2011-04-27,43.6
2011-04-28,43.6
2011-04-29,43.6
2011-05-01,43.7
2011-05-02,43.7
2011-05-03,43.7
2011-05-04,43.7
2011-05-05,43.7
2011-05-06,43.7
2011-05-09,43.7
2011-05-10,43.7
2011-05-11,43.7
2011-05-12,43.7
2011-05-13,43.7
2011-05-16,43.7
2011-05-17,43.7
2011-05-18,43.7
2011-05-19,43.7
2011-05-20,43.7
2011-05-23,43.7
2011-05-24,43.7
2011-05-25,43.7
2011-05-26,43.7
2011-05-27,43.7
2011-05-30,43.7
2011-05-31,43.7
2011-06-01,43.7
2011-06-02,43.7
2011-06-03,43.7
2011-06-06,43.7
2011-06-07,43.7
2011-06-08,43.7
2011-06-09,43.7
2011-06-10,43.7
2011-06-13,43.7
2011-06-14,43.7
2011-06-15,43.7
2011-06-16,43.7
2011-06-17,43.7
2011-06-20,43.7
2011-06-21,43.7
2011-06-22,43.7
2011-06-23,43.7
2011-06-24,43.7
2011-06-27,43.7
2011-06-28,43.7
2011-06-29,43.7
2011-06-30,43.7
2011-07-01,43.4
2011-07-04,43.4
2011-07-05,43.4
2011-07-06,43.4
2011-07-07,43.4
2011-07-08,43.4
2011-07-11,43.4
2011-07-12,43.4
2011-07-13,43.4
2011-07-14,43.4
2011-07-15,43.4
2011-07-18,43.4
2011-07-19,43.4
2011-07-20,43.4
2011-07-21,43.4
2011-07-22,43.4
2011-07-25,43.4
2011-07-26,43.4
2011-07-27,43.4
2011-07-28,43.4
2011-07-29,43.4
2011-08-01,43.0
2011-08-02,43.0
2011-08-03,43.0
2011-08-04,43.0
2011-08-05,43.0
2011-08-08,43.0
2011-08-09,43.0
2011-08-10,43.0
2011-08-11,43.0
2011-08-12,43.0
2011-08-15,43.0
2011-08-16,43.0
2011-08-17,43.0
2011-08-18,43.0
2011-08-19,43.0
2011-08-22,43.0
2011-08-23,43.0
2011-08-24,43.0
2011-08-25,43.0
2011-08-26,43.0
2011-08-29,43.0
2011-08-30,43.0
2011-08-31,43.0
2011-09-01,41.9
2011-09-02,41.9
2011-09-05,41.9
2011-09-06,41.9
2011-09-07,41.9
2011-09-08,41.9
2011-09-09,41.9
2011-09-12,41.9
2011-09-13,41.9
2011-09-14,41.9
2011-09-15,41.9
2011-09-16,41.9
2011-09-19,41.9
2011-09-20,41.9
2011-09-21,41.9
2011-09-22,41.9
2011-09-23,41.9
2011-09-26,41.9
2011-09-27,41.9
2011-09-28,41.9
2011-09-29,41.9
2011-09-30,41.9
2011-10-01,41.8
2011-10-03,41.8
2011-10-04,41.8
2011-10-05,41.8
2011-10-06,41.8
2011-10-07,41.8
2011-10-10,41.8
2011-10-11,41.8
2011-10-12,41.8
2011-10-13,41.8
2011-10-14,41.8
2011-10-17,41.8
2011-10-18,41.8
2011-10-19,41.8
2011-10-20,41.8
2011-10-21,41.8
2011-10-24,41.8
2011-10-25,41.8
2011-10-26,41.8
2011-10-27,41.8
2011-10-28,41.8
2011-10-31,41.8
2011-11-01,40.9
2011-11-02,40.9
2011-11-03,40.9
2011-11-04,40.9
2011-11-07,40.9
2011-11-08,40.9
2011-11-09,40.9
2011-11-10,40.9
2011-11-11,40.9
2011-11-14,40.9
2011-11-15,40.9
2011-11-16,40.9
2011-11-17,40.9
2011-11-18,40.9
2011-11-21,40.9
2011-11-22,40.9
2011-11-23,40.9
2011-11-24,40.9
2011-11-25,40.9
2011-11-28,40.9
2011-11-29,40.9
2011-11-30,40.9
2011-12-01,40.0
2011-12-02,40.0
2011-12-05,40.0
2011-12-06,40.0
2011-12-07,40.0
2011-12-08,40.0
2011-12-09,40.0
2011-12-12,40.0
2011-12-13,40.0
2011-12-14,40.0
2011-12-15,40.0
2011-12-16,40.0
2011-12-19,40.0
2011-12-20,40.0
2011-12-21,40.0
2011-12-22,40.0
2011-12-23,40.0
2011-12-26,40.0
2011-12-27,40.0
2011-12-28,40.0
2011-12-29,40.0
2011-12-30,40.0
2012-01-01,39.5
2012-01-02,39.5
2012-01-03,39.5
2012-01-04,39.5
2012-01-05,39.5
2012-01-06,39.5
2012-01-09,39.5
2012-01-10,39.5
2012-01-11,39.5
2012-01-12,39.5
2012-01-13,39.5
2012-01-16,39.5
2012-01-17,39.5
2012-01-18,39.5
2012-01-19,39.5
2012-01-20,39.5
2012-01-23,39.5
2012-01-24,39.5
2012-01-25,39.5
2012-01-26,39.5
2012-01-27,39.5
2012-01-30,39.5
2012-01-31,39.5
2012-02-01,39.5
2012-02-02,39.5
2012-02-03,39.5
2012-02-06,39.5
2012-02-07,39.5
2012-02-08,39.5
2012-02-09,39.5
2012-02-10,39.5
2012-02-13,39.5
2012-02-14,39.5
2012-02-15,39.5
2012-02-16,39.5
2012-02-17,39.5
2012-02-20,39.5
2012-02-21,39.5
2012-02-22,39.5
2012-02-23,39.5
2012-02-24,39.5
2012-02-27,39.5
2012-02-28,39.5
2012-02-29,39.5
2012-03-01,39.4
2012-03-02,39.4
2012-03-05,39.4
2012-03-06,39.4
2012-03-07,39.4
2012-03-08,39.4
2012-03-09,39.4
2012-03-12,39.4
2012-03-13,39.4
2012-03-14,39.4
2012-03-15,39.4
2012-03-16,39.4
2012-03-19,39.4
2012-03-20,39.4
2012-03-21,39.4
2012-03-22,39.4
2012-03-23,39.4
2012-03-26,39.4
2012-03-27,39.4
2012-03-28,39.4
2012-03-29,39.4
2012-03-30,39.4
2012-04-01,39.5
2012-04-02,39.5
2012-04-03,39.5
2012-04-04,39.5
2012-04-05,39.5
2012-04-06,39.5
2012-04-09,39.5
2012-04-10,39.5
2012-04-11,39.5
2012-04-12,39.5
2012-04-13,39.5
2012-04-16,39.5
2012-04-17,39.5
2012-04-18,39.5
2012-04-19,39.5
2012-04-20,39.5
2012-04-23,39.5
2012-04-24,39.5
2012-04-25,39.5
2012-04-26,39.5
2012-04-27,39.5
2012-04-30,39.5
2012-05-01,39.9
2012-05-02,39.9
2012-05-03,39.9
2012-05-04,39.9
2012-05-07,39.9
2012-05-08,39.9
2012-05-09,39.9
2012-05-10,39.9
2012-05-11,39.9
2012-05-14,39.9
2012-05-15,39.9
2012-05-16,39.9
2012-05-17,39.9
2012-05-18,39.9
2012-05-21,39.9
2012-05-22,39.9
2012-05-23,39.9
2012-05-24,39.9
2012-05-25,39.9
2012-05-28,39.9
2012-05-29,39.9
2012-05-30,39.9
2012-05-31,39.9
2012-06-01,39.3
2012-06-04,39.3
2012-06-05,39.3
2012-06-06,39.3
2012-06-07,39.3
2012-06-08,39.3
2012-06-11,39.3
2012-06-12,39.3
2012-06-13,39.3
2012-06-14,39.3
2012-06-15,39.3
2012-06-18,39.3
2012-06-19,39.3
2012-06-20,39.3
2012-06-21,39.3
2012-06-22,39.3
2012-06-25,39.3
2012-06-26,39.3
2012-06-27,39.3
2012-06-28,39.3
2012-06-29,39.3
2012-07-01,39.2
2012-07-02,39.2
2012-07-03,39.2
2012-07-04,39.2
2012-07-05,39.2
2012-07-06,39.2
2012-07-09,39.2
2012-07-10,39.2
2012-07-11,39.2
2012-07-12,39.2
2012-07-13,39.2
2012-07-16,39.2
2012-07-17,39.2
2012-07-18,39.2
2012-07-19,39.2
2012-07-20,39.2
2012-07-23,39.2
2012-07-24,39.2
2012-07-25,39.2
2012-07-26,39.2
2012-07-27,39.2
2012-07-30,39.2
2012-07-31,39.2
2012-08-01,38.9
2012-08-02,38.9
2012-08-03,38.9
2012-08-06,38.9
2012-08-07,38.9
2012-08-08,38.9
2012-08-09,38.9
2012-08-10,38.9
2012-08-13,38.9
2012-08-14,38.9
2012-08-15,38.9
2012-08-16,38.9
2012-08-17,38.9
2012-08-20,38.9
2012-08-21,38.9
2012-08-22,38.9
2012-08-23,38.9
2012-08-24,38.9
2012-08-27,38.9
2012-08-28,38.9
2012-08-29,38.9
2012-08-30,38.9
2012-08-31,38.9
2012-09-01,38.8
2012-09-03,38.8
2012-09-04,38.8
2012-09-05,38.8
2012-09-06,38.8
2012-09-07,38.8
2012-09-10,38.8
2012-09-11,38.8
2012-09-12,38.8
2012-09-13,38.8
2012-09-14,38.8
2012-09-17,38.8
2012-09-18,38.8
2012-09-19,38.8
2012-09-20,38.8
2012-09-21,38.8
2012-09-24,38.8
2012-09-25,38.8
2012-09-26,38.8
2012-09-27,38.8
2012-09-28,38.8
2012-10-01,38.8
2012-10-02,38.8
2012-10-03,38.8
2012-10-04,38.8
2012-10-05,38.8
2012-10-08,38.8
2012-10-09,38.8
2012-10-10,38.8
2012-10-11,38.8
2012-10-12,38.8
2012-10-15,38.8
2012-10-16,38.8
2012-10-17,38.8
2012-10-18,38.8
2012-10-19,38.8
2012-10-22,38.8
2012-10-23,38.8
2012-10-24,38.8
2012-10-25,38.8
2012-10-26,38.8
2012-10-29,38.8
2012-10-30,38.8
2012-10-31,38.8
2012-11-01,38.6
2012-11-02,38.6
2012-11-05,38.6
2012-11-06,38.6
2012-11-07,38.6
2012-11-08,38.6
2012-11-09,38.6
2012-11-12,38.6
2012-11-13,38.6
2012-11-14,38.6
2012-11-15,38.6
2012-11-16,38.6
2012-11-19,38.6
2012-11-20,38.6
2012-11-21,38.6
2012-11-22,38.6
2012-11-23,38.6
2012-11-26,38.6
2012-11-27,38.6
2012-11-28,38.6
2012-11-29,38.6
2012-11-30,38.6
2012-12-01,38.2
2012-12-03,38.2
2012-12-04,38.2
2012-12-05,38.2
2012-12-06,38.2
2012-12-07,38.2
2012-12-10,38.2
2012-12-11,38.2
2012-12-12,38.2
2012-12-13,38.2
2012-12-14,38.2
2012-12-17,38.2
2012-12-18,38.2
2012-12-19,38.2
2012-12-20,38.2
2012-12-21,38.2
2012-12-24,38.2
2012-12-25,38.2
2012-12-26,38.2
2012-12-27,38.2
2012-12-28,38.2
2012-12-31,38.2
2013-01-01,38.3
2013-01-02,38.3
2013-01-03,38.3
2013-01-04,38.3
2013-01-07,38.3
2013-01-08,38.3
2013-01-09,38.3
2013-01-10,38.3
2013-01-11,38.3
2013-01-14,38.3
2013-01-15,38.3
2013-01-16,38.3
2013-01-17,38.3
2013-01-18,38.3
2013-01-21,38.3
2013-01-22,38.3
2013-01-23,38.3
2013-01-24,38.3
2013-01-25,38.3
2013-01-28,38.3
2013-01-29,38.3
2013-01-30,38.3
2013-01-31,38.3
2013-02-01,38.2
2013-02-04,38.2
2013-02-05,38.2
2013-02-06,38.2
2013-02-07,38.2
2013-02-08,38.2
2013-02-11,38.2
2013-02-12,38.2
2013-02-13,38.2
2013-02-14,38.2
2013-02-15,38.2
2013-02-18,38.2
2013-02-19,38.2
2013-02-20,38.2
2013-02-21,38.2
2013-02-22,38.2
2013-02-25,38.2
2013-02-26,38.2
2013-02-27,38.2
2013-02-28,38.2
2013-03-01,37.9
2013-03-04,37.9
2013-03-05,37.9
2013-03-06,37.9
2013-03-07,37.9
2013-03-08,37.9
2013-03-11,37.9
2013-03-12,37.9
2013-03-13,37.9
2013-03-14,37.9
2013-03-15,37.9
2013-03-18,37.9
2013-03-19,37.9
2013-03-20,37.9
2013-03-21,37.9
2013-03-22,37.9
2013-03-25,37.9
2013-03-26,37.9
2013-03-27,37.9
2013-03-28,37.9
2013-03-29,37.9
2013-04-01,38.5
2013-04-02,38.5
2013-04-03,38.5
2013-04-04,38.5
2013-04-05,38.5
2013-04-08,38.5
2013-04-09,38.5
2013-04-10,38.5
2013-04-11,38.5
2013-04-12,38.5
2013-04-15,38.5
2013-04-16,38.5
2013-04-17,38.5
2013-04-18,38.5
2013-04-19,38.5
2013-04-22,38.5
2013-04-23,38.5
2013-04-24,38.5
2013-04-25,38.5
2013-04-26,38.5
2013-04-29,38.5
2013-04-30,38.5
2013-05-01,38.9
2013-05-02,38.9
2013-05-03,38.9
2013-05-06,38.9
2013-05-07,38.9
2013-05-08,38.9
2013-05-09,38.9
2013-05-10,38.9
2013-05-13,38.9
2013-05-14,38.9
2013-05-15,38.9
2013-05-16,38.9
2013-05-17,38.9
2013-05-20,38.9
2013-05-21,38.9
2013-05-22,38.9
2013-05-23,38.9
2013-05-24,38.9
2013-05-27,38.9
2013-05-28,38.9
2013-05-29,38.9
2013-05-30,38.9
2013-05-31,38.9
2013-06-01,38.9
2013-06-03,38.9
2013-06-04,38.9
2013-06-05,38.9
2013-06-06,38.9
2013-06-07,38.9
2013-06-10,38.9
2013-06-11,38.9
2013-06-12,38.9
2013-06-13,38.9
2013-06-14,38.9
2013-06-17,38.9
2013-06-18,38.9
2013-06-19,38.9
2013-06-20,38.9
2013-06-21,38.9
2013-06-24,38.9
2013-06-25,38.9
2013-06-26,38.9
2013-06-27,38.9
2013-06-28,38.9
2013-07-01,38.9
2013-07-02,38.9
2013-07-03,38.9
2013-07-04,38.9
2013-07-05,38.9
2013-07-08,38.9
2013-07-09,38.9
2013-07-10,38.9
2013-07-11,38.9
2013-07-12,38.9
2013-07-15,38.9
2013-07-16,38.9
2013-07-17,38.9
2013-07-18,38.9
2013-07-19,38.9
2013-07-22,38.9
2013-07-23,38.9
2013-07-24,38.9
2013-07-25,38.9
2013-07-26,38.9
2013-07-29,38.9
2013-07-30,38.9
2013-07-31,38.9
2013-08-01,38.7
2013-08-02,38.7
2013-08-05,38.7
2013-08-06,38.7
2013-08-07,38.7
2013-08-08,38.7
2013-08-09,38.7
2013-08-12,38.7
2013-08-13,38.7
2013-08-14,38.7
2013-08-15,38.7
2013-08-16,38.7
2013-08-19,38.7
2013-08-20,38.7
2013-08-21,38.7
2013-08-22,38.7
2013-08-23,38.7
2013-08-26,38.7
2013-08-27,38.7
2013-08-28,38.7
2013-08-29,38.7
2013-08-30,38.7
2013-09-01,38.4
2013-09-02,38.4
2013-09-03,38.4
2013-09-04,38.4
2013-09-05,38.4
2013-09-06,38.4
2013-09-09,38.4
2013-09-10,38.4
2013-09-11,38.4
2013-09-12,38.4
2013-09-13,38.4
2013-09-16,38.4
2013-09-17,38.4
2013-09-18,38.4
2013-09-19,38.4
2013-09-20,38.4
2013-09-23,38.4
2013-09-24,38.4
2013-09-25,38.4
2013-09-26,38.4
2013-09-27,38.4
2013-09-30,38.4
2013-10-01,38.5
2013-10-02,38.5
2013-10-03,38.5
2013-10-04,38.5
2013-10-07,38.5
2013-10-08,38.5
2013-10-09,38.5
2013-10-10,38.5
2013-10-11,38.5
2013-10-14,38.5
2013-10-15,38.5
2013-10-16,38.5
2013-10-17,38.5
2013-10-18,38.5
2013-10-21,38.5
2013-10-22,38.5
2013-10-23,38.5
2013-10-24,38.5
2013-10-25,38.5
2013-10-28,38.5
2013-10-29,38.5
2013-10-30,38.5
2013-10-31,38.5
2013-11-01,38.5
2013-11-04,38.5
2013-11-05,38.5
2013-11-06,38.5
2013-11-07,38.5
2013-11-08,38.5
2013-11-11,38.5
2013-11-12,38.5
2013-11-13,38.5
2013-11-14,38.5
2013-11-15,38.5
2013-11-18,38.5
2013-11-19,38.5
2013-11-20,38.5
2013-11-21,38.5
2013-11-22,38.5
2013-11-25,38.5
2013-11-26,38.5
2013-11-27,38.5
2013-11-28,38.5
2013-11-29,38.5
2013-12-01,38.5
2013-12-02,38.5
2013-12-03,38.5
2013-12-04,38.5
2013-12-05,38.5
2013-12-06,38.5
2013-12-09,38.5
2013-12-10,38.5
2013-12-11,38.5
2013-12-12,38.5
2013-12-13,38.5
2013-12-16,38.5
2013-12-17,38.5
2013-12-18,38.5
2013-12-19,38.5
2013-12-20,38.5
2013-12-23,38.5
2013-12-24,38.5
2013-12-25,38.5
2013-12-26,38.5
2013-12-27,38.5
2013-12-30,38.5
2013-12-31,38.5
2014-01-01,37.8
2014-01-02,37.8
2014-01-03,37.8
2014-01-06,37.8
2014-01-07,37.8
2014-01-08,37.8
2014-01-09,37.8
2014-01-10,37.8
2014-01-13,37.8
2014-01-14,37.8
2014-01-15,37.8
2014-01-16,37.8
2014-01-17,37.8
2014-01-20,37.8
2014-01-21,37.8
2014-01-22,37.8
2014-01-23,37.8
2014-01-24,37.8
2014-01-27,37.8
2014-01-28,37.8
2014-01-29,37.8
2014-01-30,37.8
2014-01-31,37.8
2014-02-01,37.6
2014-02-03,37.6
2014-02-04,37.6
2014-02-05,37.6
2014-02-06,37.6
2014-02-07,37.6
2014-02-10,37.6
2014-02-11,37.6
2014-02-12,37.6
2014-02-13,37.6
2014-02-14,37.6
2014-02-17,37.6
2014-02-18,37.6
2014-02-19,37.6
2014-02-20,37.6
2014-02-21,37.6
2014-02-24,37.6
2014-02-25,37.6
2014-02-26,37.6
2014-02-27,37.6
2014-02-28,37.6
2014-03-01,37.5
2014-03-03,37.5
2014-03-04,37.5
2014-03-05,37.5
2014-03-06,37.5
2014-03-07,37.5
2014-03-10,37.5
2014-03-11,37.5
2014-03-12,37.5
2014-03-13,37.5
2014-03-14,37.5
2014-03-17,37.5
2014-03-18,37.5
2014-03-19,37.5
2014-03-20,37.5
2014-03-21,37.5
2014-03-24,37.5
2014-03-25,37.5
2014-03-26,37.5
2014-03-27,37.5
2014-03-28,37.5
2014-03-31,37.5
2014-04-01,37.4
2014-04-02,37.4
2014-04-03,37.4
2014-04-04,37.4
2014-04-07,37.4
2014-04-08,37.4
2014-04-09,37.4
2014-04-10,37.4
2014-04-11,37.4
2014-04-14,37.4
2014-04-15,37.4
2014-04-16,37.4
2014-04-17,37.4
2014-04-18,37.4
2014-04-21,37.4
2014-04-22,37.4
2014-04-23,37.4
2014-04-24,37.4
2014-04-25,37.4
2014-04-28,37.4
2014-04-29,37.4
2014-04-30,37.4
2014-05-01,37.4
2014-05-02,37.4
2014-05-05,37.4
2014-05-06,37.4
2014-05-07,37.4
2014-05-08,37.4
2014-05-09,37.4
2014-05-12,37.4
2014-05-13,37.4
2014-05-14,37.4
2014-05-15,37.4
2014-05-16,37.4
2014-05-19,37.4
2014-05-20,37.4
2014-05-21,37.4
2014-05-22,37.4
2014-05-23,37.4
2014-05-26,37.4
2014-05-27,37.4
2014-05-28,37.4
2014-05-29,37.4
2014-05-30,37.4
2014-06-01,37.4
2014-06-02,37.4
2014-06-03,37.4
2014-06-04,37.4
2014-06-05,37.4
2014-06-06,37.4
2014-06-09,37.4
2014-06-10,37.4
2014-06-11,37.4
2014-06-12,37.4
2014-06-13,37.4
2014-06-16,37.4
2014-06-17,37.4
2014-06-18,37.4
2014-06-19,37.4
2014-06-20,37.4
2014-06-23,37.4
2014-06-24,37.4
2014-06-25,37.4
2014-06-26,37.4
2014-06-27,37.4
2014-06-30,37.4
2014-07-01,37.5
2014-07-02,37.5
2014-07-03,37.5
2014-07-04,37.5
2014-07-07,37.5
2014-07-08,37.5
2014-07-09,37.5
2014-07-10,37.5
2014-07-11,37.5
2014-07-14,37.5
2014-07-15,37.5
2014-07-16,37.5
2014-07-17,37.5
2014-07-18,37.5
2014-07-21,37.5
2014-07-22,37.5
2014-07-23,37.5
2014-07-24,37.5
2014-07-25,37.5
2014-07-28,37.5
2014-07-29,37.5
2014-07-30,37.5
2014-07-31,37.5
2014-08-01,37.4
2014-08-04,37.4
2014-08-05,37.4
2014-08-06,37.4
2014-08-07,37.4
2014-08-08,37.4
2014-08-11,37.4
2014-08-12,37.4
2014-08-13,37.4
2014-08-14,37.4
2014-08-15,37.4
2014-08-18,37.4
2014-08-19,37.4
2014-08-20,37.4
2014-08-21,37.4
2014-08-22,37.4
2014-08-25,37.4
2014-08-26,37.4
2014-08-27,37.4
2014-08-28,37.4
2014-08-29,37.4
2014-09-01,37.5
2014-09-02,37.5
2014-09-03,37.5
2014-09-04,37.5
2014-09-05,37.5
2014-09-08,37.5
2014-09-09,37.5
2014-09-10,37.5
2014-09-11,37.5
2014-09-12,37.5
2014-09-15,37.5
2014-09-16,37.5
2014-09-17,37.5
2014-09-18,37.5
2014-09-19,37.5
2014-09-22,37.5
2014-09-23,37.5
2014-09-24,37.5
2014-09-25,37.5
2014-09-26,37.5
2014-09-29,37.5
2014-09-30,37.5
2014-10-01,37.5
2014-10-02,37.5
2014-10-03,37.5
2014-10-06,37.5
2014-10-07,37.5
2014-10-08,37.5
2014-10-09,37.5
2014-10-10,37.5
2014-10-13,37.5
2014-10-14,37.5
2014-10-15,37.5
2014-10-16,37.5
2014-10-17,37.5
2014-10-20,37.5
2014-10-21,37.5
2014-10-22,37.5
2014-10-23,37.5
2014-10-24,37.5
2014-10-27,37.5
2014-10-28,37.5
2014-10-29,37.5
2014-10-30,37.5
2014-10-31,37.5
2014-11-01,37.4
2014-11-03,37.4
2014-11-04,37.4
2014-11-05,37.4
2014-11-06,37.4
2014-11-07,37.4
2014-11-10,37.4
2014-11-11,37.4
2014-11-12,37.4
2014-11-13,37.4
2014-11-14,37.4
2014-11-17,37.4
2014-11-18,37.4
2014-11-19,37.4
2014-11-20,37.4
2014-11-21,37.4
2014-11-24,37.4
2014-11-25,37.4
2014-11-26,37.4
2014-11-27,37.4
2014-11-28,37.4
2014-12-01,37.3
2014-12-02,37.3
2014-12-03,37.3
2014-12-04,37.3
2014-12-05,37.3
2014-12-08,37.3
2014-12-09,37.3
2014-12-10,37.3
2014-12-11,37.3
2014-12-12,37.3
2014-12-15,37.3
2014-12-16,37.3
2014-12-17,37.3
2014-12-18,37.3
2014-12-19,37.3
2014-12-22,37.3
2014-12-23,37.3
2014-12-24,37.3
2014-12-25,37.3
2014-12-26,37.3
2014-12-29,37.3
2014-12-30,37.3
2014-12-31,37.3
2015-01-01,37.2
2015-01-02,37.2
2015-01-05,37.2
2015-01-06,37.2
2015-01-07,37.2
2015-01-08,37.2
2015-01-09,37.2
2015-01-12,37.2
2015-01-13,37.2
2015-01-14,37.2
2015-01-15,37.2
2015-01-16,37.2
2015-01-19,37.2
2015-01-20,37.2
2015-01-21,37.2
2015-01-22,37.2
2015-01-23,37.2
2015-01-26,37.2
2015-01-27,37.2
2015-01-28,37.2
2015-01-29,37.2
2015-01-30,37.2
2015-02-01,37.3
2015-02-02,37.3
2015-02-03,37.3
2015-02-04,37.3
2015-02-05,37.3
2015-02-06,37.3
2015-02-09,37.3
2015-02-10,37.3
2015-02-11,37.3
2015-02-12,37.3
2015-02-13,37.3
2015-02-16,37.3
2015-02-17,37.3
2015-02-18,37.3
2015-02-19,37.3
2015-02-20,37.3
2015-02-23,37.3
2015-02-24,37.3
2015-02-25,37.3
2015-02-26,37.3
2015-02-27,37.3
2015-03-01,37.2
2015-03-02,37.2
2015-03-03,37.2
2015-03-04,37.2
2015-03-05,37.2
2015-03-06,37.2
2015-03-09,37.2
2015-03-10,37.2
2015-03-11,37.2
2015-03-12,37.2
2015-03-13,37.2
2015-03-16,37.2
2015-03-17,37.2
2015-03-18,37.2
2015-03-19,37.2
2015-03-20,37.2
2015-03-23,37.2
2015-03-24,37.2
2015-03-25,37.2
2015-03-26,37.2
2015-03-27,37.2
2015-03-30,37.2
2015-03-31,37.2
2015-04-01,37.1
2015-04-02,37.1
2015-04-03,37.1
2015-04-06,37.1
2015-04-07,37.1
2015-04-08,37.1
2015-04-09,37.1
2015-04-10,37.1
2015-04-13,37.1
2015-04-14,37.1
2015-04-15,37.1
2015-04-16,37.1
2015-04-17,37.1
2015-04-20,37.1
2015-04-21,37.1
2015-04-22,37.1
2015-04-23,37.1
2015-04-24,37.1
2015-04-27,37.1
2015-04-28,37.1
2015-04-29,37.1
2015-04-30,37.1
2015-05-01,37.2
2015-05-04,37.2
2015-05-05,37.2
2015-05-06,37.2
2015-05-07,37.2
2015-05-08,37.2
2015-05-11,37.2
2015-05-12,37.2
2015-05-13,37.2
2015-05-14,37.2
2015-05-15,37.2
2015-05-18,37.2
2015-05-19,37.2
2015-05-20,37.2
2015-05-21,37.2
2015-05-22,37.2
2015-05-25,37.2
2015-05-26,37.2
2015-05-27,37.2
2015-05-28,37.2
2015-05-29,37.2
2015-06-01,36.8
2015-06-02,36.8
2015-06-03,36.8
2015-06-04,36.8
2015-06-05,36.8
2015-06-08,36.8
2015-06-09,36.8
2015-06-10,36.8
2015-06-11,36.8
2015-06-12,36.8
2015-06-15,36.8
2015-06-16,36.8
2015-06-17,36.8
2015-06-18,36.8
2015-06-19,36.8
2015-06-22,36.8
2015-06-23,36.8
2015-06-24,36.8
2015-06-25,36.8
2015-06-26,36.8
2015-06-29,36.8
2015-06-30,36.8
2015-07-01,36.9
2015-07-02,36.9
2015-07-03,36.9
2015-07-06,36.9
2015-07-07,36.9
2015-07-08,36.9
2015-07-09,36.9
2015-07-10,36.9
2015-07-13,36.9
2015-07-14,36.9
2015-07-15,36.9
2015-07-16,36.9
2015-07-17,36.9
2015-07-20,36.9
2015-07-21,36.9
2015-07-22,36.9
2015-07-23,36.9
2015-07-24,36.9
2015-07-27,36.9
2015-07-28,36.9
2015-07-29,36.9
2015-07-30,36.9
2015-07-31,36.9
2015-08-01,36.6
2015-08-03,36.6
2015-08-04,36.6
2015-08-05,36.6
2015-08-06,36.6
2015-08-07,36.6
2015-08-10,36.6
2015-08-11,36.6
2015-08-12,36.6
2015-08-13,36.6
2015-08-14,36.6
2015-08-17,36.6
2015-08-18,36.6
2015-08-19,36.6
2015-08-20,36.6
2015-08-21,36.6
2015-08-24,36.6
2015-08-25,36.6
2015-08-26,36.6
2015-08-27,36.6
2015-08-28,36.6
2015-08-31,36.6
2015-09-01,36.5
2015-09-02,36.5
2015-09-03,36.5
2015-09-04,36.5
2015-09-07,36.5
2015-09-08,36.5
2015-09-09,36.5
2015-09-10,36.5
2015-09-11,36.5
2015-09-14,36.5
2015-09-15,36.5
2015-09-16,36.5
2015-09-17,36.5
2015-09-18,36.5
2015-09-21,36.5
2015-09-22,36.5
2015-09-23,36.5
2015-09-24,36.5
2015-09-25,36.5
2015-09-28,36.5
2015-09-29,36.5
2015-09-30,36.5
2015-10-01,36.5
2015-10-02,36.5
2015-10-05,36.5
2015-10-06,36.5
2015-10-07,36.5
2015-10-08,36.5
2015-10-09,36.5
2015-10-12,36.5
2015-10-13,36.5
2015-10-14,36.5
2015-10-15,36.5
2015-10-16,36.5
2015-10-19,36.5
2015-10-20,36.5
2015-10-21,36.5
2015-10-22,36.5
2015-10-23,36.5
2015-10-26,36.5
2015-10-27,36.5
2015-10-28,36.5
2015-10-29,36.5
2015-10-30,36.5
2015-11-01,36.4
2015-11-02,36.4
2015-11-03,36.4
2015-11-04,36.4
2015-11-05,36.4
2015-11-06,36.4
2015-11-09,36.4
2015-11-10,36.4
2015-11-11,36.4
2015-11-12,36.4
2015-11-13,36.4
2015-11-16,36.4
2015-11-17,36.4
2015-11-18,36.4
2015-11-19,36.4
2015-11-20,36.4
2015-11-23,36.4
2015-11-24,36.4
2015-11-25,36.4
2015-11-26,36.4
2015-11-27,36.4
2015-11-30,36.4
2015-12-01,36.3
2015-12-02,36.3
2015-12-03,36.3
2015-12-04,36.3
2015-12-07,36.3
2015-12-08,36.3
2015-12-09,36.3
2015-12-10,36.3
2015-12-11,36.3
2015-12-14,36.3
2015-12-15,36.3
2015-12-16,36.3
2015-12-17,36.3
2015-12-18,36.3
2015-12-21,36.3
2015-12-22,36.3
2015-12-23,36.3
2015-12-24,36.3
2015-12-25,36.3
2015-12-28,36.3
2015-12-29,36.3
2015-12-30,36.3
2015-12-31,36.3
2016-01-01,35.9
2016-01-04,35.9
2016-01-05,35.9
2016-01-06,35.9
2016-01-07,35.9
2016-01-08,35.9
2016-01-11,35.9
2016-01-12,35.9
2016-01-13,35.9
2016-01-14,35.9
2016-01-15,35.9
2016-01-18,35.9
2016-01-19,35.9
2016-01-20,35.9
2016-01-21,35.9
2016-01-22,35.9
2016-01-25,35.9
2016-01-26,35.9
2016-01-27,35.9
2016-01-28,35.9
2016-01-29,35.9
2016-02-01,35.7
2016-02-02,35.7
2016-02-03,35.7
2016-02-04,35.7
2016-02-05,35.7
2016-02-08,35.7
2016-02-09,35.7
2016-02-10,35.7
2016-02-11,35.7
2016-02-12,35.7
2016-02-15,35.7
2016-02-16,35.7
2016-02-17,35.7
2016-02-18,35.7
2016-02-19,35.7
2016-02-22,35.7
2016-02-23,35.7
2016-02-24,35.7
2016-02-25,35.7
2016-02-26,35.7
2016-02-29,35.7
2016-03-01,35.6
2016-03-02,35.6
2016-03-03,35.6
2016-03-04,35.6
2016-03-07,35.6
2016-03-08,35.6
2016-03-09,35.6
2016-03-10,35.6
2016-03-11,35.6
2016-03-14,35.6
2016-03-15,35.6
2016-03-16,35.6
2016-03-17,35.6
2016-03-18,35.6
2016-03-21,35.6
2016-03-22,35.6
2016-03-23,35.6
2016-03-24,35.6
2016-03-25,35.6
2016-03-28,35.6
2016-03-29,35.6
2016-03-30,35.6
2016-03-31,35.6
2016-04-01,35.6
2016-04-04,35.6
2016-04-05,35.6
2016-04-06,35.6
2016-04-07,35.6
2016-04-08,35.6
2016-04-11,35.6
2016-04-12,35.6
2016-04-13,35.6
2016-04-14,35.6
2016-04-15,35.6
2016-04-18,35.6
2016-04-19,35.6
2016-04-20,35.6
2016-04-21,35.6
2016-04-22,35.6
2016-04-25,35.6
2016-04-26,35.6
2016-04-27,35.6
2016-04-28,35.6
2016-04-29,35.6
2016-05-01,35.6
2016-05-02,35.6
2016-05-03,35.6
2016-05-04,35.6
2016-05-05,35.6
2016-05-06,35.6
2016-05-09,35.6
2016-05-10,35.6
2016-05-11,35.6
2016-05-12,35.6
2016-05-13,35.6
2016-05-16,35.6
2016-05-17,35.6
2016-05-18,35.6
2016-05-19,35.6
2016-05-20,35.6
2016-05-23,35.6
2016-05-24,35.6
2016-05-25,35.6
2016-05-26,35.6
2016-05-27,35.6
2016-05-30,35.6
2016-05-31,35.6
2016-06-01,35.5
2016-06-02,35.5
2016-06-03,35.5
2016-06-06,35.5
2016-06-07,35.5
2016-06-08,35.5
2016-06-09,35.5
2016-06-10,35.5
2016-06-13,35.5
2016-06-14,35.5
2016-06-15,35.5
2016-06-16,35.5
2016-06-17,35.5
2016-06-20,35.5
2016-06-21,35.5
2016-06-22,35.5
2016-06-23,35.5
2016-06-24,35.5
2016-06-27,35.5
2016-06-28,35.5
2016-06-29,35.5
2016-06-30,35.5
2016-07-01,35.5
2016-07-04,35.5
2016-07-05,35.5
2016-07-06,35.5
2016-07-07,35.5
2016-07-08,35.5
2016-07-11,35.5
2016-07-12,35.5
2016-07-13,35.5
2016-07-14,35.5
2016-07-15,35.5
2016-07-18,35.5
2016-07-19,35.5
2016-07-20,35.5
2016-07-21,35.5
2016-07-22,35.5
2016-07-25,35.5
2016-07-26,35.5
2016-07-27,35.5
2016-07-28,35.5
2016-07-29,35.5
2016-08-01,35.4
2016-08-02,35.4
2016-08-03,35.4
2016-08-04,35.4
2016-08-05,35.4
2016-08-08,35.4
2016-08-09,35.4
2016-08-10,35.4
2016-08-11,35.4
2016-08-12,35.4
2016-08-15,35.4
2016-08-16,35.4
2016-08-17,35.4
2016-08-18,35.4
2016-08-19,35.4
2016-08-22,35.4
2016-08-23,35.4
2016-08-24,35.4
2016-08-25,35.4
2016-08-26,35.4
2016-08-29,35.4
2016-08-30,35.4
2016-08-31,35.4
2016-09-01,35.4
2016-09-02,35.4
2016-09-05,35.4
2016-09-06,35.4
2016-09-07,35.4
2016-09-08,35.4
2016-09-09,35.4
2016-09-12,35.4
2016-09-13,35.4
2016-09-14,35.4
2016-09-15,35.4
2016-09-16,35.4
2016-09-19,35.4
2016-09-20,35.4
2016-09-21,35.4
2016-09-22,35.4
2016-09-23,35.4
2016-09-26,35.4
2016-09-27,35.4
2016-09-28,35.4
2016-09-29,35.4
2016-09-30,35.4
2016-10-01,35.2
2016-10-03,35.2
2016-10-04,35.2
2016-10-05,35.2
2016-10-06,35.2
2016-10-07,35.2
2016-10-10,35.2
2016-10-11,35.2
2016-10-12,35.2
2016-10-13,35.2
2016-10-14,35.2
2016-10-17,35.2
2016-10-18,35.2
2016-10-19,35.2
2016-10-20,35.2
2016-10-21,35.2
2016-10-24,35.2
2016-10-25,35.2
2016-10-26,35.2
2016-10-27,35.2
2016-10-28,35.2
2016-10-31,35.2
2016-11-01,35.1
2016-11-02,35.1
2016-11-03,35.1
2016-11-04,35.1
2016-11-07,35.1
2016-11-08,35.1
2016-11-09,35.1
2016-11-10,35.1
2016-11-11,35.1
2016-11-14,35.1
2016-11-15,35.1
2016-11-16,35.1
2016-11-17,35.1
2016-11-18,35.1
2016-11-21,35.1
2016-11-22,35.1
2016-11-23,35.1
2016-11-24,35.1
2016-11-25,35.1
2016-11-28,35.1
2016-11-29,35.1
2016-11-30,35.1
2016-12-01,35.1
2016-12-02,35.1
2016-12-05,35.1
2016-12-06,35.1
2016-12-07,35.1
2016-12-08,35.1
2016-12-09,35.1
2016-12-12,35.1
2016-12-13,35.1
2016-12-14,35.1
2016-12-15,35.1
2016-12-16,35.1
2016-12-19,35.1
2016-12-20,35.1
2016-12-21,35.1
2016-12-22,35.1
2016-12-23,35.1
2016-12-26,35.1
2016-12-27,35.1
2016-12-28,35.1
2016-12-29,35.1
2016-12-30,35.1
2017-01-01,35.6
2017-01-02,35.6
2017-01-03,35.6
2017-01-04,35.6
2017-01-05,35.6
2017-01-06,35.6
2017-01-09,35.6
2017-01-10,35.6
2017-01-11,35.6
2017-01-12,35.6
2017-01-13,35.6
2017-01-16,35.6
2017-01-17,35.6
2017-01-18,35.6
2017-01-19,35.6
2017-01-20,35.6
2017-01-23,35.6
2017-01-24,35.6
2017-01-25,35.6
2017-01-26,35.6
2017-01-27,35.6
2017-01-30,35.6
2017-01-31,35.6
2017-02-01,35.6
2017-02-02,35.6
2017-02-03,35.6
2017-02-06,35.6
2017-02-07,35.6
2017-02-08,35.6
2017-02-09,35.6
2017-02-10,35.6
2017-02-13,35.6
2017-02-14,35.6
2017-02-15,35.6
2017-02-16,35.6
2017-02-17,35.6
2017-02-20,35.6
2017-02-21,35.6
2017-02-22,35.6
2017-02-23,35.6
2017-02-24,35.6
2017-02-27,35.6
2017-02-28,35.6
2017-03-01,35.5
2017-03-02,35.5
2017-03-03,35.5
2017-03-06,35.5
2017-03-07,35.5
2017-03-08,35.5
2017-03-09,35.5
2017-03-10,35.5
2017-03-13,35.5
2017-03-14,35.5
2017-03-15,35.5
2017-03-16,35.5
2017-03-17,35.5
2017-03-20,35.5
2017-03-21,35.5
2017-03-22,35.5
2017-03-23,35.5
2017-03-24,35.5
2017-03-27,35.5
2017-03-28,35.5
2017-03-29,35.5
2017-03-30,35.5
2017-03-31,35.5
2017-04-01,35.8
2017-04-03,35.8
2017-04-04,35.8
2017-04-05,35.8
2017-04-06,35.8
2017-04-07,35.8
2017-04-10,35.8
2017-04-11,35.8
2017-04-12,35.8
2017-04-13,35.8
2017-04-14,35.8
2017-04-17,35.8
2017-04-18,35.8
2017-04-19,35.8
2017-04-20,35.8
2017-04-21,35.8
2017-04-24,35.8
2017-04-25,35.8
2017-04-26,35.8
2017-04-27,35.8
2017-04-28,35.8
2017-05-01,35.7
2017-05-02,35.7
2017-05-03,35.7
2017-05-04,35.7
2017-05-05,35.7
2017-05-08,35.7
2017-05-09,35.7
2017-05-10,35.7
2017-05-11,35.7
2017-05-12,35.7
2017-05-15,35.7
2017-05-16,35.7
2017-05-17,35.7
2017-05-18,35.7
2017-05-19,35.7
2017-05-22,35.7
2017-05-23,35.7
2017-05-24,35.7
2017-05-25,35.7
2017-05-26,35.7
2017-05-29,35.7
2017-05-30,35.7
2017-05-31,35.7
2017-06-01,35.7
2017-06-02,35.7
2017-06-05,35.7
2017-06-06,35.7
2017-06-07,35.7
2017-06-08,35.7
2017-06-09,35.7
2017-06-12,35.7
2017-06-13,35.7
2017-06-14,35.7
2017-06-15,35.7
2017-06-16,35.7
2017-06-19,35.7
2017-06-20,35.7
2017-06-21,35.7
2017-06-22,35.7
2017-06-23,35.7
2017-06-26,35.7
2017-06-27,35.7
2017-06-28,35.7
2017-06-29,35.7
2017-06-30,35.7
2017-07-01,34.7
2017-07-03,34.7
2017-07-04,34.7
2017-07-05,34.7
2017-07-06,34.7
2017-07-07,34.7
2017-07-10,34.7
2017-07-11,34.7
2017-07-12,34.7
2017-07-13,34.7
2017-07-14,34.7
2017-07-17,34.7
2017-07-18,34.7
2017-07-19,34.7
2017-07-20,34.7
2017-07-21,34.7
2017-07-24,34.7
2017-07-25,34.7
2017-07-26,34.7
2017-07-27,34.7
2017-07-28,34.7
2017-07-31,34.7
2017-08-01,34.5
2017-08-02,34.5
2017-08-03,34.5
2017-08-04,34.5
2017-08-07,34.5
2017-08-08,34.5
2017-08-09,34.5
2017-08-10,34.5
2017-08-11,34.5
2017-08-14,34.5
2017-08-15,34.5
2017-08-16,34.5
2017-08-17,34.5
2017-08-18,34.5
2017-08-21,34.5
2017-08-22,34.5
2017-08-23,34.5
2017-08-24,34.5
2017-08-25,34.5
2017-08-28,34.5
2017-08-29,34.5
2017-08-30,34.5
2017-08-31,34.5
2017-09-01,33.9
2017-09-04,33.9
2017-09-05,33.9
2017-09-06,33.9
2017-09-07,33.9
2017-09-08,33.9
2017-09-11,33.9
2017-09-12,33.9
2017-09-13,33.9
2017-09-14,33.9
2017-09-15,33.9
2017-09-18,33.9
2017-09-19,33.9
2017-09-20,33.9
2017-09-21,33.9
2017-09-22,33.9
2017-09-25,33.9
2017-09-26,33.9
2017-09-27,33.9
2017-09-28,33.9
2017-09-29,33.9
2017-10-01,33.9
2017-10-02,33.9
2017-10-03,33.9
2017-10-04,33.9
2017-10-05,33.9
2017-10-06,33.9
2017-10-09,33.9
2017-10-10,33.9
2017-10-11,33.9
2017-10-12,33.9
2017-10-13,33.9
2017-10-16,33.9
2017-10-17,33.9
2017-10-18,33.9
2017-10-19,33.9
2017-10-20,33.9
2017-10-23,33.9
2017-10-24,33.9
2017-10-25,33.9
2017-10-26,33.9
2017-10-27,33.9
2017-10-30,33.9
2017-10-31,33.9
2017-11-01,33.9
2017-11-02,33.9
2017-11-03,33.9
2017-11-06,33.9
2017-11-07,33.9
2017-11-08,33.9
2017-11-09,33.9
2017-11-10,33.9
2017-11-13,33.9
2017-11-14,33.9
2017-11-15,33.9
2017-11-16,33.9
2017-11-17,33.9
2017-11-20,33.9
2017-11-21,33.9
2017-11-22,33.9
2017-11-23,33.9
2017-11-24,33.9
2017-11-27,33.9
2017-11-28,33.9
2017-11-29,33.9
2017-11-30,33.9
2017-12-01,33.9
2017-12-04,33.9
2017-12-05,33.9
2017-12-06,33.9
2017-12-07,33.9
2017-12-08,33.9
2017-12-11,33.9
2017-12-12,33.9
2017-12-13,33.9
2017-12-14,33.9
2017-12-15,33.9
2017-12-18,33.9
2017-12-19,33.9
2017-12-20,33.9
2017-12-21,33.9
2017-12-22,33.9
2017-12-25,33.9
2017-12-26,33.9
2017-12-27,33.9
2017-12-28,33.9
2017-12-29,33.9
2018-01-01,34.0
2018-01-02,34.0
2018-01-03,34.0
2018-01-04,34.0
2018-01-05,34.0
2018-01-08,34.0
2018-01-09,34.0
2018-01-10,34.0
2018-01-11,34.0
2018-01-12,34.0
2018-01-15,34.0
2018-01-16,34.0
2018-01-17,34.0
2018-01-18,34.0
2018-01-19,34.0
2018-01-22,34.0
2018-01-23,34.0
2018-01-24,34.0
2018-01-25,34.0
2018-01-26,34.0
2018-01-29,34.0
2018-01-30,34.0
2018-01-31,34.0
2018-02-01,34.0
2018-02-02,34.0
2018-02-05,34.0
2018-02-06,34.0
2018-02-07,34.0
2018-02-08,34.0
2018-02-09,34.0
2018-02-12,34.0
2018-02-13,34.0
2018-02-14,34.0
2018-02-15,34.0
2018-02-16,34.0
2018-02-19,34.0
2018-02-20,34.0
2018-02-21,34.0
2018-02-22,34.0
2018-02-23,34.0
2018-02-26,34.0
2018-02-27,34.0
2018-02-28,34.0
2018-03-01,33.9
2018-03-02,33.9
2018-03-05,33.9
2018-03-06,33.9
2018-03-07,33.9
2018-03-08,33.9
2018-03-09,33.9
2018-03-12,33.9
2018-03-13,33.9
2018-03-14,33.9
2018-03-15,33.9
2018-03-16,33.9
2018-03-19,33.9
2018-03-20,33.9
2018-03-21,33.9
2018-03-22,33.9
2018-03-23,33.9
2018-03-26,33.9
2018-03-27,33.9
2018-03-28,33.9
2018-03-29,33.9
2018-03-30,33.9
2018-04-01,33.9
2018-04-02,33.9
2018-04-03,33.9
2018-04-04,33.9
2018-04-05,33.9
2018-04-06,33.9
2018-04-09,33.9
2018-04-10,33.9
2018-04-11,33.9
2018-04-12,33.9
2018-04-13,33.9
2018-04-16,33.9
2018-04-17,33.9
2018-04-18,33.9
2018-04-19,33.9
2018-04-20,33.9
2018-04-23,33.9
2018-04-24,33.9
2018-04-25,33.9
2018-04-26,33.9
2018-04-27,33.9
2018-04-30,33.9
2018-05-01,33.7
2018-05-02,33.7
2018-05-03,33.7
2018-05-04,33.7
2018-05-07,33.7
2018-05-08,33.7
2018-05-09,33.7
2018-05-10,33.7
2018-05-11,33.7
2018-05-14,33.7
2018-05-15,33.7
2018-05-16,33.7
2018-05-17,33.7
2018-05-18,33.7
2018-05-21,33.7
2018-05-22,33.7
2018-05-23,33.7
2018-05-24,33.7
2018-05-25,33.7
2018-05-28,33.7
2018-05-29,33.7
2018-05-30,33.7
2018-05-31,33.7
2018-06-01,33.7
2018-06-04,33.7
2018-06-05,33.7
2018-06-06,33.7
2018-06-07,33.7
2018-06-08,33.7
2018-06-11,33.7
2018-06-12,33.7
2018-06-13,33.7
2018-06-14,33.7
2018-06-15,33.7
2018-06-18,33.7
2018-06-19,33.7
2018-06-20,33.7
2018-06-21,33.7
2018-06-22,33.7
2018-06-25,33.7
2018-06-26,33.7
2018-06-27,33.7
2018-06-28,33.7
2018-06-29,33.7
2018-07-01,33.2
2018-07-02,33.2
2018-07-03,33.2
2018-07-04,33.2
2018-07-05,33.2
2018-07-06,33.2
2018-07-09,33.2
2018-07-10,33.2
2018-07-11,33.2
2018-07-12,33.2
2018-07-13,33.2
2018-07-16,33.2
2018-07-17,33.2
2018-07-18,33.2
2018-07-19,33.2
2018-07-20,33.2
2018-07-23,33.2
2018-07-24,33.2
2018-07-25,33.2
2018-07-26,33.2
2018-07-27,33.2
2018-07-30,33.2
2018-07-31,33.2
2018-08-01,32.7
2018-08-02,32.7
2018-08-03,32.7
2018-08-06,32.7
2018-08-07,32.7
2018-08-08,32.7
2018-08-09,32.7
2018-08-10,32.7
2018-08-13,32.7
2018-08-14,32.7
2018-08-15,32.7
2018-08-16,32.7
2018-08-17,32.7
2018-08-20,32.7
2018-08-21,32.7
2018-08-22,32.7
2018-08-23,32.7
2018-08-24,32.7
2018-08-27,32.7
2018-08-28,32.7
2018-08-29,32.7
2018-08-30,32.7
2018-08-31,32.7
2018-09-01,32.6
2018-09-03,32.6
2018-09-04,32.6
2018-09-05,32.6
2018-09-06,32.6
2018-09-07,32.6
2018-09-10,32.6
2018-09-11,32.6
2018-09-12,32.6
2018-09-13,32.6
2018-09-14,32.6
2018-09-17,32.6
2018-09-18,32.6
2018-09-19,32.6
2018-09-20,32.6
2018-09-21,32.6
2018-09-24,32.6
2018-09-25,32.6
2018-09-26,32.6
2018-09-27,32.6
2018-09-28,32.6
2018-10-01,32.3
2018-10-02,32.3
2018-10-03,32.3
2018-10-04,32.3
2018-10-05,32.3
2018-10-08,32.3
2018-10-09,32.3
2018-10-10,32.3
2018-10-11,32.3
2018-10-12,32.3
2018-10-15,32.3
2018-10-16,32.3
2018-10-17,32.3
2018-10-18,32.3
2018-10-19,32.3
2018-10-22,32.3
2018-10-23,32.3
2018-10-24,32.3
2018-10-25,32.3
2018-10-26,32.3
2018-10-29,32.3
2018-10-30,32.3
2018-10-31,32.3
2018-11-01,32.3
2018-11-02,32.3
2018-11-05,32.3
2018-11-06,32.3
2018-11-07,32.3
2018-11-08,32.3
2018-11-09,32.3
2018-11-12,32.3
2018-11-13,32.3
2018-11-14,32.3
2018-11-15,32.3
2018-11-16,32.3
2018-11-19,32.3
2018-11-20,32.3
2018-11-21,32.3
2018-11-22,32.3
2018-11-23,32.3
2018-11-26,32.3
2018-11-27,32.3
2018-11-28,32.3
2018-11-29,32.3
2018-11-30,32.3
2018-12-01,32.3
2018-12-03,32.3
2018-12-04,32.3
2018-12-05,32.3
2018-12-06,32.3
2018-12-07,32.3
2018-12-10,32.3
2018-12-11,32.3
2018-12-12,32.3
2018-12-13,32.3
2018-12-14,32.3
2018-12-17,32.3
2018-12-18,32.3
2018-12-19,32.3
2018-12-20,32.3
2018-12-21,32.3
2018-12-24,32.3
2018-12-25,32.3
2018-12-26,32.3
2018-12-27,32.3
2018-12-28,32.3
2018-12-31,32.3
2019-01-01,31.7
2019-01-02,31.7
2019-01-03,31.7
2019-01-04,31.7
2019-01-07,31.7
2019-01-08,31.7
2019-01-09,31.7
2019-01-10,31.7
2019-01-11,31.7
2019-01-14,31.7
2019-01-15,31.7
2019-01-16,31.7
2019-01-17,31.7
2019-01-18,31.7
2019-01-21,31.7
2019-01-22,31.7
2019-01-23,31.7
2019-01-24,31.7
2019-01-25,31.7
2019-01-28,31.7
2019-01-29,31.7
2019-01-30,31.7
2019-01-31,31.7
2019-02-01,31.6
2019-02-04,31.6
2019-02-05,31.6
2019-02-06,31.6
2019-02-07,31.6
2019-02-08,31.6
2019-02-11,31.6
2019-02-12,31.6
2019-02-13,31.6
2019-02-14,31.6
2019-02-15,31.6
2019-02-18,31.6
2019-02-19,31.6
2019-02-20,31.6
2019-02-21,31.6
2019-02-22,31.6
2019-02-25,31.6
2019-02-26,31.6
2019-02-27,31.6
2019-02-28,31.6
2019-03-01,31.6
2019-03-04,31.6
2019-03-05,31.6
2019-03-06,31.6
2019-03-07,31.6
2019-03-08,31.6
2019-03-11,31.6
2019-03-12,31.6
2019-03-13,31.6
2019-03-14,31.6
2019-03-15,31.6
2019-03-18,31.6
2019-03-19,31.6
2019-03-20,31.6
2019-03-21,31.6
2019-03-22,31.6
2019-03-25,31.6
2019-03-26,31.6
2019-03-27,31.6
2019-03-28,31.6
2019-03-29,31.6
2019-04-01,31.7
2019-04-02,31.7
2019-04-03,31.7
2019-04-04,31.7
2019-04-05,31.7
2019-04-08,31.7
2019-04-09,31.7
2019-04-10,31.7
2019-04-11,31.7
2019-04-12,31.7
2019-04-15,31.7
2019-04-16,31.7
2019-04-17,31.7
2019-04-18,31.7
2019-04-19,31.7
2019-04-22,31.7
2019-04-23,31.7
2019-04-24,31.7
2019-04-25,31.7
2019-04-26,31.7
2019-04-29,31.7
2019-04-30,31.7
2019-05-01,31.5
2019-05-02,31.5
2019-05-03,31.5
2019-05-06,31.5
2019-05-07,31.5
2019-05-08,31.5
2019-05-09,31.5
2019-05-10,31.5
2019-05-13,31.5
2019-05-14,31.5
2019-05-15,31.5
2019-05-16,31.5
2019-05-17,31.5
2019-05-20,31.5
2019-05-21,31.5
2019-05-22,31.5
2019-05-23,31.5
2019-05-24,31.5
2019-05-27,31.5
2019-05-28,31.5
2019-05-29,31.5
2019-05-30,31.5
2019-05-31,31.5
2019-06-01,31.5
2019-06-03,31.5
2019-06-04,31.5
2019-06-05,31.5
2019-06-06,31.5
2019-06-07,31.5
2019-06-10,31.5
2019-06-11,31.5
2019-06-12,31.5
2019-06-13,31.5
2019-06-14,31.5
2019-06-17,31.5
2019-06-18,31.5
2019-06-19,31.5
2019-06-20,31.5
2019-06-21,31.5
2019-06-24,31.5
2019-06-25,31.5
2019-06-26,31.5
2019-06-27,31.5
2019-06-28,31.5
2019-07-01,31.6
2019-07-02,31.6
2019-07-03,31.6
2019-07-04,31.6
2019-07-05,31.6
2019-07-08,31.6
2019-07-09,31.6
2019-07-10,31.6
2019-07-11,31.6
2019-07-12,31.6
2019-07-15,31.6
2019-07-16,31.6
2019-07-17,31.6
2019-07-18,31.6
2019-07-19,31.6
2019-07-22,31.6
2019-07-23,31.6
2019-07-24,31.6
2019-07-25,31.6
2019-07-26,31.6
2019-07-29,31.6
2019-07-30,31.6
2019-07-31,31.6
2019-08-01,31.6
2019-08-02,31.6
2019-08-05,31.6
2019-08-06,31.6
2019-08-07,31.6
2019-08-08,31.6
2019-08-09,31.6
2019-08-12,31.6
2019-08-13,31.6
2019-08-14,31.6
2019-08-15,31.6
2019-08-16,31.6
2019-08-19,31.6
2019-08-20,31.6
2019-08-21,31.6
2019-08-22,31.6
2019-08-23,31.6
2019-08-26,31.6
2019-08-27,31.6
2019-08-28,31.6
2019-08-29,31.6
2019-08-30,31.6
2019-09-01,31.7
2019-09-02,31.7
2019-09-03,31.7
2019-09-04,31.7
2019-09-05,31.7
2019-09-06,31.7
2019-09-09,31.7
2019-09-10,31.7
2019-09-11,31.7
2019-09-12,31.7
2019-09-13,31.7
2019-09-16,31.7
2019-09-17,31.7
2019-09-18,31.7
2019-09-19,31.7
2019-09-20,31.7
2019-09-23,31.7
2019-09-24,31.7
2019-09-25,31.7
2019-09-26,31.7
2019-09-27,31.7
2019-09-30,31.7
2019-10-01,31.6
2019-10-02,31.6
2019-10-03,31.6
2019-10-04,31.6
2019-10-07,31.6
2019-10-08,31.6
2019-10-09,31.6
2019-10-10,31.6
2019-10-11,31.6
2019-10-14,31.6
2019-10-15,31.6
2019-10-16,31.6
2019-10-17,31.6
2019-10-18,31.6
2019-10-21,31.6
2019-10-22,31.6
2019-10-23,31.6
2019-10-24,31.6
2019-10-25,31.6
2019-10-28,31.6
2019-10-29,31.6
2019-10-30,31.6
2019-10-31,31.6
2019-11-01,31.5
2019-11-04,31.5
2019-11-05,31.5
2019-11-06,31.5
2019-11-07,31.5
2019-11-08,31.5
2019-11-11,31.5
2019-11-12,31.5
2019-11-13,31.5
2019-11-14,31.5
2019-11-15,31.5
2019-11-18,31.5
2019-11-19,31.5
2019-11-20,31.5
2019-11-21,31.5
2019-11-22,31.5
2019-11-25,31.5
2019-11-26,31.5
2019-11-27,31.5
2019-11-28,31.5
2019-11-29,31.5
2019-12-01,31.6
2019-12-02,31.6
2019-12-03,31.6
2019-12-04,31.6
2019-12-05,31.6
2019-12-06,31.6
2019-12-09,31.6
2019-12-10,31.6
2019-12-11,31.6
2019-12-12,31.6
2019-12-13,31.6
2019-12-16,31.6
2019-12-17,31.6
2019-12-18,31.6
2019-12-19,31.6
2019-12-20,31.6
2019-12-23,31.6
2019-12-24,31.6
2019-12-25,31.6
2019-12-26,31.6
2019-12-27,31.6
2019-12-30,31.6
2019-12-31,31.6
2020-01-01,31.4
2020-01-02,31.4
2020-01-03,31.4
2020-01-06,31.4
2020-01-07,31.4
2020-01-08,31.4
2020-01-09,31.4
2020-01-10,31.4
2020-01-13,31.4
2020-01-14,31.4
2020-01-15,31.4
2020-01-16,31.4
2020-01-17,31.4
2020-01-20,31.4
2020-01-21,31.4
2020-01-22,31.4
2020-01-23,31.4
2020-01-24,31.4
2020-01-27,31.4
2020-01-28,31.4
2020-01-29,31.4
2020-01-30,31.4
2020-01-31,31.4
2020-02-01,31.4
2020-02-03,31.4
2020-02-04,31.4
2020-02-05,31.4
2020-02-06,31.4
2020-02-07,31.4
2020-02-10,31.4
2020-02-11,31.4
2020-02-12,31.4
2020-02-13,31.4
2020-02-14,31.4
2020-02-17,31.4
2020-02-18,31.4
2020-02-19,31.4
2020-02-20,31.4
2020-02-21,31.4
2020-02-24,31.4
2020-02-25,31.4
2020-02-26,31.4
2020-02-27,31.4
2020-02-28,31.4
2020-03-01,31.6
2020-03-02,31.6
2020-03-03,31.6
2020-03-04,31.6
2020-03-05,31.6
2020-03-06,31.6
2020-03-09,31.6
2020-03-10,31.6
2020-03-11,31.6
2020-03-12,31.6
2020-03-13,31.6
2020-03-16,31.6
2020-03-17,31.6
2020-03-18,31.6
2020-03-19,31.6
2020-03-20,31.6
2020-03-23,31.6
2020-03-24,31.6
2020-03-25,31.6
2020-03-26,31.6
2020-03-27,31.6
2020-03-30,31.6
2020-03-31,31.6
2020-04-01,30.6
2020-04-02,30.6
2020-04-03,30.6
2020-04-06,30.6
2020-04-07,30.6
2020-04-08,30.6
2020-04-09,30.6
2020-04-10,30.6
2020-04-13,30.6
2020-04-14,30.6
2020-04-15,30.6
2020-04-16,30.6
2020-04-17,30.6
2020-04-20,30.6
2020-04-21,30.6
2020-04-22,30.6
2020-04-23,30.6
2020-04-24,30.6
2020-04-27,30.6
2020-04-28,30.6
2020-04-29,30.6
2020-04-30,30.6
2020-05-01,30.6
2020-05-04,30.6
2020-05-05,30.6
2020-05-06,30.6
2020-05-07,30.6
2020-05-08,30.6
2020-05-11,30.6
2020-05-12,30.6
2020-05-13,30.6
2020-05-14,30.6
2020-05-15,30.6
2020-05-18,30.6
2020-05-19,30.6
2020-05-20,30.6
2020-05-21,30.6
2020-05-22,30.6
2020-05-25,30.6
2020-05-26,30.6
2020-05-27,30.6
2020-05-28,30.6
2020-05-29,30.6
2020-06-01,30.6
2020-06-02,30.6
2020-06-03,30.6
2020-06-04,30.6
2020-06-05,30.6
2020-06-08,30.6
2020-06-09,30.6
2020-06-10,30.6
2020-06-11,30.6
2020-06-12,30.6
2020-06-15,30.6
2020-06-16,30.6
2020-06-17,30.6
2020-06-18,30.6
2020-06-19,30.6
2020-06-22,30.6
2020-06-23,30.6
2020-06-24,30.6
2020-06-25,30.6
2020-06-26,30.6
2020-06-29,30.6
2020-06-30,30.6
2020-07-01,30.3
2020-07-02,30.3
2020-07-03,30.3
2020-07-06,30.3
2020-07-07,30.3
2020-07-08,30.3
2020-07-09,30.3
2020-07-10,30.3
2020-07-13,30.3
2020-07-14,30.3
2020-07-15,30.3
2020-07-16,30.3
2020-07-17,30.3
2020-07-20,30.3
2020-07-21,30.3
2020-07-22,30.3
2020-07-23,30.3
2020-07-24,30.3
2020-07-27,30.3
2020-07-28,30.3
2020-07-29,30.3
2020-07-30,30.3
2020-07-31,30.3
2020-08-01,30.2
2020-08-03,30.2
2020-08-04,30.2
2020-08-05,30.2
2020-08-06,30.2
2020-08-07,30.2
2020-08-10,30.2
2020-08-11,30.2
2020-08-12,30.2
2020-08-13,30.2
2020-08-14,30.2
2020-08-17,30.2
2020-08-18,30.2
2020-08-19,30.2
2020-08-20,30.2
2020-08-21,30.2
2020-08-24,30.2
2020-08-25,30.2
2020-08-26,30.2
2020-08-27,30.2
2020-08-28,30.2
2020-08-31,30.2
2020-09-01,30.2
2020-09-02,30.2
2020-09-03,30.2
2020-09-04,30.2
2020-09-07,30.2
2020-09-08,30.2
2020-09-09,30.2
2020-09-10,30.2
2020-09-11,30.2
2020-09-14,30.2
2020-09-15,30.2
2020-09-16,30.2
2020-09-17,30.2
2020-09-18,30.2
2020-09-21,30.2
2020-09-22,30.2
2020-09-23,30.2
2020-09-24,30.2
2020-09-25,30.2
2020-09-28,30.2
2020-09-29,30.2
2020-09-30,30.2
2020-10-01,29.1
2020-10-02,29.1
2020-10-05,29.1
2020-10-06,29.1
2020-10-07,29.1
2020-10-08,29.1
2020-10-09,29.1
2020-10-12,29.1
2020-10-13,29.1
2020-10-14,29.1
2020-10-15,29.1
2020-10-16,29.1
2020-10-19,29.1
2020-10-20,29.1
2020-10-21,29.1
2020-10-22,29.1
2020-10-23,29.1
2020-10-26,29.1
2020-10-27,29.1
2020-10-28,29.1
2020-10-29,29.1
2020-10-30,29.1
2020-11-01,29.1
2020-11-02,29.1
2020-11-03,29.1
2020-11-04,29.1
2020-11-05,29.1
2020-11-06,29.1
2020-11-09,29.1
2020-11-10,29.1
2020-11-11,29.1
2020-11-12,29.1
2020-11-13,29.1
2020-11-16,29.1
2020-11-17,29.1
2020-11-18,29.1
2020-11-19,29.1
2020-11-20,29.1
2020-11-23,29.1
2020-11-24,29.1
2020-11-25,29.1
2020-11-26,29.1
2020-11-27,29.1
2020-11-30,29.1
2020-12-01,29.3
2020-12-02,29.3
2020-12-03,29.3
2020-12-04,29.3
2020-12-07,29.3
2020-12-08,29.3
2020-12-09,29.3
2020-12-10,29.3
2020-12-11,29.3
2020-12-14,29.3
2020-12-15,29.3
2020-12-16,29.3
2020-12-17,29.3
2020-12-18,29.3
2020-12-21,29.3
2020-12-22,29.3
2020-12-23,29.3
2020-12-24,29.3
2020-12-25,29.3
2020-12-28,29.3
2020-12-29,29.3
2020-12-30,29.3
2020-12-31,29.3
2021-01-01,29.1
2021-01-04,29.1
2021-01-05,29.1
2021-01-06,29.1
2021-01-07,29.1
2021-01-08,29.1
2021-01-11,29.1
2021-01-12,29.1
2021-01-13,29.1
2021-01-14,29.1
2021-01-15,29.1
2021-01-18,29.1
2021-01-19,29.1
2021-01-20,29.1
2021-01-21,29.1
2021-01-22,29.1
2021-01-25,29.1
2021-01-26,29.1
2021-01-27,29.1
2021-01-28,29.1
2021-01-29,29.1
2021-02-01,29.1
2021-02-02,29.1
2021-02-03,29.1
2021-02-04,29.1
2021-02-05,29.1
2021-02-08,29.1
2021-02-09,29.1
2021-02-10,29.1
2021-02-11,29.1
2021-02-12,29.1
2021-02-15,29.1
2021-02-16,29.1
2021-02-17,29.1
2021-02-18,29.1
2021-02-19,29.1
2021-02-22,29.1
2021-02-23,29.1
2021-02-24,29.1
2021-02-25,29.1
2021-02-26,29.1
2021-03-01,29.1
2021-03-02,29.1
2021-03-03,29.1
2021-03-04,29.1
2021-03-05,29.1
2021-03-08,29.1
2021-03-09,29.1
2021-03-10,29.1
2021-03-11,29.1
2021-03-12,29.1
2021-03-15,29.1
2021-03-16,29.1
2021-03-17,29.1
2021-03-18,29.1
2021-03-19,29.1
2021-03-22,29.1
2021-03-23,29.1
2021-03-24,29.1
2021-03-25,29.1
2021-03-26,29.1
2021-03-29,29.1
2021-03-30,29.1
2021-03-31,29.1
2021-04-01,29.0
2021-04-02,29.0
2021-04-05,29.0
2021-04-06,29.0
2021-04-07,29.0
2021-04-08,29.0
2021-04-09,29.0
2021-04-12,29.0
2021-04-13,29.0
2021-04-14,29.0
2021-04-15,29.0
2021-04-16,29.0
2021-04-19,29.0
2021-04-20,29.0
2021-04-21,29.0
2021-04-22,29.0
2021-04-23,29.0
2021-04-26,29.0
2021-04-27,29.0
2021-04-28,29.0
2021-04-29,29.0
2021-04-30,29.0
2021-05-01,29.2
2021-05-03,29.2
2021-05-04,29.2
2021-05-05,29.2
2021-05-06,29.2
2021-05-07,29.2
2021-05-10,29.2
2021-05-11,29.2
2021-05-12,29.2
2021-05-13,29.2
2021-05-14,29.2
2021-05-17,29.2
2021-05-18,29.2
2021-05-19,29.2
2021-05-20,29.2
2021-05-21,29.2
2021-05-24,29.2
2021-05-25,29.2
2021-05-26,29.2
2021-05-27,29.2
2021-05-28,29.2
2021-05-31,29.2
2021-06-01,29.3
2021-06-02,29.3
2021-06-03,29.3
2021-06-04,29.3
2021-06-07,29.3
2021-06-08,29.3
2021-06-09,29.3
2021-06-10,29.3
2021-06-11,29.3
2021-06-14,29.3
2021-06-15,29.3
2021-06-16,29.3
2021-06-17,29.3
2021-06-18,29.3
2021-06-21,29.3
2021-06-22,29.3
2021-06-23,29.3
2021-06-24,29.3
2021-06-25,29.3
2021-06-28,29.3
2021-06-29,29.3
2021-06-30,29.3
2021-07-01,28.898
2021-07-02,28.898
2021-07-05,28.898
2021-07-06,28.898
2021-07-07,28.898
2021-07-08,28.898
2021-07-09,28.898
2021-07-12,28.898
2021-07-13,28.898
2021-07-14,28.898
2021-07-15,28.898
2021-07-16,28.898
2021-07-19,28.898
2021-07-20,28.898
2021-07-21,28.898
2021-07-22,28.898
2021-07-23,28.898
2021-07-26,28.898
2021-07-27,28.898
2021-07-28,28.898
2021-07-29,28.898
2021-07-30,28.898
2021-08-01,29.073
2021-08-02,29.073
2021-08-03,29.073
2021-08-04,29.073
2021-08-05,29.073
2021-08-06,29.073
2021-08-09,29.073
2021-08-10,29.073
2021-08-11,29.073
2021-08-12,29.073
2021-08-13,29.073
2021-08-16,29.073
2021-08-17,29.073
2021-08-18,29.073
2021-08-19,29.073
2021-08-20,29.073
2021-08-23,29.073
2021-08-24,29.073
2021-08-25,29.073
2021-08-26,29.073
2021-08-27,29.073
2021-08-30,29.073
2021-08-31,29.073
2021-09-01,29.068
2021-09-02,29.068
2021-09-03,29.068
2021-09-06,29.068
2021-09-07,29.068
2021-09-08,29.068
2021-09-09,29.068
2021-09-10,29.068
2021-09-13,29.068
2021-09-14,29.068
2021-09-15,29.068
2021-09-16,29.068
2021-09-17,29.068
2021-09-20,29.068
2021-09-21,29.068
2021-09-22,29.068
2021-09-23,29.068
2021-09-24,29.068
2021-09-27,29.068
2021-09-28,29.068
2021-09-29,29.068
2021-09-30,29.068
2021-10-01,28.853
2021-10-04,28.853
2021-10-05,28.853
2021-10-06,28.853
2021-10-07,28.853
2021-10-08,28.853
2021-10-11,28.853
2021-10-12,28.853
2021-10-13,28.853
2021-10-14,28.853
2021-10-15,28.853
2021-10-18,28.853
2021-10-19,28.853
2021-10-20,28.853
2021-10-21,28.853
2021-10-22,28.853
2021-10-25,28.853
2021-10-26,28.853
2021-10-27,28.853
2021-10-28,28.853
2021-10-29,28.853
2021-11-01,29.074
2021-11-02,29.074
2021-11-03,29.074
2021-11-04,29.074
2021-11-05,29.074
2021-11-08,29.074
2021-11-09,29.074
2021-11-10,29.074
2021-11-11,29.074
2021-11-12,29.074
2021-11-15,29.074
2021-11-16,29.074
2021-11-17,29.074
2021-11-18,29.074
2021-11-19,29.074
2021-11-22,29.074
2021-11-23,29.074
2021-11-24,29.074
2021-11-25,29.074
2021-11-26,29.074
2021-11-29,29.074
2021-11-30,29.074
2021-12-01,29.174
2021-12-02,29.174
2021-12-03,29.174
2021-12-06,29.174
2021-12-07,29.174
2021-12-08,29.174
2021-12-09,29.174
2021-12-10,29.174
2021-12-13,29.174
2021-12-14,29.174
2021-12-15,29.174
2021-12-16,29.174
2021-12-17,29.174
2021-12-20,29.174
2021-12-21,29.174
2021-12-22,29.174
2021-12-23,29.174
2021-12-24,29.174
2021-12-27,29.174
2021-12-28,29.174
2021-12-29,29.174
2021-12-30,29.174
2021-12-31,29.174
2022-01-01,29.396
2022-01-03,29.396
2022-01-04,29.396
2022-01-05,29.396
2022-01-06,29.396
2022-01-07,29.396
2022-01-10,29.396
2022-01-11,29.396
2022-01-12,29.396
2022-01-13,29.396
2022-01-14,29.396
2022-01-17,29.396
2022-01-18,29.396
2022-01-19,29.396
2022-01-20,29.396
2022-01-21,29.396
2022-01-24,29.396
2022-01-25,29.396
2022-01-26,29.396
2022-01-27,29.396
2022-01-28,29.396
2022-01-31,29.396
2022-02-01,29.372
2022-02-02,29.372
2022-02-03,29.372
2022-02-04,29.372
2022-02-07,29.372
2022-02-08,29.372
2022-02-09,29.372
2022-02-10,29.372
2022-02-11,29.372
2022-02-14,29.372
2022-02-15,29.372
2022-02-16,29.372
2022-02-17,29.372
2022-02-18,29.372
2022-02-21,29.372
2022-02-22,29.372
2022-02-23,29.372
2022-02-24,29.372
2022-02-25,29.372
2022-02-28,29.372
2022-03-01,29.449
2022-03-02,29.449
2022-03-03,29.449
2022-03-04,29.449
2022-03-07,29.449
2022-03-08,29.449
2022-03-09,29.449
2022-03-10,29.449
2022-03-11,29.449
2022-03-14,29.449
2022-03-15,29.449
2022-03-16,29.449
2022-03-17,29.449
2022-03-18,29.449
2022-03-21,29.449
2022-03-22,29.449
2022-03-23,29.449
2022-03-24,29.449
2022-03-25,29.449
2022-03-28,29.449
2022-03-29,29.449
2022-03-30,29.449
2022-03-31,29.449
2022-04-01,29.639
2022-04-04,29.639
2022-04-05,29.639
2022-04-06,29.639
2022-04-07,29.639
2022-04-08,29.639
2022-04-11,29.639
2022-04-12,29.639
2022-04-13,29.639
2022-04-14,29.639
2022-04-15,29.639
2022-04-18,29.639
2022-04-19,29.639
2022-04-20,29.639
2022-04-21,29.639
2022-04-22,29.639
2022-04-25,29.639
2022-04-26,29.639
2022-04-27,29.639
2022-04-28,29.639
2022-04-29,29.639
2022-05-01,29.779
2022-05-02,29.779
2022-05-03,29.779
2022-05-04,29.779
2022-05-05,29.779
2022-05-06,29.779
2022-05-09,29.779
2022-05-10,29.779
2022-05-11,29.779
2022-05-12,29.779
2022-05-13,29.779
2022-05-16,29.779
2022-05-17,29.779
2022-05-18,29.779
2022-05-19,29.779
2022-05-20,29.779
2022-05-23,29.779
2022-05-24,29.779
2022-05-25,29.779
2022-05-26,29.779
2022-05-27,29.779
2022-05-30,29.779
2022-05-31,29.779
2022-06-01,29.965
2022-06-02,29.965
2022-06-03,29.965
2022-06-06,29.965
2022-06-07,29.965
2022-06-08,29.965
2022-06-09,29.965
2022-06-10,29.965
2022-06-13,29.965
2022-06-14,29.965
2022-06-15,29.965
2022-06-16,29.965
2022-06-17,29.965
2022-06-20,29.965
2022-06-21,29.965
2022-06-22,29.965
2022-06-23,29.965
2022-06-24,29.965
2022-06-27,29.965
2022-06-28,29.965
2022-06-29,29.965
2022-06-30,29.965
2022-07-01,29.926
2022-07-04,29.926
2022-07-05,29.926
2022-07-06,29.926
2022-07-07,29.926
2022-07-08,29.926
2022-07-11,29.926
2022-07-12,29.926
2022-07-13,29.926
2022-07-14,29.926
2022-07-15,29.926
2022-07-18,29.926
2022-07-19,29.926
2022-07-20,29.926
2022-07-21,29.926
2022-07-22,29.926
2022-07-25,29.926
2022-07-26,29.926
2022-07-27,29.926
2022-07-28,29.926
2022-07-29,29.926
2022-08-01,29.804
2022-08-02,29.804
2022-08-03,29.804
2022-08-04,29.804
2022-08-05,29.804
2022-08-08,29.804
2022-08-09,29.804
2022-08-10,29.804
2022-08-11,29.804
2022-08-12,29.804
2022-08-15,29.804
2022-08-16,29.804
2022-08-17,29.804
2022-08-18,29.804
2022-08-19,29.804
2022-08-22,29.804
2022-08-23,29.804
2022-08-24,29.804
2022-08-25,29.804
2022-08-26,29.804
2022-08-29,29.804
2022-08-30,29.804
2022-08-31,29.804
2022-09-01,30.021
2022-09-02,30.021
2022-09-05,30.021
2022-09-06,30.021
2022-09-07,30.021
2022-09-08,30.021
2022-09-09,30.021
2022-09-12,30.021
2022-09-13,30.021
2022-09-14,30.021
2022-09-15,30.021
2022-09-16,30.021
2022-09-19,30.021
2022-09-20,30.021
2022-09-21,30.021
2022-09-22,30.021
2022-09-23,30.021
2022-09-26,30.021
2022-09-27,30.021
2022-09-28,30.021
2022-09-29,30.021
2022-09-30,30.021
2022-10-01,30.664
2022-10-03,30.664
2022-10-04,30.664
2022-10-05,30.664
2022-10-06,30.664
2022-10-07,30.664
2022-10-10,30.664
2022-10-11,30.664
2022-10-12,30.664
2022-10-13,30.664
2022-10-14,30.664
2022-10-17,30.664
2022-10-18,30.664
2022-10-19,30.664
2022-10-20,30.664
2022-10-21,30.664
2022-10-24,30.664
2022-10-25,30.664
2022-10-26,30.664
2022-10-27,30.664
2022-10-28,30.664
2022-10-31,30.664
2022-11-01,30.789
2022-11-02,30.789
2022-11-03,30.789
2022-11-04,30.789
2022-11-07,30.789
2022-11-08,30.789
2022-11-09,30.789
2022-11-10,30.789
2022-11-11,30.789
2022-11-14,30.789
2022-11-15,30.789
2022-11-16,30.789
2022-11-17,30.789
2022-11-18,30.789
2022-11-21,30.789
2022-11-22,30.789
2022-11-23,30.789
2022-11-24,30.789
2022-11-25,30.789
2022-11-28,30.789
2022-11-29,30.789
2022-11-30,30.789
2022-12-01,30.801
2022-12-02,30.801
2022-12-05,30.801
2022-12-06,30.801
2022-12-07,30.801
2022-12-08,30.801
2022-12-09,30.801
2022-12-12,30.801
2022-12-13,30.801
2022-12-14,30.801
2022-12-15,30.801
2022-12-16,30.801
2022-12-19,30.801
2022-12-20,30.801
2022-12-21,30.801
2022-12-22,30.801
2022-12-23,30.801
2022-12-26,30.801
2022-12-27,30.801
2022-12-28,30.801
2022-12-29,30.801
2022-12-30,30.801
2023-01-01,30.73
2023-01-02,30.73
2023-01-03,30.73
2023-01-04,30.73
2023-01-05,30.73
2023-01-06,30.73
2023-01-09,30.73
2023-01-10,30.73
2023-01-11,30.73
2023-01-12,30.73
2023-01-13,30.73
2023-01-16,30.73
2023-01-17,30.73
2023-01-18,30.73
2023-01-19,30.73
2023-01-20,30.73
2023-01-23,30.73
2023-01-24,30.73
2023-01-25,30.73
2023-01-26,30.73
2023-01-27,30.73
2023-01-30,30.73
2023-01-31,30.73
2023-02-01,30.916
2023-02-02,30.916
2023-02-03,30.916
2023-02-06,30.916
2023-02-07,30.916
2023-02-08,30.916
2023-02-09,30.916
2023-02-10,30.916
2023-02-13,30.916
2023-02-14,30.916
2023-02-15,30.916
2023-02-16,30.916
2023-02-17,30.916
2023-02-20,30.916
2023-02-21,30.916
2023-02-22,30.916
2023-02-23,30.916
2023-02-24,30.916
2023-02-27,30.916
2023-02-28,30.916
2023-03-01,30.836
2023-03-02,30.836
2023-03-03,30.836
2023-03-06,30.836
2023-03-07,30.836
2023-03-08,30.836
2023-03-09,30.836
2023-03-10,30.836
2023-03-13,30.836
2023-03-14,30.836
2023-03-15,30.836
2023-03-16,30.836
2023-03-17,30.836
2023-03-20,30.836
2023-03-21,30.836
2023-03-22,30.836
2023-03-23,30.836
2023-03-24,30.836
2023-03-27,30.836
2023-03-28,30.836
2023-03-29,30.836
2023-03-30,30.836
2023-03-31,30.836
2023-04-01,30.583
2023-04-03,30.583
2023-04-04,30.583
2023-04-05,30.583
2023-04-06,30.583
2023-04-07,30.583
2023-04-10,30.583
2023-04-11,30.583
2023-04-12,30.583
2023-04-13,30.583
2023-04-14,30.583
2023-04-17,30.583
2023-04-18,30.583
2023-04-19,30.583
2023-04-20,30.583
2023-04-21,30.583
2023-04-24,30.583
2023-04-25,30.583
2023-04-26,30.583
2023-04-27,30.583
2023-04-28,30.583
2023-05-01,30.483
2023-05-02,30.483
2023-05-03,30.483
2023-05-04,30.483
2023-05-05,30.483
2023-05-08,30.483
2023-05-09,30.483
2023-05-10,30.483
2023-05-11,30.483
2023-05-12,30.483
2023-05-15,30.483
2023-05-16,30.483
2023-05-17,30.483
2023-05-18,30.483
2023-05-19,30.483
2023-05-22,30.483
2023-05-23,30.483
2023-05-24,30.483
2023-05-25,30.483
2023-05-26,30.483
2023-05-29,30.483
2023-05-30,30.483
2023-05-31,30.483
2023-06-01,30.552
2023-06-02,30.552
2023-06-05,30.552
2023-06-06,30.552
2023-06-07,30.552
2023-06-08,30.552
2023-06-09,30.552
2023-06-12,30.552
2023-06-13,30.552
2023-06-14,30.552
2023-06-15,30.552
2023-06-16,30.552
2023-06-19,30.552
2023-06-20,30.552
2023-06-21,30.552
2023-06-22,30.552
2023-06-23,30.552
2023-06-26,30.552
2023-06-27,30.552
2023-06-28,30.552
2023-06-29,30.552
2023-06-30,30.552
2023-07-01,30.488
2023-07-03,30.488
2023-07-04,30.488
2023-07-05,30.488
2023-07-06,30.488
2023-07-07,30.488
2023-07-10,30.488
2023-07-11,30.488
2023-07-12,30.488
2023-07-13,30.488
2023-07-14,30.488
2023-07-17,30.488
2023-07-18,30.488
2023-07-19,30.488
2023-07-20,30.488
2023-07-21,30.488
2023-07-24,30.488
2023-07-25,30.488
2023-07-26,30.488
2023-07-27,30.488
2023-07-28,30.488
2023-07-31,30.488
2023-08-01,30.569
2023-08-02,30.569
2023-08-03,30.569
2023-08-04,30.569
2023-08-07,30.569
2023-08-08,30.569
2023-08-09,30.569
2023-08-10,30.569
2023-08-11,30.569
2023-08-14,30.569
2023-08-15,30.569
2023-08-16,30.569
2023-08-17,30.569
2023-08-18,30.569
2023-08-21,30.569
2023-08-22,30.569
2023-08-23,30.569
2023-08-24,30.569
2023-08-25,30.569
2023-08-28,30.569
2023-08-29,30.569
2023-08-30,30.569
2023-08-31,30.569
2023-09-01,30.773
2023-09-04,30.773
2023-09-05,30.773
2023-09-06,30.773
2023-09-07,30.773
2023-09-08,30.773
2023-09-11,30.773
2023-09-12,30.773
2023-09-13,30.773
2023-09-14,30.773
2023-09-15,30.773
2023-09-18,30.773
2023-09-19,30.773
2023-09-20,30.773
2023-09-21,30.773
2023-09-22,30.773
2023-09-25,30.773
2023-09-26,30.773
2023-09-27,30.773
2023-09-28,30.773
2023-09-29,30.773
2023-10-01,30.661
2023-10-02,30.661
2023-10-03,30.661
2023-10-04,30.661
2023-10-05,30.661
2023-10-06,30.661
2023-10-09,30.661
2023-10-10,30.661
2023-10-11,30.661
2023-10-12,30.661
2023-10-13,30.661
2023-10-16,30.661
2023-10-17,30.661
2023-10-18,30.661
2023-10-19,30.661
2023-10-20,30.661
2023-10-23,30.661
2023-10-24,30.661
2023-10-25,30.661
2023-10-26,30.661
2023-10-27,30.661
2023-10-30,30.661
2023-10-31,30.661
2023-11-01,30.698
2023-11-02,30.698
2023-11-03,30.698
2023-11-06,30.698
2023-11-07,30.698
2023-11-08,30.698
2023-11-09,30.698
2023-11-10,30.698
2023-11-13,30.698
2023-11-14,30.698
2023-11-15,30.698
2023-11-16,30.698
2023-11-17,30.698
2023-11-20,30.698
2023-11-21,30.698
2023-11-22,30.698
2023-11-23,30.698
2023-11-24,30.698
2023-11-27,30.698
2023-11-28,30.698
2023-11-29,30.698
2023-11-30,30.698
2023-12-01,30.551
2023-12-04,30.551
2023-12-05,30.551
2023-12-06,30.551
2023-12-07,30.551
2023-12-08,30.551
2023-12-11,30.551
2023-12-12,30.551
2023-12-13,30.551
2023-12-14,30.551
2023-12-15,30.551
2023-12-18,30.551
2023-12-19,30.551
2023-12-20,30.551
2023-12-21,30.551
2023-12-22,30.551
2023-12-25,30.551
2023-12-26,30.551
2023-12-27,30.551
2023-12-28,30.551
2023-12-29,30.551
2024-01-01,30.679
2024-01-02,30.679
2024-01-03,30.679
2024-01-04,30.679
2024-01-05,30.679
2024-01-08,30.679
2024-01-09,30.679
2024-01-10,30.679
2024-01-11,30.679
2024-01-12,30.679
2024-01-15,30.679
2024-01-16,30.679
2024-01-17,30.679
2024-01-18,30.679
2024-01-19,30.679
2024-01-22,30.679
2024-01-23,30.679
2024-01-24,30.679
2024-01-25,30.679
2024-01-26,30.679
2024-01-29,30.679
2024-01-30,30.679
2024-01-31,30.679
2024-02-01,30.643
2024-02-02,30.643
2024-02-05,30.643
2024-02-06,30.643
2024-02-07,30.643
2024-02-08,30.643
2024-02-09,30.643
2024-02-12,30.643
2024-02-13,30.643
2024-02-14,30.643
2024-02-15,30.643
2024-02-16,30.643
2024-02-19,30.643
2024-02-20,30.643
2024-02-21,30.643
2024-02-22,30.643
2024-02-23,30.643
2024-02-26,30.643
2024-02-27,30.643
2024-02-28,30.643
2024-02-29,30.643
2024-03-01,30.604
2024-03-04,30.604
2024-03-05,30.604
2024-03-06,30.604
2024-03-07,30.604
2024-03-08,30.604
2024-03-11,30.604
2024-03-12,30.604
2024-03-13,30.604
2024-03-14,30.604
2024-03-15,30.604
2024-03-18,30.604
2024-03-19,30.604
2024-03-20,30.604
2024-03-21,30.604
2024-03-22,30.604
2024-03-25,30.604
2024-03-26,30.604
2024-03-27,30.604
2024-03-28,30.604
2024-03-29,30.604
2024-04-01,30.78
2024-04-02,30.78
2024-04-03,30.78
2024-04-04,30.78
2024-04-05,30.78
2024-04-08,30.78
2024-04-09,30.78
2024-04-10,30.78
2024-04-11,30.78
2024-04-12,30.78
2024-04-15,30.78
2024-04-16,30.78
2024-04-17,30.78
2024-04-18,30.78
2024-04-19,30.78
2024-04-22,30.78
2024-04-23,30.78
2024-04-24,30.78
2024-04-25,30.78
2024-04-26,30.78
2024-04-29,30.78
2024-04-30,30.78
2024-05-01,30.722
2024-05-02,30.722
2024-05-03,30.722
2024-05-06,30.722
2024-05-07,30.722
2024-05-08,30.722
2024-05-09,30.722
2024-05-10,30.722
2024-05-13,30.722
2024-05-14,30.722
2024-05-15,30.722
2024-05-16,30.722
2024-05-17,30.722
2024-05-20,30.722
2024-05-21,30.722
2024-05-22,30.722
2024-05-23,30.722
2024-05-24,30.722
2024-05-27,30.722
2024-05-28,30.722
2024-05-29,30.722
2024-05-30,30.722
2024-05-31,30.722
2024-06-01,30.513
2024-06-03,30.513
2024-06-04,30.513
2024-06-05,30.513
2024-06-06,30.513
2024-06-07,30.513
2024-06-10,30.513
2024-06-11,30.513
2024-06-12,30.513
2024-06-13,30.513
2024-06-14,30.513
2024-06-17,30.513
2024-06-18,30.513
2024-06-19,30.513
2024-06-20,30.513
2024-06-21,30.513
2024-06-24,30.513
2024-06-25,30.513
2024-06-26,30.513
2024-06-27,30.513
2024-06-28,30.513
2024-07-01,29.661
2024-07-02,29.661
2024-07-03,29.661
2024-07-04,29.661
2024-07-05,29.661
2024-07-08,29.661
2024-07-09,29.661
2024-07-10,29.661
2024-07-11,29.661
2024-07-12,29.661
2024-07-15,29.661
2024-07-16,29.661
2024-07-17,29.661
2024-07-18,29.661
2024-07-19,29.661
2024-07-22,29.661
2024-07-23,29.661
2024-07-24,29.661
2024-07-25,29.661
2024-07-26,29.661
2024-07-29,29.661
2024-07-30,29.661
2024-07-31,29.661
2024-08-01,29.501
2024-08-02,29.501
2024-08-05,29.501
2024-08-06,29.501
2024-08-07,29.501
2024-08-08,29.501
2024-08-09,29.501
2024-08-12,29.501
2024-08-13,29.501
2024-08-14,29.501
2024-08-15,29.501
2024-08-16,29.501
2024-08-19,29.501
2024-08-20,29.501
2024-08-21,29.501
2024-08-22,29.501
2024-08-23,29.501
2024-08-26,29.501
2024-08-27,29.501
2024-08-28,29.501
2024-08-29,29.501
2024-08-30,29.501
2024-09-01,29.535
2024-09-02,29.535
2024-09-03,29.535
2024-09-04,29.535
2024-09-05,29.535
2024-09-06,29.535
2024-09-09,29.535
2024-09-10,29.535
2024-09-11,29.535
2024-09-12,29.535
2024-09-13,29.535
2024-09-16,29.535
2024-09-17,29.535
2024-09-18,29.535
2024-09-19,29.535
2024-09-20,29.535
2024-09-23,29.535
2024-09-24,29.535
2024-09-25,29.535
2024-09-26,29.535
2024-09-27,29.535
2024-09-30,29.535
2024-10-01,29.743
2024-10-02,29.743
2024-10-03,29.743
2024-10-04,29.743
2024-10-07,29.743
2024-10-08,29.743
2024-10-09,29.743
2024-10-10,29.743
2024-10-11,29.743
2024-10-14,29.743
2024-10-15,29.743
2024-10-16,29.743
2024-10-17,29.743
2024-10-18,29.743
2024-10-21,29.743
2024-10-22,29.743
2024-10-23,29.743
2024-10-24,29.743
2024-10-25,29.743
2024-10-28,29.743
2024-10-29,29.743
2024-10-30,29.743
2024-10-31,29.743
2024-11-01,29.749
2024-11-04,29.749
2024-11-05,29.749
2024-11-06,29.749
2024-11-07,29.749
2024-11-08,29.749
2024-11-11,29.749
2024-11-12,29.749
2024-11-13,29.749
2024-11-14,29.749
2024-11-15,29.749
2024-11-18,29.749
2024-11-19,29.749
2024-11-20,29.749
2024-11-21,29.749
2024-11-22,29.749
2024-11-25,29.749
2024-11-26,29.749
2024-11-27,29.749
2024-11-28,29.749
2024-11-29,29.749
2024-12-01,29.566
2024-12-02,29.566
2024-12-03,29.566
2024-12-04,29.566
2024-12-05,29.566
2024-12-06,29.566
2024-12-09,29.566
2024-12-10,29.566
2024-12-11,29.566
2024-12-12,29.566
2024-12-13,29.566
2024-12-16,29.566
2024-12-17,29.566
2024-12-18,29.566
2024-12-19,29.566
2024-12-20,29.566
2024-12-23,29.566
2024-12-24,29.566
2024-12-25,29.566
2024-12-26,29.566
2024-12-27,29.566
2024-12-30,29.566
2024-12-31,29.566
2025-01-01,29.116
2025-01-02,29.116
2025-01-03,29.116
2025-01-06,29.116
2025-01-07,29.116
2025-01-08,29.116
2025-01-09,29.116
2025-01-10,29.116
2025-01-13,29.116
2025-01-14,29.116
2025-01-15,29.116
2025-01-16,29.116
2025-01-17,29.116
2025-01-20,29.116
2025-01-21,29.116
2025-01-22,29.116
2025-01-23,29.116
2025-01-24,29.116
2025-01-27,29.116
2025-01-28,29.116
2025-01-29,29.116
2025-01-30,29.116
2025-01-31,29.116
2025-02-01,29.132
2025-02-03,29.132
2025-02-04,29.132
2025-02-05,29.132
2025-02-06,29.132
2025-02-07,29.132
2025-02-10,29.132
2025-02-11,29.132
2025-02-12,29.132
2025-02-13,29.132
2025-02-14,29.132
2025-02-17,29.132
2025-02-18,29.132
2025-02-19,29.132
2025-02-20,29.132
2025-02-21,29.132
2025-02-24,29.132
2025-02-25,29.132
2025-02-26,29.132
2025-02-27,29.132
2025-02-28,29.132
2025-03-01,29.34
2025-03-03,29.34
2025-03-04,29.34
2025-03-05,29.34
2025-03-06,29.34
2025-03-07,29.34
2025-03-10,29.34
2025-03-11,29.34
2025-03-12,29.34
2025-03-13,29.34
2025-03-14,29.34
2025-03-17,29.34
2025-03-18,29.34
2025-03-19,29.34
2025-03-20,29.34
2025-03-21,29.34
2025-03-24,29.34
2025-03-25,29.34
2025-03-26,29.34
2025-03-27,29.34
2025-03-28,29.34
2025-03-31,29.34
2025-04-01,29.259
2025-04-02,29.259
2025-04-03,29.259
2025-04-04,29.259
2025-04-07,29.259
2025-04-08,29.259
2025-04-09,29.259
2025-04-10,29.259
2025-04-11,29.259
2025-04-14,29.259
2025-04-15,29.259
2025-04-16,29.259
2025-04-17,29.259
2025-04-18,29.259
2025-04-21,29.259
2025-04-22,29.259
2025-04-23,29.259
2025-04-24,29.259
2025-04-25,29.259
2025-04-28,29.259
2025-04-29,29.259
2025-04-30,29.259
2025-05-01,28.985
2025-05-02,28.985
2025-05-05,28.985
2025-05-06,28.985
2025-05-07,28.985
2025-05-08,28.985
2025-05-09,28.985
2025-05-12,28.985
2025-05-13,28.985
2025-05-14,28.985
2025-05-15,28.985
2025-05-16,28.985
2025-05-19,28.985
2025-05-20,28.985
2025-05-21,28.985
2025-05-22,28.985
2025-05-23,28.985
2025-05-26,28.985
2025-05-27,28.985
2025-05-28,28.985
2025-05-29,28.985
2025-05-30,28.985
2025-06-01,28.894
2025-06-02,28.894
2025-06-03,28.894
2025-06-04,28.894
2025-06-05,28.894
2025-06-06,28.894
2025-06-09,28.894
2025-06-10,28.894
2025-06-11,28.894
2025-06-12,28.894
2025-06-13,28.894
2025-06-16,28.894
2025-06-17,28.894
2025-06-18,28.894
2025-06-19,28.894
2025-06-20,28.894
2025-06-23,28.894
2025-06-24,28.894
2025-06-25,28.894
2025-06-26,28.894
2025-06-27,28.894
2025-06-30,28.894
2025-07-01,28.832
2025-07-02,28.832
2025-07-03,28.832
2025-07-04,28.832
2025-07-07,28.832
2025-07-08,28.832
2025-07-09,28.832
2025-07-10,28.832
2025-07-11,28.832
2025-07-14,28.832
2025-07-15,28.832
2025-07-16,28.832
2025-07-17,28.832
2025-07-18,28.832
2025-07-21,28.832
2025-07-22,28.832
2025-07-23,28.832
2025-07-24,28.832
2025-07-25,28.832
2025-07-28,28.832
2025-07-29,28.832
2025-07-30,28.832
2025-07-31,28.832
2025-08-01,28.392
2025-08-04,28.392
2025-08-05,28.392
2025-08-06,28.392
2025-08-07,28.392
2025-08-08,28.392
2025-08-11,28.392
2025-08-12,28.392
2025-08-13,28.392
2025-08-14,28.392
2025-08-15,28.392
2025-08-18,28.392
2025-08-19,28.392
2025-08-20,28.392
2025-08-21,28.392
2025-08-22,28.392
2025-08-25,28.392
2025-08-26,28.392
2025-08-27,28.392
2025-08-28,28.392
2025-08-29,28.392
2025-09-01,28.454
2025-09-02,28.454
2025-09-03,28.454
2025-09-04,28.454
2025-09-05,28.454
2025-09-08,28.454
2025-09-09,28.454
2025-09-10,28.454
2025-09-11,28.454
2025-09-12,28.454
2025-09-15,28.454
2025-09-16,28.454
2025-09-17,28.454
2025-09-18,28.454
2025-09-19,28.454
2025-09-22,28.454
2025-09-23,28.454
2025-09-24,28.454
2025-09-25,28.454
2025-09-26,28.454
2025-09-29,28.454
2025-09-30,28.454
2025-10-01,28.631
2025-10-02,28.631
2025-10-03,28.631
2025-10-06,28.631
2025-10-07,28.631
2025-10-08,28.631
2025-10-09,28.631
2025-10-10,28.631
2025-10-13,28.631
2025-10-14,28.631
2025-10-15,28.631
2025-10-16,28.631
2025-10-17,28.631
2025-10-20,28.631
2025-10-21,28.631
2025-10-22,28.631
2025-10-23,28.631
2025-10-24,28.631
2025-10-27,28.631
2025-10-28,28.631
2025-10-29,28.631
2025-10-30,28.631
2025-10-31,28.631
2025-11-01,28.638
2025-11-03,28.638
2025-11-04,28.638
2025-11-05,28.638
2025-11-06,28.638
2025-11-07,28.638
2025-11-10,28.638
2025-11-11,28.638
2025-11-12,28.638
2025-11-13,28.638
2025-11-14,28.638
2025-11-17,28.638
2025-11-18,28.638
2025-11-19,28.638
2025-11-20,28.638
2025-11-21,28.638
2025-11-24,28.638
2025-11-25,28.638
2025-11-26,28.638
2025-11-27,28.638
2025-11-28,28.638
2025-12-01,28.662
2025-12-02,28.662
2025-12-03,28.662
2025-12-04,28.662
2025-12-05,28.662
2025-12-08,28.662
2025-12-09,28.662
2025-12-10,28.662
2025-12-11,28.662
2025-12-12,28.662
2025-12-15,28.662
2025-12-16,28.662
2025-12-17,28.662
2025-12-18,28.662
2025-12-19,28.662
2025-12-22,28.662
2025-12-23,28.662
2025-12-24,28.662
2025-12-25,28.662
2025-12-26,28.662
2025-12-29,28.662
2025-12-30,28.662
2025-12-31,28.662
2026-01-01,28.564
2026-01-02,28.564
2026-01-05,28.564
2026-01-06,28.564
2026-01-07,28.564
2026-01-08,28.564
2026-01-09,28.564
2026-01-12,28.564
2026-01-13,28.564
2026-01-14,28.564
2026-01-15,28.564
2026-01-16,28.564
2026-01-19,28.564
2026-01-20,28.564
2026-01-21,28.564
2026-01-22,28.564
2026-01-23,28.564
2026-01-26,28.564
2026-01-27,28.564
2026-01-28,28.564
2026-01-29,28.564
2026-01-30,28.564
2026-02-01,29.185
2026-02-02,29.185
2026-02-03,29.185
2026-02-04,29.185
2026-02-05,29.185
2026-02-06,29.185
2026-02-09,29.185
2026-02-10,29.185
2026-02-11,29.185
2026-02-12,29.185
2026-02-13,29.185
2026-02-16,29.185
2026-02-17,29.185
2026-02-18,29.185
2026-02-19,29.185
2026-02-20,29.185
2026-02-23,29.185
2026-02-24,29.185
2026-02-25,29.185
2026-02-26,29.185
2026-02-27,29.185
2026-03-01,29.181
2026-03-02,29.181
2026-03-03,29.181
2026-03-04,29.181
2026-03-05,29.181
2026-03-06,29.181
2026-03-09,29.181
2026-03-10,29.181
2026-03-11,29.181
2026-03-12,29.181
2026-03-13,29.181
2026-03-16,29.181
2026-03-17,29.181
2026-03-18,29.181
2026-03-19,29.181
2026-03-20,29.181
2026-03-23,29.181
2026-03-24,29.181
2026-03-25,29.181
2026-03-26,29.181
2026-03-27,29.181
2026-03-30,29.181
2026-03-31,29.181
2026-04-01,29.181
2026-04-02,29.181
2026-04-03,29.181
2026-04-06,29.181
2026-04-07,29.181
2026-04-08,29.181
2026-04-09,29.181
2026-04-10,29.181
2026-04-13,29.181
2026-04-14,29.181
2026-04-15,29.181
2026-04-16,29.181
2026-04-17,29.181
2026-04-20,29.181
2026-04-21,29.181
2026-04-22,29.181
2026-04-23,29.181
2026-04-24,29.181
2026-04-27,29.181
2026-04-28,29.181
2026-04-29,29.181
2026-04-30,29.181
2026-05-01,29.181
2026-05-04,29.181
2026-05-05,29.181
2026-05-06,29.181
2026-05-07,29.181
