ticker,feature_set,feature,pearson_corr_train,abs_pearson_corr_train
005930,proposed,institution_net_buy_20d_sum,0.1512674306430703,0.1512674306430703
005930,proposed,kospi,-0.109844135769227,0.109844135769227
005930,proposed,kospi200,-0.1087513343494135,0.1087513343494135
005930,proposed,kospi_lag5,-0.1075785390296669,0.1075785390296669
005930,proposed,kospi_lag1,-0.1075534297006912,0.1075534297006912
005930,proposed,kospi200_lag1,-0.1060659966188703,0.1060659966188703
005930,proposed,kospi_lag3,-0.1052953213236827,0.1052953213236827
005930,proposed,kospi200_lag5,-0.1052804531543104,0.1052804531543104
005930,proposed,kospi200_lag3,-0.102919965387065,0.102919965387065
005930,proposed,close,-0.0970622948355985,0.0970622948355985
005930,proposed,low,-0.0952723517987556,0.0952723517987556
005930,proposed,high,-0.0945917496601707,0.0945917496601707
005930,proposed,open,-0.0939297010920055,0.0939297010920055
005930,proposed,institution_net_buy_5d_sum,0.0898188512405678,0.0898188512405678
005930,proposed,sox_lag5,-0.0665565284604002,0.0665565284604002
005930,proposed,sox,-0.0663152487218649,0.0663152487218649
005930,proposed,sox_lag1,-0.064821337200678,0.064821337200678
005930,proposed,sox_lag3,-0.064437301973657,0.064437301973657
005930,proposed,vix_lag5,0.0629868617896994,0.0629868617896994
005930,proposed,vix_lag1,0.0584993379699319,0.0584993379699319
005930,proposed,vix_lag3,0.0575179641977106,0.0575179641977106
005930,proposed,foreign_net_buy_5d_sum,-0.0552361353027599,0.0552361353027599
005930,proposed,vix,0.0538933298298785,0.0538933298298785
005930,proposed,nasdaq,-0.0475446344099178,0.0475446344099178
005930,proposed,institution_net_buy,0.0467216890971767,0.0467216890971767
005930,proposed,nasdaq_lag5,-0.0465426122059787,0.0465426122059787
005930,proposed,nasdaq_lag1,-0.0462893836096778,0.0462893836096778
005930,proposed,nasdaq_lag3,-0.0453676196446182,0.0453676196446182
005930,proposed,foreign_net_buy_20d_sum,-0.0435173379896548,0.0435173379896548
005930,proposed,return_pct,-0.0411851193087523,0.0411851193087523
005930,proposed,kospi200_return_3d,-0.0396509591232986,0.0396509591232986
005930,proposed,usd_krw,0.0392686890274821,0.0392686890274821
005930,proposed,foreign_net_buy_20d_to_trading_value_20d,-0.0381436334117333,0.0381436334117333
005930,proposed,usd_krw_lag1,0.0374497237527588,0.0374497237527588
005930,proposed,kospi200_return_1d,-0.036739486553876,0.036739486553876
005930,proposed,trading_value,-0.0365643883677994,0.0365643883677994
005930,proposed,foreign_net_buy_5d_to_trading_value_5d,-0.0357338596833091,0.0357338596833091
005930,proposed,usd_krw_lag3,0.0356829200086507,0.0356829200086507
005930,proposed,usd_krw_return_1d,0.0333721786284665,0.0333721786284665
005930,proposed,kospi_return_1d,-0.0311953063026213,0.0311953063026213
005930,proposed,foreign_net_buy,-0.0308262321444524,0.0308262321444524
005930,proposed,samsung_vs_kospi_return_1d,-0.0295772895014645,0.0295772895014645
005930,proposed,kospi_return_3d,-0.0286152118956103,0.0286152118956103
005930,proposed,usd_krw_lag5,0.0282274942109027,0.0282274942109027
005930,proposed,vix_change_3d,-0.025033403382359,0.025033403382359
005930,proposed,samsung_vs_kospi200_return_1d,-0.0243719817309531,0.0243719817309531
005930,proposed,institution_net_buy_20d_to_trading_value_20d,0.0228896786118096,0.0228896786118096
005930,proposed,nasdaq_return_1d,-0.0216551019142421,0.0216551019142421
005930,proposed,foreign_net_buy_to_volume,-0.0180866844192219,0.0180866844192219
005930,proposed,institution_net_buy_5d_to_trading_value_5d,0.017953411139502,0.017953411139502
005930,proposed,sox_return_1d,-0.0177956918769426,0.0177956918769426
005930,proposed,us_rate_lag3,0.0169345887663544,0.0169345887663544
005930,proposed,foreign_net_buy_to_trading_value,-0.016082079862003,0.016082079862003
005930,proposed,sox_return_3d,-0.0127546127516346,0.0127546127516346
005930,proposed,usd_krw_return_3d,0.0096790789985394,0.0096790789985394
005930,proposed,nasdaq_return_3d,-0.0093020270445341,0.0093020270445341
005930,proposed,vix_change_1d,-0.0085210394040911,0.0085210394040911
005930,proposed,us_rate_lag5,0.0080385458206513,0.0080385458206513
005930,proposed,us_rate_lag1,0.0076236234475944,0.0076236234475944
005930,proposed,institution_net_buy_to_volume,0.0056435520067169,0.0056435520067169
005930,proposed,us_rate,0.0034392474835814,0.0034392474835814
005930,proposed,institution_net_buy_to_trading_value,0.0017184338660393,0.0017184338660393
005930,proposed,volume,0.0002605670813049,0.0002605670813049
000660,proposed,institution_net_buy_20d_to_trading_value_20d,0.1183874903047159,0.1183874903047159
000660,proposed,close,-0.1008366718464622,0.1008366718464622
000660,proposed,low,-0.1006214456449802,0.1006214456449802
000660,proposed,high,-0.0943424994180336,0.0943424994180336
000660,proposed,open,-0.0934542345902663,0.0934542345902663
000660,proposed,institution_net_buy_20d_sum,0.0888526492080802,0.0888526492080802
000660,proposed,kospi200_return_3d,-0.073268246772771,0.073268246772771
000660,proposed,kospi_return_3d,-0.0691068174189637,0.0691068174189637
000660,proposed,volume,0.0671723044729713,0.0671723044729713
000660,proposed,kospi200_return_1d,-0.0648147032263133,0.0648147032263133
000660,proposed,kospi_return_1d,-0.0634404753309073,0.0634404753309073
000660,proposed,usd_krw_lag5,-0.0612053529111501,0.0612053529111501
000660,proposed,usd_krw_return_3d,0.0611830947362407,0.0611830947362407
000660,proposed,usd_krw_lag3,-0.0548193380464153,0.0548193380464153
000660,proposed,usd_krw_lag1,-0.0474688688986411,0.0474688688986411
000660,proposed,usd_krw,-0.0459030634208179,0.0459030634208179
000660,proposed,institution_net_buy_5d_to_trading_value_5d,0.0458989620051613,0.0458989620051613
000660,proposed,return_pct,-0.0401043196881775,0.0401043196881775
000660,proposed,sox_return_3d,-0.0359435595581191,0.0359435595581191
000660,proposed,kospi200,-0.0359259595728555,0.0359259595728555
000660,proposed,nasdaq_return_3d,-0.0349024070991325,0.0349024070991325
000660,proposed,foreign_net_buy_20d_sum,-0.0348831730316127,0.0348831730316127
000660,proposed,kospi,-0.0330058210187558,0.0330058210187558
000660,proposed,sox,-0.0325928001828982,0.0325928001828982
000660,proposed,sox_lag1,-0.0311990401409473,0.0311990401409473
000660,proposed,kospi200_lag1,-0.0305632751628244,0.0305632751628244
000660,proposed,sox_lag3,-0.0294204798203011,0.0294204798203011
000660,proposed,nasdaq_return_1d,-0.0285828478787844,0.0285828478787844
000660,proposed,kospi_lag1,-0.0278021560068448,0.0278021560068448
000660,proposed,sox_lag5,-0.0274578746511462,0.0274578746511462
000660,proposed,institution_net_buy_5d_sum,0.0270570066738997,0.0270570066738997
000660,proposed,kospi200_lag3,-0.0265782304844606,0.0265782304844606
000660,proposed,trading_value,0.0251758386945123,0.0251758386945123
000660,proposed,vix_change_3d,-0.02499021688049,0.02499021688049
000660,proposed,foreign_net_buy_20d_to_trading_value_20d,-0.0242861744908608,0.0242861744908608
000660,proposed,kospi_lag3,-0.0238670780729405,0.0238670780729405
000660,proposed,kospi200_lag5,-0.0236182229886041,0.0236182229886041
000660,proposed,foreign_net_buy_5d_to_trading_value_5d,0.0229395643778918,0.0229395643778918
000660,proposed,kospi_lag5,-0.0207603369230646,0.0207603369230646
000660,proposed,nasdaq,-0.0203824399177493,0.0203824399177493
000660,proposed,sox_return_1d,-0.0200178112924813,0.0200178112924813
000660,proposed,us_rate_lag5,-0.0185277933628796,0.0185277933628796
000660,proposed,nasdaq_lag1,-0.0179875364359446,0.0179875364359446
000660,proposed,nasdaq_lag3,-0.0163526520433752,0.0163526520433752
000660,proposed,vix_lag3,0.0162218880420833,0.0162218880420833
000660,proposed,nasdaq_lag5,-0.0147059400571059,0.0147059400571059
000660,proposed,us_rate,-0.0134461192325992,0.0134461192325992
000660,proposed,us_rate_lag3,-0.0108523315686957,0.0108523315686957
000660,proposed,us_rate_lag1,-0.0107578345421276,0.0107578345421276
000660,proposed,vix,0.0101450853407715,0.0101450853407715
000660,proposed,usd_krw_return_1d,0.0100072555900986,0.0100072555900986
000660,proposed,foreign_net_buy,-0.0096214125364396,0.0096214125364396
000660,proposed,vix_lag1,0.0093380628475369,0.0093380628475369
000660,proposed,stock_vs_kospi_return_1d,-0.0093117636859719,0.0093117636859719
000660,proposed,vix_lag5,0.0085703980520268,0.0085703980520268
000660,proposed,vix_change_1d,-0.0084708327833102,0.0084708327833102
000660,proposed,foreign_net_buy_5d_sum,-0.0070973112673344,0.0070973112673344
000660,proposed,stock_vs_kospi200_return_1d,-0.0070803555385817,0.0070803555385817
000660,proposed,institution_net_buy_to_volume,0.0053410798403302,0.0053410798403302
000660,proposed,foreign_net_buy_to_volume,-0.0051166078681204,0.0051166078681204
000660,proposed,institution_net_buy_to_trading_value,0.0023141438187514,0.0023141438187514
000660,proposed,institution_net_buy,-0.0016509788903104,0.0016509788903104
000660,proposed,foreign_net_buy_to_trading_value,-0.0008507645191167,0.0008507645191167
000660,macro_alpha,institution_net_buy_20d_to_trading_value_20d,0.1183874903047159,0.1183874903047159
000660,macro_alpha,institution_net_buy_20d_sum,0.0888526492080802,0.0888526492080802
000660,macro_alpha,kospi200_return_3d,-0.073268246772771,0.073268246772771
000660,macro_alpha,kospi_return_3d,-0.0691068174189637,0.0691068174189637
000660,macro_alpha,volume,0.0671723044729713,0.0671723044729713
000660,macro_alpha,kospi200_return_1d,-0.0648147032263133,0.0648147032263133
000660,macro_alpha,kospi_return_1d,-0.0634404753309073,0.0634404753309073
000660,macro_alpha,usd_krw_lag5,-0.0612053529111501,0.0612053529111501
000660,macro_alpha,usd_krw_return_3d,0.0611830947362407,0.0611830947362407
000660,macro_alpha,usd_krw_lag3,-0.0548193380464153,0.0548193380464153
000660,macro_alpha,usd_krw_lag1,-0.0474688688986411,0.0474688688986411
000660,macro_alpha,usd_krw,-0.0459030634208179,0.0459030634208179
000660,macro_alpha,institution_net_buy_5d_to_trading_value_5d,0.0458989620051613,0.0458989620051613
000660,macro_alpha,return_pct,-0.0401043196881775,0.0401043196881775
000660,macro_alpha,sox_return_3d,-0.0359435595581191,0.0359435595581191
000660,macro_alpha,kospi200,-0.0359259595728555,0.0359259595728555
000660,macro_alpha,nasdaq_return_3d,-0.0349024070991325,0.0349024070991325
000660,macro_alpha,foreign_net_buy_20d_sum,-0.0348831730316127,0.0348831730316127
000660,macro_alpha,kospi,-0.0330058210187558,0.0330058210187558
000660,macro_alpha,sox,-0.0325928001828982,0.0325928001828982
000660,macro_alpha,sox_lag1,-0.0311990401409473,0.0311990401409473
000660,macro_alpha,kospi200_lag1,-0.0305632751628244,0.0305632751628244
000660,macro_alpha,sox_lag3,-0.0294204798203011,0.0294204798203011
000660,macro_alpha,nasdaq_return_1d,-0.0285828478787844,0.0285828478787844
000660,macro_alpha,kospi_lag1,-0.0278021560068448,0.0278021560068448
000660,macro_alpha,sox_lag5,-0.0274578746511462,0.0274578746511462
000660,macro_alpha,institution_net_buy_5d_sum,0.0270570066738997,0.0270570066738997
000660,macro_alpha,kospi200_lag3,-0.0265782304844606,0.0265782304844606
000660,macro_alpha,vix_change_3d,-0.02499021688049,0.02499021688049
000660,macro_alpha,foreign_net_buy_20d_to_trading_value_20d,-0.0242861744908608,0.0242861744908608
000660,macro_alpha,kospi_lag3,-0.0238670780729405,0.0238670780729405
000660,macro_alpha,kospi200_lag5,-0.0236182229886041,0.0236182229886041
000660,macro_alpha,foreign_net_buy_5d_to_trading_value_5d,0.0229395643778918,0.0229395643778918
000660,macro_alpha,kospi_lag5,-0.0207603369230646,0.0207603369230646
000660,macro_alpha,nasdaq,-0.0203824399177493,0.0203824399177493
000660,macro_alpha,sox_return_1d,-0.0200178112924813,0.0200178112924813
000660,macro_alpha,us_rate_lag5,-0.0185277933628796,0.0185277933628796
000660,macro_alpha,nasdaq_lag1,-0.0179875364359446,0.0179875364359446
000660,macro_alpha,nasdaq_lag3,-0.0163526520433752,0.0163526520433752
000660,macro_alpha,vix_lag3,0.0162218880420833,0.0162218880420833
000660,macro_alpha,nasdaq_lag5,-0.0147059400571059,0.0147059400571059
000660,macro_alpha,us_rate,-0.0134461192325992,0.0134461192325992
000660,macro_alpha,us_rate_lag3,-0.0108523315686957,0.0108523315686957
000660,macro_alpha,us_rate_lag1,-0.0107578345421276,0.0107578345421276
000660,macro_alpha,vix,0.0101450853407715,0.0101450853407715
000660,macro_alpha,usd_krw_return_1d,0.0100072555900986,0.0100072555900986
000660,macro_alpha,foreign_net_buy,-0.0096214125364396,0.0096214125364396
000660,macro_alpha,vix_lag1,0.0093380628475369,0.0093380628475369
000660,macro_alpha,stock_vs_kospi_return_1d,-0.0093117636859719,0.0093117636859719
000660,macro_alpha,vix_lag5,0.0085703980520268,0.0085703980520268
000660,macro_alpha,vix_change_1d,-0.0084708327833102,0.0084708327833102
000660,macro_alpha,foreign_net_buy_5d_sum,-0.0070973112673344,0.0070973112673344
000660,macro_alpha,stock_vs_kospi200_return_1d,-0.0070803555385817,0.0070803555385817
000660,macro_alpha,institution_net_buy_to_volume,0.0053410798403302,0.0053410798403302
000660,macro_alpha,foreign_net_buy_to_volume,-0.0051166078681204,0.0051166078681204
000660,macro_alpha,institution_net_buy_to_trading_value,0.0023141438187514,0.0023141438187514
000660,macro_alpha,institution_net_buy,-0.0016509788903104,0.0016509788903104
000660,macro_alpha,foreign_net_buy_to_trading_value,-0.0008507645191167,0.0008507645191167
005930,macro_alpha,institution_net_buy_20d_sum,0.1512674306430703,0.1512674306430703
005930,macro_alpha,kospi,-0.10984413576922701,0.10984413576922701
005930,macro_alpha,kospi200,-0.10875133434941357,0.10875133434941357
005930,macro_alpha,kospi_lag5,-0.10757853902966691,0.10757853902966691
005930,macro_alpha,kospi_lag1,-0.10755342970069125,0.10755342970069125
005930,macro_alpha,kospi200_lag1,-0.10606599661887038,0.10606599661887038
005930,macro_alpha,kospi_lag3,-0.10529532132368276,0.10529532132368276
005930,macro_alpha,kospi200_lag5,-0.10528045315431042,0.10528045315431042
005930,macro_alpha,kospi200_lag3,-0.102919965387065,0.102919965387065
005930,macro_alpha,institution_net_buy_5d_sum,0.0898188512405678,0.0898188512405678
005930,macro_alpha,sox_lag5,-0.06655652846040025,0.06655652846040025
005930,macro_alpha,sox,-0.06631524872186491,0.06631524872186491
005930,macro_alpha,sox_lag1,-0.06482133720067802,0.06482133720067802
005930,macro_alpha,sox_lag3,-0.06443730197365703,0.06443730197365703
005930,macro_alpha,vix_lag5,0.06298686178969945,0.06298686178969945
005930,macro_alpha,vix_lag1,0.05849933796993199,0.05849933796993199
005930,macro_alpha,vix_lag3,0.05751796419771061,0.05751796419771061
005930,macro_alpha,foreign_net_buy_5d_sum,-0.055236135302759934,0.055236135302759934
005930,macro_alpha,vix,0.053893329829878565,0.053893329829878565
005930,macro_alpha,nasdaq,-0.04754463440991782,0.04754463440991782
005930,macro_alpha,institution_net_buy,0.046721689097176784,0.046721689097176784
005930,macro_alpha,nasdaq_lag5,-0.046542612205978766,0.046542612205978766
005930,macro_alpha,nasdaq_lag1,-0.046289383609677846,0.046289383609677846
005930,macro_alpha,nasdaq_lag3,-0.04536761964461827,0.04536761964461827
005930,macro_alpha,foreign_net_buy_20d_sum,-0.04351733798965489,0.04351733798965489
005930,macro_alpha,return_pct,-0.04118511930875233,0.04118511930875233
005930,macro_alpha,kospi200_return_3d,-0.0396509591232986,0.0396509591232986
005930,macro_alpha,usd_krw,0.0392686890274821,0.0392686890274821
005930,macro_alpha,foreign_net_buy_20d_to_trading_value_20d,-0.03814363341173337,0.03814363341173337
005930,macro_alpha,usd_krw_lag1,0.03744972375275887,0.03744972375275887
005930,macro_alpha,kospi200_return_1d,-0.036739486553876065,0.036739486553876065
005930,macro_alpha,foreign_net_buy_5d_to_trading_value_5d,-0.03573385968330912,0.03573385968330912
005930,macro_alpha,usd_krw_lag3,0.035682920008650705,0.035682920008650705
005930,macro_alpha,usd_krw_return_1d,0.03337217862846651,0.03337217862846651
005930,macro_alpha,kospi_return_1d,-0.0311953063026213,0.0311953063026213
005930,macro_alpha,foreign_net_buy,-0.030826232144452424,0.030826232144452424
005930,macro_alpha,stock_vs_kospi_return_1d,-0.02957728950146454,0.02957728950146454
005930,macro_alpha,kospi_return_3d,-0.02861521189561032,0.02861521189561032
005930,macro_alpha,usd_krw_lag5,0.028227494210902794,0.028227494210902794
005930,macro_alpha,vix_change_3d,-0.025033403382359078,0.025033403382359078
005930,macro_alpha,stock_vs_kospi200_return_1d,-0.024371981730953146,0.024371981730953146
005930,macro_alpha,institution_net_buy_20d_to_trading_value_20d,0.022889678611809603,0.022889678611809603
005930,macro_alpha,nasdaq_return_1d,-0.021655101914242192,0.021655101914242192
005930,macro_alpha,foreign_net_buy_to_volume,-0.018086684419221913,0.018086684419221913
005930,macro_alpha,institution_net_buy_5d_to_trading_value_5d,0.017953411139502065,0.017953411139502065
005930,macro_alpha,sox_return_1d,-0.017795691876942694,0.017795691876942694
005930,macro_alpha,us_rate_lag3,0.0169345887663544,0.0169345887663544
005930,macro_alpha,foreign_net_buy_to_trading_value,-0.016082079862003044,0.016082079862003044
005930,macro_alpha,sox_return_3d,-0.012754612751634642,0.012754612751634642
005930,macro_alpha,usd_krw_return_3d,0.009679078998539477,0.009679078998539477
005930,macro_alpha,nasdaq_return_3d,-0.00930202704453414,0.00930202704453414
005930,macro_alpha,vix_change_1d,-0.00852103940409112,0.00852103940409112
005930,macro_alpha,us_rate_lag5,0.008038545820651333,0.008038545820651333
005930,macro_alpha,us_rate_lag1,0.007623623447594421,0.007623623447594421
005930,macro_alpha,institution_net_buy_to_volume,0.005643552006716971,0.005643552006716971
005930,macro_alpha,us_rate,0.003439247483581431,0.003439247483581431
005930,macro_alpha,institution_net_buy_to_trading_value,0.0017184338660393413,0.0017184338660393413
005930,macro_alpha,volume,0.0002605670813049292,0.0002605670813049292
