ticker,feature_set,feature,coefficient,abs_coefficient
005930,proposed,usd_krw_lag5,-0.9255628099836865,0.9255628099836865
005930,proposed,nasdaq_lag1,0.9107521560868254,0.9107521560868254
005930,proposed,sox_lag5,-0.8775507888242935,0.8775507888242935
005930,proposed,usd_krw_lag1,0.7906250854956514,0.7906250854956514
005930,proposed,foreign_net_buy_to_trading_value,0.783691477249465,0.783691477249465
005930,proposed,kospi200_return_3d,-0.7835173508308018,0.7835173508308018
005930,proposed,nasdaq_lag3,0.7773338907867506,0.7773338907867506
005930,proposed,sox,-0.7762704705269091,0.7762704705269091
005930,proposed,foreign_net_buy_to_volume,-0.7498302340863954,0.7498302340863954
005930,proposed,us_rate_lag1,0.7066553230098798,0.7066553230098798
005930,proposed,us_rate_lag3,0.6576707262097048,0.6576707262097048
005930,proposed,nasdaq_lag5,0.6490581207949669,0.6490581207949669
005930,proposed,kospi_return_3d,0.6445624966300131,0.6445624966300131
005930,proposed,usd_krw_lag3,-0.5972981006555529,0.5972981006555529
005930,proposed,open,0.5650836447865399,0.5650836447865399
005930,proposed,close,-0.5501044670395341,0.5501044670395341
005930,proposed,institution_net_buy_to_volume,0.5269403181004293,0.5269403181004293
005930,proposed,institution_net_buy_to_trading_value,-0.5201374350936064,0.5201374350936064
005930,proposed,us_rate,-0.5063032635162134,0.5063032635162134
005930,proposed,us_rate_lag5,-0.4807635339308575,0.4807635339308575
005930,proposed,kospi200_lag5,-0.4503744221199659,0.4503744221199659
005930,proposed,kospi_lag5,-0.4427431106050598,0.4427431106050598
005930,proposed,usd_krw,0.4357855713511267,0.4357855713511267
005930,proposed,kospi_lag3,0.4223423022465067,0.4223423022465067
005930,proposed,kospi200_lag3,0.4135454298987316,0.4135454298987316
005930,proposed,kospi200,-0.3705848658141841,0.3705848658141841
005930,proposed,institution_net_buy_20d_sum,0.3447105758570074,0.3447105758570074
005930,proposed,volume,-0.3053671436995851,0.3053671436995851
005930,proposed,kospi200_lag1,-0.3034131704700496,0.3034131704700496
005930,proposed,trading_value,0.2987191711056221,0.2987191711056221
005930,proposed,nasdaq,0.2610066166095552,0.2610066166095552
005930,proposed,vix_change_3d,-0.2446167105928882,0.2446167105928882
005930,proposed,vix_lag5,0.2263398026653163,0.2263398026653163
005930,proposed,sox_lag3,-0.2143393727667564,0.2143393727667564
005930,proposed,vix_lag3,-0.2090038644773005,0.2090038644773005
005930,proposed,foreign_net_buy_5d_sum,-0.1959071097075993,0.1959071097075993
005930,proposed,nasdaq_return_1d,-0.1510272759542199,0.1510272759542199
005930,proposed,vix_lag1,0.1446871042095827,0.1446871042095827
005930,proposed,high,0.1353771331762159,0.1353771331762159
005930,proposed,foreign_net_buy,0.1255158754216224,0.1255158754216224
005930,proposed,usd_krw_return_3d,-0.1221588630311805,0.1221588630311805
005930,proposed,sox_lag1,-0.1192849788197618,0.1192849788197618
005930,proposed,usd_krw_return_1d,0.1033402016658539,0.1033402016658539
005930,proposed,kospi,-0.0997597770662945,0.0997597770662945
005930,proposed,samsung_vs_kospi_return_1d,-0.0813360468164937,0.0813360468164937
005930,proposed,kospi200_return_1d,-0.0796336707426903,0.0796336707426903
005930,proposed,sox_return_1d,0.0769185153928269,0.0769185153928269
005930,proposed,institution_net_buy_5d_sum,-0.0743625572680732,0.0743625572680732
005930,proposed,foreign_net_buy_20d_to_trading_value_20d,-0.0707056804257885,0.0707056804257885
005930,proposed,institution_net_buy_20d_to_trading_value_20d,-0.069779611013034,0.069779611013034
005930,proposed,foreign_net_buy_20d_sum,-0.0689663874431026,0.0689663874431026
005930,proposed,institution_net_buy,0.0688864741533134,0.0688864741533134
005930,proposed,sox_return_3d,-0.0679375687020937,0.0679375687020937
005930,proposed,kospi_lag1,-0.0599958492001663,0.0599958492001663
005930,proposed,foreign_net_buy_5d_to_trading_value_5d,-0.0595599093057245,0.0595599093057245
005930,proposed,samsung_vs_kospi200_return_1d,0.0523705127941658,0.0523705127941658
005930,proposed,nasdaq_return_3d,0.0419084250774708,0.0419084250774708
005930,proposed,institution_net_buy_5d_to_trading_value_5d,0.0339612975117089,0.0339612975117089
005930,proposed,return_pct,-0.0314629773883082,0.0314629773883082
005930,proposed,vix,0.0275504846334557,0.0275504846334557
005930,proposed,kospi_return_1d,0.0272469976252609,0.0272469976252609
005930,proposed,vix_change_1d,-0.0179493513210459,0.0179493513210459
005930,proposed,low,0.0121237915462357,0.0121237915462357
000660,proposed,close,-1.3336709739564785,1.3336709739564785
000660,proposed,institution_net_buy_20d_to_trading_value_20d,1.1755309637572926,1.1755309637572926
000660,proposed,open,1.1205924003130314,1.1205924003130314
000660,proposed,us_rate_lag5,-1.0557987663351498,1.0557987663351498
000660,proposed,institution_net_buy_20d_sum,-0.9044929263011716,0.9044929263011716
000660,proposed,us_rate_lag1,0.8443620469631751,0.8443620469631751
000660,proposed,usd_krw_lag5,-0.7715015330297414,0.7715015330297414
000660,proposed,nasdaq_lag1,0.6331443238219541,0.6331443238219541
000660,proposed,low,-0.6194296072571776,0.6194296072571776
000660,proposed,nasdaq_lag3,0.6024396867632478,0.6024396867632478
000660,proposed,kospi200_return_3d,-0.5583367752824844,0.5583367752824844
000660,proposed,usd_krw,0.4620098768182911,0.4620098768182911
000660,proposed,nasdaq_lag5,0.4382554356384537,0.4382554356384537
000660,proposed,kospi_return_3d,0.4274918257371449,0.4274918257371449
000660,proposed,kospi,-0.4044718161411161,0.4044718161411161
000660,proposed,us_rate,0.4006115137589729,0.4006115137589729
000660,proposed,institution_net_buy_to_trading_value,-0.3894632448834832,0.3894632448834832
000660,proposed,kospi200,-0.3820487245435723,0.3820487245435723
000660,proposed,sox,-0.3802905201047836,0.3802905201047836
000660,proposed,vix_lag1,-0.3523229324748697,0.3523229324748697
000660,proposed,institution_net_buy_to_volume,0.350037998045582,0.350037998045582
000660,proposed,sox_lag1,-0.3168013613907137,0.3168013613907137
000660,proposed,vix_change_3d,-0.301957046179773,0.301957046179773
000660,proposed,foreign_net_buy_5d_to_trading_value_5d,0.2755461635379042,0.2755461635379042
000660,proposed,vix,0.2609009091045413,0.2609009091045413
000660,proposed,sox_lag5,-0.259551762039696,0.259551762039696
000660,proposed,kospi200_lag5,0.216757355985274,0.216757355985274
000660,proposed,institution_net_buy_5d_sum,-0.1829521654842769,0.1829521654842769
000660,proposed,kospi200_lag3,0.1764677292744035,0.1764677292744035
000660,proposed,nasdaq,0.1670997962297479,0.1670997962297479
000660,proposed,usd_krw_lag1,-0.1634862141372652,0.1634862141372652
000660,proposed,volume,0.1604521015260826,0.1604521015260826
000660,proposed,kospi_lag3,0.1601556145926297,0.1601556145926297
000660,proposed,kospi_lag5,0.1590477581334331,0.1590477581334331
000660,proposed,usd_krw_lag3,0.1475845090255878,0.1475845090255878
000660,proposed,kospi_lag1,-0.143887091336246,0.143887091336246
000660,proposed,foreign_net_buy_20d_to_trading_value_20d,-0.1366717283718892,0.1366717283718892
000660,proposed,us_rate_lag3,0.1333543347468062,0.1333543347468062
000660,proposed,vix_lag5,0.1324649556028837,0.1324649556028837
000660,proposed,foreign_net_buy_to_volume,-0.1287029167268607,0.1287029167268607
000660,proposed,foreign_net_buy_5d_sum,-0.1204421496577676,0.1204421496577676
000660,proposed,foreign_net_buy_20d_sum,0.1146959995990811,0.1146959995990811
000660,proposed,nasdaq_return_1d,-0.1085270780831883,0.1085270780831883
000660,proposed,high,0.1047053049488719,0.1047053049488719
000660,proposed,usd_krw_return_3d,0.0900252528879921,0.0900252528879921
000660,proposed,kospi200_return_1d,-0.0830821906365074,0.0830821906365074
000660,proposed,usd_krw_return_1d,-0.0736008930788931,0.0736008930788931
000660,proposed,institution_net_buy,0.0690572468846427,0.0690572468846427
000660,proposed,vix_lag3,0.068760943918787,0.068760943918787
000660,proposed,nasdaq_return_3d,-0.065079434874395,0.065079434874395
000660,proposed,kospi_return_1d,0.0649480792446269,0.0649480792446269
000660,proposed,stock_vs_kospi200_return_1d,0.0632293555315712,0.0632293555315712
000660,proposed,trading_value,0.0612541713966494,0.0612541713966494
000660,proposed,sox_return_1d,0.0584699526943092,0.0584699526943092
000660,proposed,foreign_net_buy,0.0577603309737565,0.0577603309737565
000660,proposed,kospi200_lag1,-0.05652747818761,0.05652747818761
000660,proposed,vix_change_1d,-0.0532415590040776,0.0532415590040776
000660,proposed,stock_vs_kospi_return_1d,-0.0376584202388415,0.0376584202388415
000660,proposed,sox_return_3d,-0.0229875260771484,0.0229875260771484
000660,proposed,sox_lag3,-0.0224395574294638,0.0224395574294638
000660,proposed,foreign_net_buy_to_trading_value,0.0208363745192883,0.0208363745192883
000660,proposed,institution_net_buy_5d_to_trading_value_5d,0.0143107856083585,0.0143107856083585
000660,proposed,return_pct,0.0035733276555778,0.0035733276555778
000660,macro_alpha,institution_net_buy_20d_to_trading_value_20d,1.2388131344041835,1.2388131344041835
000660,macro_alpha,us_rate_lag5,-1.0994355567141378,1.0994355567141378
000660,macro_alpha,kospi200,-1.0741626952173065,1.0741626952173065
000660,macro_alpha,us_rate_lag1,1.0054258298667156,1.0054258298667156
000660,macro_alpha,institution_net_buy_20d_sum,-0.9506687484982236,0.9506687484982236
000660,macro_alpha,nasdaq_lag3,0.7953553958899693,0.7953553958899693
000660,macro_alpha,usd_krw_lag5,-0.7558442944274334,0.7558442944274334
000660,macro_alpha,nasdaq_lag1,0.7497776497710408,0.7497776497710408
000660,macro_alpha,kospi_lag5,0.7288670942119533,0.7288670942119533
000660,macro_alpha,kospi200_lag1,-0.6767707144775528,0.6767707144775528
000660,macro_alpha,kospi_lag3,0.650651486799654,0.650651486799654
000660,macro_alpha,kospi200_return_3d,-0.6165658862407771,0.6165658862407771
000660,macro_alpha,sox,-0.5808608109102552,0.5808608109102552
000660,macro_alpha,nasdaq_lag5,0.5759251479943643,0.5759251479943643
000660,macro_alpha,sox_lag1,-0.5385624904878692,0.5385624904878692
000660,macro_alpha,sox_lag5,-0.5004110700169372,0.5004110700169372
000660,macro_alpha,kospi200_lag3,-0.5001903248521774,0.5001903248521774
000660,macro_alpha,usd_krw,0.4737385703390513,0.4737385703390513
000660,macro_alpha,us_rate,0.4719950744783007,0.4719950744783007
000660,macro_alpha,kospi_return_3d,0.4518645098565269,0.4518645098565269
000660,macro_alpha,kospi_lag1,0.4428110413982101,0.4428110413982101
000660,macro_alpha,kospi200_lag5,-0.4032476701724768,0.4032476701724768
000660,macro_alpha,institution_net_buy_to_trading_value,-0.3591199592383229,0.3591199592383229
000660,macro_alpha,vix_lag1,-0.3204404762756898,0.3204404762756898
000660,macro_alpha,nasdaq,0.3191995236991565,0.3191995236991565
000660,macro_alpha,institution_net_buy_to_volume,0.3169500396023286,0.3169500396023286
000660,macro_alpha,vix_change_3d,-0.2937104387279663,0.2937104387279663
000660,macro_alpha,vix,0.2904125407135439,0.2904125407135439
000660,macro_alpha,foreign_net_buy_5d_to_trading_value_5d,0.2773892763953595,0.2773892763953595
000660,macro_alpha,institution_net_buy_5d_sum,-0.2226442615600254,0.2226442615600254
000660,macro_alpha,volume,0.1987080385260065,0.1987080385260065
000660,macro_alpha,foreign_net_buy_to_volume,-0.1957513132234078,0.1957513132234078
000660,macro_alpha,sox_lag3,-0.1566573371675325,0.1566573371675325
000660,macro_alpha,vix_lag5,0.143938558106879,0.143938558106879
000660,macro_alpha,foreign_net_buy_5d_sum,-0.1424755428480194,0.1424755428480194
000660,macro_alpha,kospi,0.1127853686876242,0.1127853686876242
000660,macro_alpha,foreign_net_buy_20d_to_trading_value_20d,-0.1098531373940133,0.1098531373940133
000660,macro_alpha,nasdaq_return_1d,-0.1030749664124684,0.1030749664124684
000660,macro_alpha,kospi200_return_1d,-0.0963622817194277,0.0963622817194277
000660,macro_alpha,foreign_net_buy_to_trading_value,0.0846537988849239,0.0846537988849239
000660,macro_alpha,institution_net_buy,0.0809008296883849,0.0809008296883849
000660,macro_alpha,sox_return_1d,0.0769212228924644,0.0769212228924644
000660,macro_alpha,foreign_net_buy,0.0743409708825011,0.0743409708825011
000660,macro_alpha,usd_krw_return_1d,-0.0698774396517818,0.0698774396517818
000660,macro_alpha,stock_vs_kospi_return_1d,-0.0678389993699907,0.0678389993699907
000660,macro_alpha,vix_lag3,0.0619022296872567,0.0619022296872567
000660,macro_alpha,usd_krw_return_3d,0.0615886787521322,0.0615886787521322
000660,macro_alpha,foreign_net_buy_20d_sum,0.0576251458912249,0.0576251458912249
000660,macro_alpha,vix_change_1d,-0.0566927379297177,0.0566927379297177
000660,macro_alpha,kospi_return_1d,0.0552422974589867,0.0552422974589867
000660,macro_alpha,nasdaq_return_3d,-0.0546289222022874,0.0546289222022874
000660,macro_alpha,usd_krw_lag1,-0.0451649118231138,0.0451649118231138
000660,macro_alpha,institution_net_buy_5d_to_trading_value_5d,0.0446751749045152,0.0446751749045152
000660,macro_alpha,stock_vs_kospi200_return_1d,0.0344388423097009,0.0344388423097009
000660,macro_alpha,return_pct,-0.0249578904307016,0.0249578904307016
000660,macro_alpha,sox_return_3d,-0.0149695015901596,0.0149695015901596
000660,macro_alpha,usd_krw_lag3,-0.009060362376232,0.009060362376232
000660,macro_alpha,us_rate_lag3,-0.0030992666977408,0.0030992666977408
005930,macro_alpha,usd_krw_lag5,-0.8900792867536494,0.8900792867536494
005930,macro_alpha,nasdaq_lag1,0.8890476679392275,0.8890476679392275
005930,macro_alpha,sox_lag5,-0.8613244221759881,0.8613244221759881
005930,macro_alpha,foreign_net_buy_to_trading_value,0.7800678591059984,0.7800678591059984
005930,macro_alpha,usd_krw_lag1,0.7768085734074531,0.7768085734074531
005930,macro_alpha,nasdaq_lag3,0.7596345168290848,0.7596345168290848
005930,macro_alpha,foreign_net_buy_to_volume,-0.7465375908300564,0.7465375908300564
005930,macro_alpha,sox,-0.7428476837629299,0.7428476837629299
005930,macro_alpha,kospi200_return_3d,-0.7003389500746218,0.7003389500746218
005930,macro_alpha,us_rate_lag3,0.6865292353800301,0.6865292353800301
005930,macro_alpha,us_rate_lag1,0.6853592831465163,0.6853592831465163
005930,macro_alpha,nasdaq_lag5,0.6565371848042648,0.6565371848042648
005930,macro_alpha,kospi_lag5,-0.5988608911347748,0.5988608911347748
005930,macro_alpha,usd_krw_lag3,-0.5884893924900142,0.5884893924900142
005930,macro_alpha,kospi200_lag3,0.5818656803578389,0.5818656803578389
005930,macro_alpha,kospi_return_3d,0.5684613281093815,0.5684613281093815
005930,macro_alpha,institution_net_buy_to_volume,0.5449187321185689,0.5449187321185689
005930,macro_alpha,institution_net_buy_to_trading_value,-0.5384788898842531,0.5384788898842531
005930,macro_alpha,us_rate,-0.5115305410401565,0.5115305410401565
005930,macro_alpha,us_rate_lag5,-0.46543974710978153,0.46543974710978153
005930,macro_alpha,usd_krw,0.41606401188689346,0.41606401188689346
005930,macro_alpha,institution_net_buy_20d_sum,0.3383602636909813,0.3383602636909813
005930,macro_alpha,kospi200_lag5,-0.3350418577307156,0.3350418577307156
005930,macro_alpha,kospi_lag3,0.3057088438814538,0.3057088438814538
005930,macro_alpha,nasdaq,0.24475433768745947,0.24475433768745947
005930,macro_alpha,vix_change_3d,-0.2379373668574627,0.2379373668574627
005930,macro_alpha,vix_lag5,0.2252812073461154,0.2252812073461154
005930,macro_alpha,vix_lag3,-0.19340510708101652,0.19340510708101652
005930,macro_alpha,kospi,-0.1932805064273454,0.1932805064273454
005930,macro_alpha,foreign_net_buy_5d_sum,-0.19239142152382024,0.19239142152382024
005930,macro_alpha,sox_lag3,-0.19128237567455375,0.19128237567455375
005930,macro_alpha,kospi_lag1,-0.17694499553063883,0.17694499553063883
005930,macro_alpha,kospi200,-0.15282757251648435,0.15282757251648435
005930,macro_alpha,nasdaq_return_1d,-0.1505415532293778,0.1505415532293778
005930,macro_alpha,vix_lag1,0.13551652050038082,0.13551652050038082
005930,macro_alpha,usd_krw_return_3d,-0.12108469148576087,0.12108469148576087
005930,macro_alpha,kospi200_lag1,-0.1183056868979068,0.1183056868979068
005930,macro_alpha,foreign_net_buy,0.11026291516926662,0.11026291516926662
005930,macro_alpha,usd_krw_return_1d,0.1016616730153807,0.1016616730153807
005930,macro_alpha,sox_lag1,-0.09524995308187414,0.09524995308187414
005930,macro_alpha,stock_vs_kospi_return_1d,-0.09048892944072658,0.09048892944072658
005930,macro_alpha,kospi200_return_1d,-0.08754807415770728,0.08754807415770728
005930,macro_alpha,sox_return_1d,0.08269123130437121,0.08269123130437121
005930,macro_alpha,institution_net_buy_5d_sum,-0.08092808278888479,0.08092808278888479
005930,macro_alpha,institution_net_buy_20d_to_trading_value_20d,-0.07550988057758223,0.07550988057758223
005930,macro_alpha,foreign_net_buy_20d_to_trading_value_20d,-0.07369794893976327,0.07369794893976327
005930,macro_alpha,foreign_net_buy_20d_sum,-0.06676665581973122,0.06676665581973122
005930,macro_alpha,foreign_net_buy_5d_to_trading_value_5d,-0.061546392911979365,0.061546392911979365
005930,macro_alpha,sox_return_3d,-0.06147973643322189,0.06147973643322189
005930,macro_alpha,institution_net_buy,0.057599132947684394,0.057599132947684394
005930,macro_alpha,stock_vs_kospi200_return_1d,0.05485268302102515,0.05485268302102515
005930,macro_alpha,return_pct,-0.03608964114753888,0.03608964114753888
005930,macro_alpha,institution_net_buy_5d_to_trading_value_5d,0.03581917581996525,0.03581917581996525
005930,macro_alpha,nasdaq_return_3d,0.035587962682783886,0.035587962682783886
005930,macro_alpha,volume,-0.03317802007774924,0.03317802007774924
005930,macro_alpha,vix_change_1d,-0.029029322644743224,0.029029322644743224
005930,macro_alpha,kospi_return_1d,0.028828054527198017,0.028828054527198017
005930,macro_alpha,vix,0.01104084585284549,0.01104084585284549
