feature_name,sample_count,mean_abs_shap,mean_shap,mean_feature_value,positive_shap_count,negative_shap_count,positive_shap_ratio,negative_shap_ratio,dominant_direction
usd_krw_lag5,239,0.35521285355648535,-0.35521285355648535,1357.152721757322,0,239,0.0,1.0,negative
nasdaq_lag1,239,0.32087307949790794,0.31504944769874477,17169.027515899583,230,9,0.9623430962343096,0.03765690376569038,positive
sox,239,0.2719319330543933,-0.2719319330543933,222.70817447698744,0,239,0.0,1.0,negative
kospi200_return_3d,239,0.26910780334728035,-0.006204891213389121,-0.08696457740585774,98,141,0.4100418410041841,0.5899581589958159,negative
foreign_net_buy_5d_sum,239,0.24759608368200836,-0.02872171548117155,34980234970.711296,100,139,0.41841004184100417,0.5815899581589958,negative
nasdaq_lag3,239,0.22503299581589958,0.21414601673640168,17130.246051046026,221,18,0.9246861924686193,0.07531380753138076,positive
foreign_net_buy,239,0.20903045606694562,-0.012843803347280336,6883736490.794979,121,118,0.5062761506276151,0.49372384937238495,negative
institution_net_buy_20d_sum,239,0.20676806276150628,0.03398750209205021,-188204330131.79916,128,111,0.5355648535564853,0.46443514644351463,positive
nasdaq_return_3d,239,0.16943406276150627,0.030064882845188285,0.3530669790794979,131,108,0.5481171548117155,0.45188284518828453,positive
vix_lag1,239,0.155865640167364,0.0581923179916318,15.42928870292887,192,47,0.803347280334728,0.19665271966527198,positive
institution_net_buy_20d_to_trading_value_20d,239,0.15386558158995817,-0.05861421757322176,-0.014259774058577406,65,174,0.2719665271966527,0.7280334728033473,negative
sox_return_3d,239,0.15292862343096233,-0.015389987447698745,0.2168485439330544,93,146,0.3891213389121339,0.6108786610878661,negative
usd_krw_return_3d,239,0.15189026359832636,-0.0057571673640167366,0.1361807322175732,78,161,0.3263598326359833,0.6736401673640168,negative
return_pct,239,0.14935678661087867,0.0003620418410041841,0.12221380753138075,131,108,0.5481171548117155,0.45188284518828453,positive
foreign_net_buy_20d_to_trading_value_20d,239,0.14932056066945606,0.013497230125523013,0.0160979539748954,111,128,0.46443514644351463,0.5355648535564853,positive
institution_net_buy_5d_to_trading_value_5d,239,0.14764205439330544,0.0287068410041841,-0.01584539330543933,116,123,0.48535564853556484,0.5146443514644351,positive
institution_net_buy_5d_sum,239,0.14745705857740585,-0.032911560669456066,-48303160022.59414,102,137,0.42677824267782427,0.5732217573221757,negative
vix_lag5,239,0.14682065271966527,-0.058011907949790796,15.34297071129707,104,135,0.4351464435146444,0.5648535564853556,negative
vix_change_3d,239,0.12935648535564853,-0.012392376569037657,0.1192887029288703,101,138,0.4225941422594142,0.5774058577405857,negative
vix_change_1d,239,0.12748353556485356,-0.04210361087866109,0.04878661087866109,74,165,0.30962343096234307,0.6903765690376569,negative
volume,239,0.12587274058577405,0.06695526778242678,4407549.2008368205,199,40,0.8326359832635983,0.16736401673640167,positive
kospi_return_3d,239,0.12332010460251046,0.01650231380753138,-0.06939551464435147,102,137,0.42677824267782427,0.5732217573221757,positive
institution_net_buy,239,0.11534861087866109,-0.01684694560669456,-10499497474.058577,101,138,0.4225941422594142,0.5774058577405857,negative
nasdaq_lag5,239,0.11436446861924686,0.11270037656903766,17105.913855230127,228,11,0.9539748953974896,0.04602510460251046,positive
foreign_net_buy_20d_sum,239,0.11286666108786611,0.0715927280334728,136176156074.47699,164,75,0.6861924686192469,0.3138075313807531,positive
stock_vs_kospi200_return_1d,239,0.11274004184100418,0.035967983263598326,0.16225253556485356,158,81,0.6610878661087866,0.3389121338912134,positive
stock_vs_kospi_return_1d,239,0.09607117991631799,0.04076084518828452,0.15599064853556485,106,133,0.4435146443514644,0.5564853556485355,positive
vix_lag3,239,0.0942612928870293,-0.04724113389121339,15.345899581589958,131,108,0.5481171548117155,0.45188284518828453,negative
kospi_return_1d,239,0.08360092887029288,0.0007857656903765691,-0.0337768410041841,113,126,0.47280334728033474,0.5271966527196653,positive
sox_lag1,239,0.08284269874476988,-0.08254791213389122,222.66435230125524,1,238,0.0041841004184100415,0.99581589958159,negative
sox_return_1d,239,0.08222480753138076,-0.007544054393305439,0.062368163179916315,107,132,0.4476987447698745,0.5523012552301255,negative
nasdaq_return_1d,239,0.07968989121338912,0.010911188284518829,0.11130541004184101,156,83,0.6527196652719666,0.3472803347280335,positive
usd_krw_return_1d,239,0.07875787447698744,-0.0012572301255230126,0.049499276150627616,126,113,0.5271966527196653,0.47280334728033474,negative
institution_net_buy_to_volume,239,0.07734475313807532,-0.01791645188284519,-3552.0498561506274,119,120,0.497907949790795,0.502092050209205,negative
us_rate_lag1,239,0.07619334728033472,0.07521527196652719,5.189832635983263,231,8,0.9665271966527197,0.03347280334728033,positive
vix,239,0.07077984518828452,0.01903439748953975,15.507196652719665,152,87,0.6359832635983264,0.36401673640167365,positive
us_rate_lag3,239,0.06863610878661087,-0.06863610878661087,5.196945606694561,0,239,0.0,1.0,negative
kospi,239,0.06706226778242678,-0.036949330543933054,2636.5392050209207,75,164,0.3138075313807531,0.6861924686192469,negative
usd_krw,239,0.06258946025104603,0.05299602092050209,1360.1205472803347,196,43,0.8200836820083682,0.1799163179916318,positive
sox_lag3,239,0.061463514644351465,0.059403138075313805,222.37979163179915,227,12,0.9497907949790795,0.0502092050209205,positive
usd_krw_lag3,239,0.059355874476987446,0.04176642677824268,1358.1302535564853,176,63,0.7364016736401674,0.26359832635983266,positive
nasdaq,239,0.055637719665271965,0.055062087866108785,17178.17832426778,230,9,0.9623430962343096,0.03765690376569038,positive
usd_krw_lag1,239,0.055506054393305436,0.0493594769874477,1359.2782050209205,209,30,0.8744769874476988,0.12552301255230125,positive
kospi_lag3,239,0.053380066945606694,-0.047732435146443514,2639.3003347280332,30,209,0.12552301255230125,0.8744769874476988,negative
foreign_net_buy_to_volume,239,0.053048916317991635,-0.007547878661087866,2926.3300587280337,133,106,0.5564853556485355,0.4435146443514644,negative
institution_net_buy_to_trading_value,239,0.05037397907949791,-0.014423092050209205,-0.019330096234309622,68,171,0.28451882845188287,0.7154811715481172,negative
foreign_net_buy_5d_to_trading_value_5d,239,0.049257891213389124,-0.0011482845188284518,0.01603466108786611,121,118,0.5062761506276151,0.49372384937238495,negative
us_rate,239,0.04652173221757322,0.022399305439330545,5.159916317991632,157,82,0.6569037656903766,0.34309623430962344,positive
foreign_net_buy_to_trading_value,239,0.043174732217573224,-0.0015062970711297071,0.013087192468619247,146,93,0.6108786610878661,0.3891213389121339,negative
kospi200_return_1d,239,0.04236808786610879,-0.0045472175732217575,-0.040038728033472804,96,143,0.401673640167364,0.5983263598326359,negative
kospi200_lag3,239,0.03796560251046025,-0.03328469037656904,356.46853556485354,45,194,0.18828451882845187,0.8117154811715481,negative
kospi200_lag1,239,0.03660584937238494,-0.03507060251046025,356.4226778242678,11,228,0.04602510460251046,0.9539748953974896,negative
kospi200,239,0.03587392050209205,0.006183811715481172,356.02535564853554,134,105,0.5606694560669456,0.4393305439330544,positive
kospi_lag5,239,0.029435635983263597,-0.00580626359832636,2640.48410041841,86,153,0.3598326359832636,0.6401673640167364,negative
sox_lag5,239,0.027560556485355648,0.0020336694560669456,222.3781878661088,130,109,0.5439330543933054,0.4560669456066946,positive
kospi200_lag5,239,0.026785251046025103,-0.020317351464435147,356.6634728033473,31,208,0.1297071129707113,0.8702928870292888,negative
us_rate_lag5,239,0.021258953974895398,0.011602451882845189,5.188577405857741,150,89,0.6276150627615062,0.3723849372384937,positive
kospi_lag1,239,0.017455627615062762,0.0067185062761506275,2639.1796234309622,164,75,0.6861924686192469,0.3138075313807531,positive
