name,ticker,experiment,feature_family,split,class_label,class_name,feature,mean_abs_shap,mean_shap
nvidia,NVDA,proposed_daily_extended,core_macro+rates+dollar+semi_etf,test,0,down,nasdaq_t_minus_1,0.11719632148742676,0.11719632148742676
nvidia,NVDA,proposed_daily_extended,core_macro+rates+dollar+semi_etf,test,0,down,sox_t_minus_1,0.005240843165665865,-0.005240843165665865
nvidia,NVDA,proposed_daily_extended,core_macro+rates+dollar+semi_etf,test,0,down,vix_t_minus_1,0.04141145199537277,0.037830788642168045
nvidia,NVDA,proposed_daily_extended,core_macro+rates+dollar+semi_etf,test,0,down,us_rate_t_minus_1,0.11904952675104141,0.11904952675104141
nvidia,NVDA,proposed_daily_extended,core_macro+rates+dollar+semi_etf,test,0,down,usd_krw_t_minus_1,0.03807872533798218,-0.03707076609134674
nvidia,NVDA,proposed_daily_extended,core_macro+rates+dollar+semi_etf,test,0,down,nasdaq_t_minus_3,0.03292910382151604,0.031533852219581604
nvidia,NVDA,proposed_daily_extended,core_macro+rates+dollar+semi_etf,test,0,down,sox_t_minus_3,0.15837900340557098,0.15837900340557098
nvidia,NVDA,proposed_daily_extended,core_macro+rates+dollar+semi_etf,test,0,down,vix_t_minus_3,0.02486998587846756,0.004362798295915127
nvidia,NVDA,proposed_daily_extended,core_macro+rates+dollar+semi_etf,test,0,down,us_rate_t_minus_3,0.0062062120996415615,-0.0062062120996415615
nvidia,NVDA,proposed_daily_extended,core_macro+rates+dollar+semi_etf,test,0,down,usd_krw_t_minus_3,0.033664070069789886,0.033664070069789886
nvidia,NVDA,proposed_daily_extended,core_macro+rates+dollar+semi_etf,test,0,down,nasdaq_t_minus_5,0.023658789694309235,-0.015509158372879028
nvidia,NVDA,proposed_daily_extended,core_macro+rates+dollar+semi_etf,test,0,down,sox_t_minus_5,0.3325548470020294,0.3325548470020294
nvidia,NVDA,proposed_daily_extended,core_macro+rates+dollar+semi_etf,test,0,down,vix_t_minus_5,0.020714612677693367,0.0026754187420010567
nvidia,NVDA,proposed_daily_extended,core_macro+rates+dollar+semi_etf,test,0,down,us_rate_t_minus_5,0.17416363954544067,0.17416363954544067
nvidia,NVDA,proposed_daily_extended,core_macro+rates+dollar+semi_etf,test,0,down,usd_krw_t_minus_5,0.0412810780107975,-0.0412810780107975
nvidia,NVDA,proposed_daily_extended,core_macro+rates+dollar+semi_etf,test,0,down,us_10y_treasury_fred_t_minus_1,0.5312225222587585,-0.45697280764579773
nvidia,NVDA,proposed_daily_extended,core_macro+rates+dollar+semi_etf,test,0,down,us_10y_treasury_fred_t_minus_3,0.32632923126220703,-0.31690189242362976
nvidia,NVDA,proposed_daily_extended,core_macro+rates+dollar+semi_etf,test,0,down,us_10y_treasury_fred_t_minus_5,0.12784501910209656,0.12784501910209656
nvidia,NVDA,proposed_daily_extended,core_macro+rates+dollar+semi_etf,test,0,down,us_2y_treasury_fred_t_minus_1,0.05804033577442169,0.05804033577442169
nvidia,NVDA,proposed_daily_extended,core_macro+rates+dollar+semi_etf,test,0,down,us_2y_treasury_fred_t_minus_3,0.10793676227331161,-0.006471889093518257
nvidia,NVDA,proposed_daily_extended,core_macro+rates+dollar+semi_etf,test,0,down,us_2y_treasury_fred_t_minus_5,0.3112283945083618,0.3112283945083618
nvidia,NVDA,proposed_daily_extended,core_macro+rates+dollar+semi_etf,test,0,down,us_10y_2y_spread_t_minus_1,0.061077821999788284,0.04643169045448303
nvidia,NVDA,proposed_daily_extended,core_macro+rates+dollar+semi_etf,test,0,down,us_10y_2y_spread_t_minus_3,0.015566011890769005,0.0155639024451375
nvidia,NVDA,proposed_daily_extended,core_macro+rates+dollar+semi_etf,test,0,down,us_10y_2y_spread_t_minus_5,0.11534848809242249,0.09718341380357742
nvidia,NVDA,proposed_daily_extended,core_macro+rates+dollar+semi_etf,test,0,down,broad_dollar_index_t_minus_1,0.026404084637761116,-0.02542918175458908
nvidia,NVDA,proposed_daily_extended,core_macro+rates+dollar+semi_etf,test,0,down,broad_dollar_index_t_minus_3,0.17931689321994781,-0.17928534746170044
nvidia,NVDA,proposed_daily_extended,core_macro+rates+dollar+semi_etf,test,0,down,broad_dollar_index_t_minus_5,0.028194893151521683,0.028194893151521683
nvidia,NVDA,proposed_daily_extended,core_macro+rates+dollar+semi_etf,test,0,down,smh_t_minus_1,0.07281188666820526,0.07281188666820526
nvidia,NVDA,proposed_daily_extended,core_macro+rates+dollar+semi_etf,test,0,down,smh_t_minus_3,0.16215893626213074,0.16215893626213074
nvidia,NVDA,proposed_daily_extended,core_macro+rates+dollar+semi_etf,test,0,down,smh_t_minus_5,0.011391431093215942,0.0039116255939006805
nvidia,NVDA,proposed_daily_extended,core_macro+rates+dollar+semi_etf,test,0,down,soxx_t_minus_1,0.08661146461963654,0.08661146461963654
nvidia,NVDA,proposed_daily_extended,core_macro+rates+dollar+semi_etf,test,0,down,soxx_t_minus_3,0.029134392738342285,0.029134392738342285
nvidia,NVDA,proposed_daily_extended,core_macro+rates+dollar+semi_etf,test,0,down,soxx_t_minus_5,0.09781845659017563,0.09781845659017563
nvidia,NVDA,proposed_daily_extended,core_macro+rates+dollar+semi_etf,test,1,neutral,nasdaq_t_minus_1,0.1486404687166214,0.1468908041715622
nvidia,NVDA,proposed_daily_extended,core_macro+rates+dollar+semi_etf,test,1,neutral,sox_t_minus_1,0.10849712789058685,0.10849712789058685
nvidia,NVDA,proposed_daily_extended,core_macro+rates+dollar+semi_etf,test,1,neutral,vix_t_minus_1,0.06601790338754654,-0.047555167227983475
nvidia,NVDA,proposed_daily_extended,core_macro+rates+dollar+semi_etf,test,1,neutral,us_rate_t_minus_1,0.003368529723957181,-0.0018842659192159772
nvidia,NVDA,proposed_daily_extended,core_macro+rates+dollar+semi_etf,test,1,neutral,usd_krw_t_minus_1,0.0601733960211277,-0.03594012185931206
nvidia,NVDA,proposed_daily_extended,core_macro+rates+dollar+semi_etf,test,1,neutral,nasdaq_t_minus_3,0.027668271213769913,-0.021858200430870056
nvidia,NVDA,proposed_daily_extended,core_macro+rates+dollar+semi_etf,test,1,neutral,sox_t_minus_3,0.054334625601768494,-0.054334625601768494
nvidia,NVDA,proposed_daily_extended,core_macro+rates+dollar+semi_etf,test,1,neutral,vix_t_minus_3,0.06336649507284164,0.05216594412922859
nvidia,NVDA,proposed_daily_extended,core_macro+rates+dollar+semi_etf,test,1,neutral,us_rate_t_minus_3,0.008280460722744465,0.00824732519686222
nvidia,NVDA,proposed_daily_extended,core_macro+rates+dollar+semi_etf,test,1,neutral,usd_krw_t_minus_3,0.040890276432037354,0.04067245498299599
nvidia,NVDA,proposed_daily_extended,core_macro+rates+dollar+semi_etf,test,1,neutral,nasdaq_t_minus_5,0.08135665953159332,0.08135665953159332
nvidia,NVDA,proposed_daily_extended,core_macro+rates+dollar+semi_etf,test,1,neutral,sox_t_minus_5,0.016057444736361504,-0.016029996797442436
nvidia,NVDA,proposed_daily_extended,core_macro+rates+dollar+semi_etf,test,1,neutral,vix_t_minus_5,0.06930211931467056,-0.026928480714559555
nvidia,NVDA,proposed_daily_extended,core_macro+rates+dollar+semi_etf,test,1,neutral,us_rate_t_minus_5,0.0011510823387652636,0.001145390560850501
nvidia,NVDA,proposed_daily_extended,core_macro+rates+dollar+semi_etf,test,1,neutral,usd_krw_t_minus_5,0.0843517929315567,-0.08120904117822647
nvidia,NVDA,proposed_daily_extended,core_macro+rates+dollar+semi_etf,test,1,neutral,us_10y_treasury_fred_t_minus_1,0.09245150536298752,0.09245150536298752
nvidia,NVDA,proposed_daily_extended,core_macro+rates+dollar+semi_etf,test,1,neutral,us_10y_treasury_fred_t_minus_3,0.07577795535326004,-0.0324862040579319
nvidia,NVDA,proposed_daily_extended,core_macro+rates+dollar+semi_etf,test,1,neutral,us_10y_treasury_fred_t_minus_5,0.29115626215934753,0.24269463121891022
nvidia,NVDA,proposed_daily_extended,core_macro+rates+dollar+semi_etf,test,1,neutral,us_2y_treasury_fred_t_minus_1,0.018369704484939575,-0.008820616640150547
nvidia,NVDA,proposed_daily_extended,core_macro+rates+dollar+semi_etf,test,1,neutral,us_2y_treasury_fred_t_minus_3,0.21603144705295563,-0.21603144705295563
nvidia,NVDA,proposed_daily_extended,core_macro+rates+dollar+semi_etf,test,1,neutral,us_2y_treasury_fred_t_minus_5,0.009423382580280304,0.0072685955092310905
nvidia,NVDA,proposed_daily_extended,core_macro+rates+dollar+semi_etf,test,1,neutral,us_10y_2y_spread_t_minus_1,0.06312612444162369,-0.06312612444162369
nvidia,NVDA,proposed_daily_extended,core_macro+rates+dollar+semi_etf,test,1,neutral,us_10y_2y_spread_t_minus_3,0.06712377071380615,-0.06427127122879028
nvidia,NVDA,proposed_daily_extended,core_macro+rates+dollar+semi_etf,test,1,neutral,us_10y_2y_spread_t_minus_5,0.12029094994068146,0.1058848425745964
nvidia,NVDA,proposed_daily_extended,core_macro+rates+dollar+semi_etf,test,1,neutral,broad_dollar_index_t_minus_1,0.02127525396645069,-0.0021110454108566046
nvidia,NVDA,proposed_daily_extended,core_macro+rates+dollar+semi_etf,test,1,neutral,broad_dollar_index_t_minus_3,0.03354644030332565,0.033068712800741196
nvidia,NVDA,proposed_daily_extended,core_macro+rates+dollar+semi_etf,test,1,neutral,broad_dollar_index_t_minus_5,0.022100569680333138,0.00697868037968874
nvidia,NVDA,proposed_daily_extended,core_macro+rates+dollar+semi_etf,test,1,neutral,smh_t_minus_1,0.03234486281871796,0.03234486281871796
nvidia,NVDA,proposed_daily_extended,core_macro+rates+dollar+semi_etf,test,1,neutral,smh_t_minus_3,0.02138989046216011,0.020381296053528786
nvidia,NVDA,proposed_daily_extended,core_macro+rates+dollar+semi_etf,test,1,neutral,smh_t_minus_5,0.020849086344242096,0.020849086344242096
nvidia,NVDA,proposed_daily_extended,core_macro+rates+dollar+semi_etf,test,1,neutral,soxx_t_minus_1,0.007149280980229378,-0.005599370691925287
nvidia,NVDA,proposed_daily_extended,core_macro+rates+dollar+semi_etf,test,1,neutral,soxx_t_minus_3,0.029566580429673195,0.029566580429673195
nvidia,NVDA,proposed_daily_extended,core_macro+rates+dollar+semi_etf,test,1,neutral,soxx_t_minus_5,0.12672117352485657,-0.12672117352485657
nvidia,NVDA,proposed_daily_extended,core_macro+rates+dollar+semi_etf,test,2,up,nasdaq_t_minus_1,0.08055911213159561,-0.08055911213159561
nvidia,NVDA,proposed_daily_extended,core_macro+rates+dollar+semi_etf,test,2,up,sox_t_minus_1,0.21277140080928802,-0.21277140080928802
nvidia,NVDA,proposed_daily_extended,core_macro+rates+dollar+semi_etf,test,2,up,vix_t_minus_1,0.01917477510869503,0.0022575485054403543
nvidia,NVDA,proposed_daily_extended,core_macro+rates+dollar+semi_etf,test,2,up,us_rate_t_minus_1,0.13728438317775726,-0.13728438317775726
nvidia,NVDA,proposed_daily_extended,core_macro+rates+dollar+semi_etf,test,2,up,usd_krw_t_minus_1,0.021808845922350883,-0.01073242723941803
nvidia,NVDA,proposed_daily_extended,core_macro+rates+dollar+semi_etf,test,2,up,nasdaq_t_minus_3,0.1307602971792221,-0.1307602971792221
nvidia,NVDA,proposed_daily_extended,core_macro+rates+dollar+semi_etf,test,2,up,sox_t_minus_3,0.6899030208587646,-0.6899030208587646
nvidia,NVDA,proposed_daily_extended,core_macro+rates+dollar+semi_etf,test,2,up,vix_t_minus_3,0.04500049725174904,0.036450766026973724
nvidia,NVDA,proposed_daily_extended,core_macro+rates+dollar+semi_etf,test,2,up,us_rate_t_minus_3,0.0012921785237267613,-0.001261768862605095
nvidia,NVDA,proposed_daily_extended,core_macro+rates+dollar+semi_etf,test,2,up,usd_krw_t_minus_3,0.04479698836803436,0.04479698836803436
nvidia,NVDA,proposed_daily_extended,core_macro+rates+dollar+semi_etf,test,2,up,nasdaq_t_minus_5,0.09300524741411209,0.08926790207624435
nvidia,NVDA,proposed_daily_extended,core_macro+rates+dollar+semi_etf,test,2,up,sox_t_minus_5,0.039935771375894547,-0.029333265498280525
nvidia,NVDA,proposed_daily_extended,core_macro+rates+dollar+semi_etf,test,2,up,vix_t_minus_5,0.042018260806798935,-0.017506984993815422
nvidia,NVDA,proposed_daily_extended,core_macro+rates+dollar+semi_etf,test,2,up,us_rate_t_minus_5,0.1264125406742096,-0.1264125406742096
nvidia,NVDA,proposed_daily_extended,core_macro+rates+dollar+semi_etf,test,2,up,usd_krw_t_minus_5,0.12082023918628693,0.12082023918628693
nvidia,NVDA,proposed_daily_extended,core_macro+rates+dollar+semi_etf,test,2,up,us_10y_treasury_fred_t_minus_1,0.2488209307193756,-0.2488209307193756
nvidia,NVDA,proposed_daily_extended,core_macro+rates+dollar+semi_etf,test,2,up,us_10y_treasury_fred_t_minus_3,0.0920916274189949,0.0920916274189949
nvidia,NVDA,proposed_daily_extended,core_macro+rates+dollar+semi_etf,test,2,up,us_10y_treasury_fred_t_minus_5,0.07545408606529236,-0.06805668771266937
nvidia,NVDA,proposed_daily_extended,core_macro+rates+dollar+semi_etf,test,2,up,us_2y_treasury_fred_t_minus_1,0.25855448842048645,0.04634621739387512
nvidia,NVDA,proposed_daily_extended,core_macro+rates+dollar+semi_etf,test,2,up,us_2y_treasury_fred_t_minus_3,0.023590994998812675,-0.023590994998812675
nvidia,NVDA,proposed_daily_extended,core_macro+rates+dollar+semi_etf,test,2,up,us_2y_treasury_fred_t_minus_5,0.05484222620725632,0.05484222620725632
nvidia,NVDA,proposed_daily_extended,core_macro+rates+dollar+semi_etf,test,2,up,us_10y_2y_spread_t_minus_1,0.020655114203691483,-0.01628376729786396
nvidia,NVDA,proposed_daily_extended,core_macro+rates+dollar+semi_etf,test,2,up,us_10y_2y_spread_t_minus_3,0.0353393480181694,-0.03442150726914406
nvidia,NVDA,proposed_daily_extended,core_macro+rates+dollar+semi_etf,test,2,up,us_10y_2y_spread_t_minus_5,0.06095564737915993,-0.06095564737915993
nvidia,NVDA,proposed_daily_extended,core_macro+rates+dollar+semi_etf,test,2,up,broad_dollar_index_t_minus_1,0.045456476509571075,0.029995838180184364
nvidia,NVDA,proposed_daily_extended,core_macro+rates+dollar+semi_etf,test,2,up,broad_dollar_index_t_minus_3,0.031238460913300514,-0.022649060934782028
nvidia,NVDA,proposed_daily_extended,core_macro+rates+dollar+semi_etf,test,2,up,broad_dollar_index_t_minus_5,0.029675288125872612,-0.027487250044941902
nvidia,NVDA,proposed_daily_extended,core_macro+rates+dollar+semi_etf,test,2,up,smh_t_minus_1,0.023321978747844696,-0.023321978747844696
nvidia,NVDA,proposed_daily_extended,core_macro+rates+dollar+semi_etf,test,2,up,smh_t_minus_3,0.11951857060194016,-0.11951857060194016
nvidia,NVDA,proposed_daily_extended,core_macro+rates+dollar+semi_etf,test,2,up,smh_t_minus_5,0.012289605103433132,0.012289605103433132
nvidia,NVDA,proposed_daily_extended,core_macro+rates+dollar+semi_etf,test,2,up,soxx_t_minus_1,0.037074193358421326,-0.037074193358421326
nvidia,NVDA,proposed_daily_extended,core_macro+rates+dollar+semi_etf,test,2,up,soxx_t_minus_3,0.004455849528312683,-0.004255571402609348
nvidia,NVDA,proposed_daily_extended,core_macro+rates+dollar+semi_etf,test,2,up,soxx_t_minus_5,0.13999947905540466,-0.13999947905540466
nvidia,NVDA,proposed_daily_extended,core_macro+rates+dollar+semi_etf,test,overall,overall,nasdaq_t_minus_1,0.11546538770198822,
nvidia,NVDA,proposed_daily_extended,core_macro+rates+dollar+semi_etf,test,overall,overall,sox_t_minus_1,0.10883676260709763,
nvidia,NVDA,proposed_daily_extended,core_macro+rates+dollar+semi_etf,test,overall,overall,vix_t_minus_1,0.04220135882496834,
nvidia,NVDA,proposed_daily_extended,core_macro+rates+dollar+semi_etf,test,overall,overall,us_rate_t_minus_1,0.08656726032495499,
nvidia,NVDA,proposed_daily_extended,core_macro+rates+dollar+semi_etf,test,overall,overall,usd_krw_t_minus_1,0.04002031311392784,
nvidia,NVDA,proposed_daily_extended,core_macro+rates+dollar+semi_etf,test,overall,overall,nasdaq_t_minus_3,0.06378591805696487,
nvidia,NVDA,proposed_daily_extended,core_macro+rates+dollar+semi_etf,test,overall,overall,sox_t_minus_3,0.3008725047111511,
nvidia,NVDA,proposed_daily_extended,core_macro+rates+dollar+semi_etf,test,overall,overall,vix_t_minus_3,0.04441235214471817,
nvidia,NVDA,proposed_daily_extended,core_macro+rates+dollar+semi_etf,test,overall,overall,us_rate_t_minus_3,0.005259629804641008,
nvidia,NVDA,proposed_daily_extended,core_macro+rates+dollar+semi_etf,test,overall,overall,usd_krw_t_minus_3,0.03978380933403969,
nvidia,NVDA,proposed_daily_extended,core_macro+rates+dollar+semi_etf,test,overall,overall,nasdaq_t_minus_5,0.06600690633058548,
nvidia,NVDA,proposed_daily_extended,core_macro+rates+dollar+semi_etf,test,overall,overall,sox_t_minus_5,0.12951594591140747,
nvidia,NVDA,proposed_daily_extended,core_macro+rates+dollar+semi_etf,test,overall,overall,vix_t_minus_5,0.04401164501905441,
nvidia,NVDA,proposed_daily_extended,core_macro+rates+dollar+semi_etf,test,overall,overall,us_rate_t_minus_5,0.10057589411735535,
nvidia,NVDA,proposed_daily_extended,core_macro+rates+dollar+semi_etf,test,overall,overall,usd_krw_t_minus_5,0.08215119689702988,
nvidia,NVDA,proposed_daily_extended,core_macro+rates+dollar+semi_etf,test,overall,overall,us_10y_treasury_fred_t_minus_1,0.2908315658569336,
nvidia,NVDA,proposed_daily_extended,core_macro+rates+dollar+semi_etf,test,overall,overall,us_10y_treasury_fred_t_minus_3,0.16473300755023956,
nvidia,NVDA,proposed_daily_extended,core_macro+rates+dollar+semi_etf,test,overall,overall,us_10y_treasury_fred_t_minus_5,0.16481831669807434,
nvidia,NVDA,proposed_daily_extended,core_macro+rates+dollar+semi_etf,test,overall,overall,us_2y_treasury_fred_t_minus_1,0.11165478080511093,
nvidia,NVDA,proposed_daily_extended,core_macro+rates+dollar+semi_etf,test,overall,overall,us_2y_treasury_fred_t_minus_3,0.11585342139005661,
nvidia,NVDA,proposed_daily_extended,core_macro+rates+dollar+semi_etf,test,overall,overall,us_2y_treasury_fred_t_minus_5,0.12516461312770844,
nvidia,NVDA,proposed_daily_extended,core_macro+rates+dollar+semi_etf,test,overall,overall,us_10y_2y_spread_t_minus_1,0.04828634858131409,
nvidia,NVDA,proposed_daily_extended,core_macro+rates+dollar+semi_etf,test,overall,overall,us_10y_2y_spread_t_minus_3,0.03934303671121597,
nvidia,NVDA,proposed_daily_extended,core_macro+rates+dollar+semi_etf,test,overall,overall,us_10y_2y_spread_t_minus_5,0.09886498749256134,
nvidia,NVDA,proposed_daily_extended,core_macro+rates+dollar+semi_etf,test,overall,overall,broad_dollar_index_t_minus_1,0.031045274809002876,
nvidia,NVDA,proposed_daily_extended,core_macro+rates+dollar+semi_etf,test,overall,overall,broad_dollar_index_t_minus_3,0.08136716485023499,
nvidia,NVDA,proposed_daily_extended,core_macro+rates+dollar+semi_etf,test,overall,overall,broad_dollar_index_t_minus_5,0.02665690705180168,
nvidia,NVDA,proposed_daily_extended,core_macro+rates+dollar+semi_etf,test,overall,overall,smh_t_minus_1,0.04282620921730995,
nvidia,NVDA,proposed_daily_extended,core_macro+rates+dollar+semi_etf,test,overall,overall,smh_t_minus_3,0.1010226234793663,
nvidia,NVDA,proposed_daily_extended,core_macro+rates+dollar+semi_etf,test,overall,overall,smh_t_minus_5,0.014843405224382877,
nvidia,NVDA,proposed_daily_extended,core_macro+rates+dollar+semi_etf,test,overall,overall,soxx_t_minus_1,0.04361163079738617,
nvidia,NVDA,proposed_daily_extended,core_macro+rates+dollar+semi_etf,test,overall,overall,soxx_t_minus_3,0.021052340045571327,
nvidia,NVDA,proposed_daily_extended,core_macro+rates+dollar+semi_etf,test,overall,overall,soxx_t_minus_5,0.12151288986206055,
nvidia,NVDA,proposed_daily_extended,core_macro+rates+dollar+semi_etf,recent_regime,0,down,nasdaq_t_minus_1,0.10401184856891632,0.10401184856891632
nvidia,NVDA,proposed_daily_extended,core_macro+rates+dollar+semi_etf,recent_regime,0,down,sox_t_minus_1,0.004658253863453865,-0.004383524414151907
nvidia,NVDA,proposed_daily_extended,core_macro+rates+dollar+semi_etf,recent_regime,0,down,vix_t_minus_1,0.03625470772385597,0.018404951319098473
nvidia,NVDA,proposed_daily_extended,core_macro+rates+dollar+semi_etf,recent_regime,0,down,us_rate_t_minus_1,0.10475393384695053,0.10475393384695053
nvidia,NVDA,proposed_daily_extended,core_macro+rates+dollar+semi_etf,recent_regime,0,down,usd_krw_t_minus_1,0.032382287085056305,-0.03234304115176201
nvidia,NVDA,proposed_daily_extended,core_macro+rates+dollar+semi_etf,recent_regime,0,down,nasdaq_t_minus_3,0.039785705506801605,-0.03851015865802765
nvidia,NVDA,proposed_daily_extended,core_macro+rates+dollar+semi_etf,recent_regime,0,down,sox_t_minus_3,0.1228153333067894,0.12102305889129639
nvidia,NVDA,proposed_daily_extended,core_macro+rates+dollar+semi_etf,recent_regime,0,down,vix_t_minus_3,0.021130355075001717,-0.012662973254919052
nvidia,NVDA,proposed_daily_extended,core_macro+rates+dollar+semi_etf,recent_regime,0,down,us_rate_t_minus_3,0.005654328502714634,-0.005654328502714634
nvidia,NVDA,proposed_daily_extended,core_macro+rates+dollar+semi_etf,recent_regime,0,down,usd_krw_t_minus_3,0.04048823565244675,0.04037598893046379
nvidia,NVDA,proposed_daily_extended,core_macro+rates+dollar+semi_etf,recent_regime,0,down,nasdaq_t_minus_5,0.022748077288269997,-0.02266344055533409
nvidia,NVDA,proposed_daily_extended,core_macro+rates+dollar+semi_etf,recent_regime,0,down,sox_t_minus_5,0.36436817049980164,0.36436817049980164
nvidia,NVDA,proposed_daily_extended,core_macro+rates+dollar+semi_etf,recent_regime,0,down,vix_t_minus_5,0.028278591111302376,-0.019368503242731094
nvidia,NVDA,proposed_daily_extended,core_macro+rates+dollar+semi_etf,recent_regime,0,down,us_rate_t_minus_5,0.16017688810825348,0.16017688810825348
nvidia,NVDA,proposed_daily_extended,core_macro+rates+dollar+semi_etf,recent_regime,0,down,usd_krw_t_minus_5,0.04572845250368118,-0.04572845250368118
nvidia,NVDA,proposed_daily_extended,core_macro+rates+dollar+semi_etf,recent_regime,0,down,us_10y_treasury_fred_t_minus_1,0.5799310207366943,-0.5799310207366943
nvidia,NVDA,proposed_daily_extended,core_macro+rates+dollar+semi_etf,recent_regime,0,down,us_10y_treasury_fred_t_minus_3,0.3698953688144684,-0.3698953688144684
nvidia,NVDA,proposed_daily_extended,core_macro+rates+dollar+semi_etf,recent_regime,0,down,us_10y_treasury_fred_t_minus_5,0.13508224487304688,0.13508224487304688
nvidia,NVDA,proposed_daily_extended,core_macro+rates+dollar+semi_etf,recent_regime,0,down,us_2y_treasury_fred_t_minus_1,0.09079016745090485,0.09079016745090485
nvidia,NVDA,proposed_daily_extended,core_macro+rates+dollar+semi_etf,recent_regime,0,down,us_2y_treasury_fred_t_minus_3,0.1145607978105545,0.11199964582920074
nvidia,NVDA,proposed_daily_extended,core_macro+rates+dollar+semi_etf,recent_regime,0,down,us_2y_treasury_fred_t_minus_5,0.32231196761131287,0.32231196761131287
nvidia,NVDA,proposed_daily_extended,core_macro+rates+dollar+semi_etf,recent_regime,0,down,us_10y_2y_spread_t_minus_1,0.022994190454483032,0.011664856225252151
nvidia,NVDA,proposed_daily_extended,core_macro+rates+dollar+semi_etf,recent_regime,0,down,us_10y_2y_spread_t_minus_3,0.053031306713819504,-0.03977859392762184
nvidia,NVDA,proposed_daily_extended,core_macro+rates+dollar+semi_etf,recent_regime,0,down,us_10y_2y_spread_t_minus_5,0.005958945956081152,-0.0041283247992396355
nvidia,NVDA,proposed_daily_extended,core_macro+rates+dollar+semi_etf,recent_regime,0,down,broad_dollar_index_t_minus_1,0.035837918519973755,-0.033927273005247116
nvidia,NVDA,proposed_daily_extended,core_macro+rates+dollar+semi_etf,recent_regime,0,down,broad_dollar_index_t_minus_3,0.08204247802495956,-0.0819660946726799
nvidia,NVDA,proposed_daily_extended,core_macro+rates+dollar+semi_etf,recent_regime,0,down,broad_dollar_index_t_minus_5,0.036289747804403305,0.036289747804403305
nvidia,NVDA,proposed_daily_extended,core_macro+rates+dollar+semi_etf,recent_regime,0,down,smh_t_minus_1,0.07550665736198425,0.07550665736198425
nvidia,NVDA,proposed_daily_extended,core_macro+rates+dollar+semi_etf,recent_regime,0,down,smh_t_minus_3,0.16767239570617676,0.16767239570617676
nvidia,NVDA,proposed_daily_extended,core_macro+rates+dollar+semi_etf,recent_regime,0,down,smh_t_minus_5,0.0170583575963974,0.011517420411109924
nvidia,NVDA,proposed_daily_extended,core_macro+rates+dollar+semi_etf,recent_regime,0,down,soxx_t_minus_1,0.08478235453367233,0.08478235453367233
nvidia,NVDA,proposed_daily_extended,core_macro+rates+dollar+semi_etf,recent_regime,0,down,soxx_t_minus_3,0.02885151468217373,0.02885151468217373
nvidia,NVDA,proposed_daily_extended,core_macro+rates+dollar+semi_etf,recent_regime,0,down,soxx_t_minus_5,0.09028486162424088,0.09028486162424088
nvidia,NVDA,proposed_daily_extended,core_macro+rates+dollar+semi_etf,recent_regime,1,neutral,nasdaq_t_minus_1,0.17262893915176392,0.17256495356559753
nvidia,NVDA,proposed_daily_extended,core_macro+rates+dollar+semi_etf,recent_regime,1,neutral,sox_t_minus_1,0.1077553853392601,0.1077553853392601
nvidia,NVDA,proposed_daily_extended,core_macro+rates+dollar+semi_etf,recent_regime,1,neutral,vix_t_minus_1,0.05868129804730415,-0.023903215304017067
nvidia,NVDA,proposed_daily_extended,core_macro+rates+dollar+semi_etf,recent_regime,1,neutral,us_rate_t_minus_1,0.013738642446696758,0.012515268288552761
nvidia,NVDA,proposed_daily_extended,core_macro+rates+dollar+semi_etf,recent_regime,1,neutral,usd_krw_t_minus_1,0.022749360650777817,-0.0018831373890861869
nvidia,NVDA,proposed_daily_extended,core_macro+rates+dollar+semi_etf,recent_regime,1,neutral,nasdaq_t_minus_3,0.01628732681274414,0.003624432487413287
nvidia,NVDA,proposed_daily_extended,core_macro+rates+dollar+semi_etf,recent_regime,1,neutral,sox_t_minus_3,0.04532156139612198,-0.04344210401177406
nvidia,NVDA,proposed_daily_extended,core_macro+rates+dollar+semi_etf,recent_regime,1,neutral,vix_t_minus_3,0.039956457912921906,0.030393294990062714
nvidia,NVDA,proposed_daily_extended,core_macro+rates+dollar+semi_etf,recent_regime,1,neutral,us_rate_t_minus_3,0.0074187032878398895,0.0074187032878398895
nvidia,NVDA,proposed_daily_extended,core_macro+rates+dollar+semi_etf,recent_regime,1,neutral,usd_krw_t_minus_3,0.024049943313002586,0.02393627166748047
nvidia,NVDA,proposed_daily_extended,core_macro+rates+dollar+semi_etf,recent_regime,1,neutral,nasdaq_t_minus_5,0.10420963168144226,0.10420963168144226
nvidia,NVDA,proposed_daily_extended,core_macro+rates+dollar+semi_etf,recent_regime,1,neutral,sox_t_minus_5,0.017303531989455223,-0.017240235581994057
nvidia,NVDA,proposed_daily_extended,core_macro+rates+dollar+semi_etf,recent_regime,1,neutral,vix_t_minus_5,0.07007094472646713,0.019243966788053513
nvidia,NVDA,proposed_daily_extended,core_macro+rates+dollar+semi_etf,recent_regime,1,neutral,us_rate_t_minus_5,0.0003183517255820334,-0.00018318429647479206
nvidia,NVDA,proposed_daily_extended,core_macro+rates+dollar+semi_etf,recent_regime,1,neutral,usd_krw_t_minus_5,0.06022162362933159,0.052548691630363464
nvidia,NVDA,proposed_daily_extended,core_macro+rates+dollar+semi_etf,recent_regime,1,neutral,us_10y_treasury_fred_t_minus_1,0.09926000982522964,0.09926000982522964
nvidia,NVDA,proposed_daily_extended,core_macro+rates+dollar+semi_etf,recent_regime,1,neutral,us_10y_treasury_fred_t_minus_3,0.0528828501701355,-0.01993028074502945
nvidia,NVDA,proposed_daily_extended,core_macro+rates+dollar+semi_etf,recent_regime,1,neutral,us_10y_treasury_fred_t_minus_5,0.4181404411792755,0.3853977620601654
nvidia,NVDA,proposed_daily_extended,core_macro+rates+dollar+semi_etf,recent_regime,1,neutral,us_2y_treasury_fred_t_minus_1,0.019668666645884514,-0.013630446046590805
nvidia,NVDA,proposed_daily_extended,core_macro+rates+dollar+semi_etf,recent_regime,1,neutral,us_2y_treasury_fred_t_minus_3,0.17070898413658142,-0.17070898413658142
nvidia,NVDA,proposed_daily_extended,core_macro+rates+dollar+semi_etf,recent_regime,1,neutral,us_2y_treasury_fred_t_minus_5,0.012664210051298141,0.012461026199162006
nvidia,NVDA,proposed_daily_extended,core_macro+rates+dollar+semi_etf,recent_regime,1,neutral,us_10y_2y_spread_t_minus_1,0.02591535821557045,-0.02578158862888813
nvidia,NVDA,proposed_daily_extended,core_macro+rates+dollar+semi_etf,recent_regime,1,neutral,us_10y_2y_spread_t_minus_3,0.07529792934656143,0.0714588463306427
nvidia,NVDA,proposed_daily_extended,core_macro+rates+dollar+semi_etf,recent_regime,1,neutral,us_10y_2y_spread_t_minus_5,0.03671250492334366,0.005945301614701748
nvidia,NVDA,proposed_daily_extended,core_macro+rates+dollar+semi_etf,recent_regime,1,neutral,broad_dollar_index_t_minus_1,0.01479747612029314,0.0022479218896478415
nvidia,NVDA,proposed_daily_extended,core_macro+rates+dollar+semi_etf,recent_regime,1,neutral,broad_dollar_index_t_minus_3,0.027776651084423065,0.027737250551581383
nvidia,NVDA,proposed_daily_extended,core_macro+rates+dollar+semi_etf,recent_regime,1,neutral,broad_dollar_index_t_minus_5,0.01407603733241558,0.0024261274375021458
nvidia,NVDA,proposed_daily_extended,core_macro+rates+dollar+semi_etf,recent_regime,1,neutral,smh_t_minus_1,0.02763022482395172,0.02763022482395172
nvidia,NVDA,proposed_daily_extended,core_macro+rates+dollar+semi_etf,recent_regime,1,neutral,smh_t_minus_3,0.013439208269119263,-0.0018907329067587852
nvidia,NVDA,proposed_daily_extended,core_macro+rates+dollar+semi_etf,recent_regime,1,neutral,smh_t_minus_5,0.021789370104670525,0.021425552666187286
nvidia,NVDA,proposed_daily_extended,core_macro+rates+dollar+semi_etf,recent_regime,1,neutral,soxx_t_minus_1,0.005600593984127045,-0.004674580413848162
nvidia,NVDA,proposed_daily_extended,core_macro+rates+dollar+semi_etf,recent_regime,1,neutral,soxx_t_minus_3,0.03614777326583862,0.03614777326583862
nvidia,NVDA,proposed_daily_extended,core_macro+rates+dollar+semi_etf,recent_regime,1,neutral,soxx_t_minus_5,0.10701584070920944,-0.10701584070920944
nvidia,NVDA,proposed_daily_extended,core_macro+rates+dollar+semi_etf,recent_regime,2,up,nasdaq_t_minus_1,0.07097909599542618,-0.07097909599542618
nvidia,NVDA,proposed_daily_extended,core_macro+rates+dollar+semi_etf,recent_regime,2,up,sox_t_minus_1,0.2006918489933014,-0.2006918489933014
nvidia,NVDA,proposed_daily_extended,core_macro+rates+dollar+semi_etf,recent_regime,2,up,vix_t_minus_1,0.02973030135035515,-0.0038294289261102676
nvidia,NVDA,proposed_daily_extended,core_macro+rates+dollar+semi_etf,recent_regime,2,up,us_rate_t_minus_1,0.13735300302505493,-0.13735300302505493
nvidia,NVDA,proposed_daily_extended,core_macro+rates+dollar+semi_etf,recent_regime,2,up,usd_krw_t_minus_1,0.006533761974424124,0.004624765831977129
nvidia,NVDA,proposed_daily_extended,core_macro+rates+dollar+semi_etf,recent_regime,2,up,nasdaq_t_minus_3,0.13861167430877686,-0.13861167430877686
nvidia,NVDA,proposed_daily_extended,core_macro+rates+dollar+semi_etf,recent_regime,2,up,sox_t_minus_3,0.690926194190979,-0.690926194190979
nvidia,NVDA,proposed_daily_extended,core_macro+rates+dollar+semi_etf,recent_regime,2,up,vix_t_minus_3,0.06204138696193695,0.02332633174955845
nvidia,NVDA,proposed_daily_extended,core_macro+rates+dollar+semi_etf,recent_regime,2,up,us_rate_t_minus_3,0.0012786205625161529,-0.0012206551618874073
nvidia,NVDA,proposed_daily_extended,core_macro+rates+dollar+semi_etf,recent_regime,2,up,usd_krw_t_minus_3,0.03782317787408829,0.03782317787408829
nvidia,NVDA,proposed_daily_extended,core_macro+rates+dollar+semi_etf,recent_regime,2,up,nasdaq_t_minus_5,0.09389830380678177,0.09389830380678177
nvidia,NVDA,proposed_daily_extended,core_macro+rates+dollar+semi_etf,recent_regime,2,up,sox_t_minus_5,0.08227912336587906,-0.0776059553027153
nvidia,NVDA,proposed_daily_extended,core_macro+rates+dollar+semi_etf,recent_regime,2,up,vix_t_minus_5,0.028805091977119446,0.018282292410731316
nvidia,NVDA,proposed_daily_extended,core_macro+rates+dollar+semi_etf,recent_regime,2,up,us_rate_t_minus_5,0.13596481084823608,-0.13596481084823608
nvidia,NVDA,proposed_daily_extended,core_macro+rates+dollar+semi_etf,recent_regime,2,up,usd_krw_t_minus_5,0.10171392560005188,0.10171392560005188
nvidia,NVDA,proposed_daily_extended,core_macro+rates+dollar+semi_etf,recent_regime,2,up,us_10y_treasury_fred_t_minus_1,0.23457229137420654,-0.23457229137420654
nvidia,NVDA,proposed_daily_extended,core_macro+rates+dollar+semi_etf,recent_regime,2,up,us_10y_treasury_fred_t_minus_3,0.10587835311889648,0.10587835311889648
nvidia,NVDA,proposed_daily_extended,core_macro+rates+dollar+semi_etf,recent_regime,2,up,us_10y_treasury_fred_t_minus_5,0.12822258472442627,-0.12822258472442627
nvidia,NVDA,proposed_daily_extended,core_macro+rates+dollar+semi_etf,recent_regime,2,up,us_2y_treasury_fred_t_minus_1,0.17704841494560242,-0.17704841494560242
nvidia,NVDA,proposed_daily_extended,core_macro+rates+dollar+semi_etf,recent_regime,2,up,us_2y_treasury_fred_t_minus_3,0.023889491334557533,-0.023889491334557533
nvidia,NVDA,proposed_daily_extended,core_macro+rates+dollar+semi_etf,recent_regime,2,up,us_2y_treasury_fred_t_minus_5,0.05380774661898613,0.05380774661898613
nvidia,NVDA,proposed_daily_extended,core_macro+rates+dollar+semi_etf,recent_regime,2,up,us_10y_2y_spread_t_minus_1,0.02079922705888748,-0.01118211355060339
nvidia,NVDA,proposed_daily_extended,core_macro+rates+dollar+semi_etf,recent_regime,2,up,us_10y_2y_spread_t_minus_3,0.03129604086279869,0.018888229504227638
nvidia,NVDA,proposed_daily_extended,core_macro+rates+dollar+semi_etf,recent_regime,2,up,us_10y_2y_spread_t_minus_5,0.07741670310497284,-0.07698061317205429
nvidia,NVDA,proposed_daily_extended,core_macro+rates+dollar+semi_etf,recent_regime,2,up,broad_dollar_index_t_minus_1,0.07486540824174881,0.07264195382595062
nvidia,NVDA,proposed_daily_extended,core_macro+rates+dollar+semi_etf,recent_regime,2,up,broad_dollar_index_t_minus_3,0.03458179160952568,-0.02261633612215519
nvidia,NVDA,proposed_daily_extended,core_macro+rates+dollar+semi_etf,recent_regime,2,up,broad_dollar_index_t_minus_5,0.04954462870955467,-0.04954462870955467
nvidia,NVDA,proposed_daily_extended,core_macro+rates+dollar+semi_etf,recent_regime,2,up,smh_t_minus_1,0.022443290799856186,-0.022443290799856186
nvidia,NVDA,proposed_daily_extended,core_macro+rates+dollar+semi_etf,recent_regime,2,up,smh_t_minus_3,0.11536262929439545,-0.11536262929439545
nvidia,NVDA,proposed_daily_extended,core_macro+rates+dollar+semi_etf,recent_regime,2,up,smh_t_minus_5,0.012455334886908531,0.012455334886908531
nvidia,NVDA,proposed_daily_extended,core_macro+rates+dollar+semi_etf,recent_regime,2,up,soxx_t_minus_1,0.03742716833949089,-0.03742716833949089
nvidia,NVDA,proposed_daily_extended,core_macro+rates+dollar+semi_etf,recent_regime,2,up,soxx_t_minus_3,0.006955462042242289,-0.003464925568550825
nvidia,NVDA,proposed_daily_extended,core_macro+rates+dollar+semi_etf,recent_regime,2,up,soxx_t_minus_5,0.1735963225364685,-0.1735963225364685
nvidia,NVDA,proposed_daily_extended,core_macro+rates+dollar+semi_etf,recent_regime,overall,overall,nasdaq_t_minus_1,0.11587376892566681,
nvidia,NVDA,proposed_daily_extended,core_macro+rates+dollar+semi_etf,recent_regime,overall,overall,sox_t_minus_1,0.10436834394931793,
nvidia,NVDA,proposed_daily_extended,core_macro+rates+dollar+semi_etf,recent_regime,overall,overall,vix_t_minus_1,0.04155541956424713,
nvidia,NVDA,proposed_daily_extended,core_macro+rates+dollar+semi_etf,recent_regime,overall,overall,us_rate_t_minus_1,0.08528199046850204,
nvidia,NVDA,proposed_daily_extended,core_macro+rates+dollar+semi_etf,recent_regime,overall,overall,usd_krw_t_minus_1,0.020555133000016212,
nvidia,NVDA,proposed_daily_extended,core_macro+rates+dollar+semi_etf,recent_regime,overall,overall,nasdaq_t_minus_3,0.06489488482475281,
nvidia,NVDA,proposed_daily_extended,core_macro+rates+dollar+semi_etf,recent_regime,overall,overall,sox_t_minus_3,0.28635433316230774,
nvidia,NVDA,proposed_daily_extended,core_macro+rates+dollar+semi_etf,recent_regime,overall,overall,vix_t_minus_3,0.04104277119040489,
nvidia,NVDA,proposed_daily_extended,core_macro+rates+dollar+semi_etf,recent_regime,overall,overall,us_rate_t_minus_3,0.004783857613801956,
nvidia,NVDA,proposed_daily_extended,core_macro+rates+dollar+semi_etf,recent_regime,overall,overall,usd_krw_t_minus_3,0.03412048891186714,
nvidia,NVDA,proposed_daily_extended,core_macro+rates+dollar+semi_etf,recent_regime,overall,overall,nasdaq_t_minus_5,0.07361841946840286,
nvidia,NVDA,proposed_daily_extended,core_macro+rates+dollar+semi_etf,recent_regime,overall,overall,sox_t_minus_5,0.15465019643306732,
nvidia,NVDA,proposed_daily_extended,core_macro+rates+dollar+semi_etf,recent_regime,overall,overall,vix_t_minus_5,0.04238484427332878,
nvidia,NVDA,proposed_daily_extended,core_macro+rates+dollar+semi_etf,recent_regime,overall,overall,us_rate_t_minus_5,0.09881960600614548,
nvidia,NVDA,proposed_daily_extended,core_macro+rates+dollar+semi_etf,recent_regime,overall,overall,usd_krw_t_minus_5,0.06922140717506409,
nvidia,NVDA,proposed_daily_extended,core_macro+rates+dollar+semi_etf,recent_regime,overall,overall,us_10y_treasury_fred_t_minus_1,0.30458864569664,
nvidia,NVDA,proposed_daily_extended,core_macro+rates+dollar+semi_etf,recent_regime,overall,overall,us_10y_treasury_fred_t_minus_3,0.17621909081935883,
nvidia,NVDA,proposed_daily_extended,core_macro+rates+dollar+semi_etf,recent_regime,overall,overall,us_10y_treasury_fred_t_minus_5,0.22714804112911224,
nvidia,NVDA,proposed_daily_extended,core_macro+rates+dollar+semi_etf,recent_regime,overall,overall,us_2y_treasury_fred_t_minus_1,0.0958356037735939,
nvidia,NVDA,proposed_daily_extended,core_macro+rates+dollar+semi_etf,recent_regime,overall,overall,us_2y_treasury_fred_t_minus_3,0.10305271297693253,
nvidia,NVDA,proposed_daily_extended,core_macro+rates+dollar+semi_etf,recent_regime,overall,overall,us_2y_treasury_fred_t_minus_5,0.12959446012973785,
nvidia,NVDA,proposed_daily_extended,core_macro+rates+dollar+semi_etf,recent_regime,overall,overall,us_10y_2y_spread_t_minus_1,0.023236334323883057,
nvidia,NVDA,proposed_daily_extended,core_macro+rates+dollar+semi_etf,recent_regime,overall,overall,us_10y_2y_spread_t_minus_3,0.053208354860544205,
nvidia,NVDA,proposed_daily_extended,core_macro+rates+dollar+semi_etf,recent_regime,overall,overall,us_10y_2y_spread_t_minus_5,0.0400293730199337,
nvidia,NVDA,proposed_daily_extended,core_macro+rates+dollar+semi_etf,recent_regime,overall,overall,broad_dollar_index_t_minus_1,0.04183359071612358,
nvidia,NVDA,proposed_daily_extended,core_macro+rates+dollar+semi_etf,recent_regime,overall,overall,broad_dollar_index_t_minus_3,0.048133671283721924,
nvidia,NVDA,proposed_daily_extended,core_macro+rates+dollar+semi_etf,recent_regime,overall,overall,broad_dollar_index_t_minus_5,0.0333033949136734,
nvidia,NVDA,proposed_daily_extended,core_macro+rates+dollar+semi_etf,recent_regime,overall,overall,smh_t_minus_1,0.041860051453113556,
nvidia,NVDA,proposed_daily_extended,core_macro+rates+dollar+semi_etf,recent_regime,overall,overall,smh_t_minus_3,0.09882447123527527,
nvidia,NVDA,proposed_daily_extended,core_macro+rates+dollar+semi_etf,recent_regime,overall,overall,smh_t_minus_5,0.01710103638470173,
nvidia,NVDA,proposed_daily_extended,core_macro+rates+dollar+semi_etf,recent_regime,overall,overall,soxx_t_minus_1,0.04260331764817238,
nvidia,NVDA,proposed_daily_extended,core_macro+rates+dollar+semi_etf,recent_regime,overall,overall,soxx_t_minus_3,0.023985017091035843,
nvidia,NVDA,proposed_daily_extended,core_macro+rates+dollar+semi_etf,recent_regime,overall,overall,soxx_t_minus_5,0.12363278120756149,
samsung_electronics,005930,core_plus_semi_etf,core_macro+semi_etf,test,0,down,nasdaq_t_minus_1,0.10781736671924591,0.09858746826648712
samsung_electronics,005930,core_plus_semi_etf,core_macro+semi_etf,test,0,down,sox_t_minus_1,0.6076635122299194,0.6076635122299194
samsung_electronics,005930,core_plus_semi_etf,core_macro+semi_etf,test,0,down,vix_t_minus_1,0.04516115039587021,-0.009410002268850803
samsung_electronics,005930,core_plus_semi_etf,core_macro+semi_etf,test,0,down,us_rate_t_minus_1,0.038226231932640076,-0.038226231932640076
samsung_electronics,005930,core_plus_semi_etf,core_macro+semi_etf,test,0,down,usd_krw_t_minus_1,0.03020365722477436,-0.003597588511183858
samsung_electronics,005930,core_plus_semi_etf,core_macro+semi_etf,test,0,down,nasdaq_t_minus_3,0.37239280343055725,-0.3684977889060974
samsung_electronics,005930,core_plus_semi_etf,core_macro+semi_etf,test,0,down,sox_t_minus_3,0.15448400378227234,0.15448400378227234
samsung_electronics,005930,core_plus_semi_etf,core_macro+semi_etf,test,0,down,vix_t_minus_3,0.07508525252342224,-0.07187794893980026
samsung_electronics,005930,core_plus_semi_etf,core_macro+semi_etf,test,0,down,us_rate_t_minus_3,0.18952026963233948,0.18952026963233948
samsung_electronics,005930,core_plus_semi_etf,core_macro+semi_etf,test,0,down,usd_krw_t_minus_3,0.6069621443748474,0.49546146392822266
samsung_electronics,005930,core_plus_semi_etf,core_macro+semi_etf,test,0,down,nasdaq_t_minus_5,0.22347824275493622,-0.21946577727794647
samsung_electronics,005930,core_plus_semi_etf,core_macro+semi_etf,test,0,down,sox_t_minus_5,0.1861691176891327,0.1861691176891327
samsung_electronics,005930,core_plus_semi_etf,core_macro+semi_etf,test,0,down,vix_t_minus_5,0.14849594235420227,0.12379775941371918
samsung_electronics,005930,core_plus_semi_etf,core_macro+semi_etf,test,0,down,us_rate_t_minus_5,0.08550889045000076,0.08550889045000076
samsung_electronics,005930,core_plus_semi_etf,core_macro+semi_etf,test,0,down,usd_krw_t_minus_5,0.14849792420864105,0.13421358168125153
samsung_electronics,005930,core_plus_semi_etf,core_macro+semi_etf,test,0,down,smh_t_minus_1,0.1441107839345932,0.1441107839345932
samsung_electronics,005930,core_plus_semi_etf,core_macro+semi_etf,test,0,down,smh_t_minus_3,0.0518229678273201,-0.0518229678273201
samsung_electronics,005930,core_plus_semi_etf,core_macro+semi_etf,test,0,down,smh_t_minus_5,0.061084698885679245,0.061084698885679245
samsung_electronics,005930,core_plus_semi_etf,core_macro+semi_etf,test,0,down,soxx_t_minus_1,0.05298507586121559,0.05298507586121559
samsung_electronics,005930,core_plus_semi_etf,core_macro+semi_etf,test,0,down,soxx_t_minus_3,0.03004595823585987,0.030034152790904045
samsung_electronics,005930,core_plus_semi_etf,core_macro+semi_etf,test,0,down,soxx_t_minus_5,0.12012812495231628,0.12012812495231628
samsung_electronics,005930,core_plus_semi_etf,core_macro+semi_etf,test,1,neutral,nasdaq_t_minus_1,0.09185897558927536,0.09026871621608734
samsung_electronics,005930,core_plus_semi_etf,core_macro+semi_etf,test,1,neutral,sox_t_minus_1,0.07710516452789307,-0.07710516452789307
samsung_electronics,005930,core_plus_semi_etf,core_macro+semi_etf,test,1,neutral,vix_t_minus_1,0.20781902968883514,0.14712978899478912
samsung_electronics,005930,core_plus_semi_etf,core_macro+semi_etf,test,1,neutral,us_rate_t_minus_1,0.03866833448410034,-0.02702057920396328
samsung_electronics,005930,core_plus_semi_etf,core_macro+semi_etf,test,1,neutral,usd_krw_t_minus_1,0.026460275053977966,-0.022579621523618698
samsung_electronics,005930,core_plus_semi_etf,core_macro+semi_etf,test,1,neutral,nasdaq_t_minus_3,0.4495215117931366,0.43964675068855286
samsung_electronics,005930,core_plus_semi_etf,core_macro+semi_etf,test,1,neutral,sox_t_minus_3,0.5521095395088196,0.5505702495574951
samsung_electronics,005930,core_plus_semi_etf,core_macro+semi_etf,test,1,neutral,vix_t_minus_3,0.09942757338285446,0.07488320767879486
samsung_electronics,005930,core_plus_semi_etf,core_macro+semi_etf,test,1,neutral,us_rate_t_minus_3,0.027348963543772697,-0.02642759680747986
samsung_electronics,005930,core_plus_semi_etf,core_macro+semi_etf,test,1,neutral,usd_krw_t_minus_3,0.23310086131095886,0.23310086131095886
samsung_electronics,005930,core_plus_semi_etf,core_macro+semi_etf,test,1,neutral,nasdaq_t_minus_5,0.047749582678079605,0.03356724977493286
samsung_electronics,005930,core_plus_semi_etf,core_macro+semi_etf,test,1,neutral,sox_t_minus_5,0.05301550775766373,-0.05301550775766373
samsung_electronics,005930,core_plus_semi_etf,core_macro+semi_etf,test,1,neutral,vix_t_minus_5,0.05931813642382622,-0.022433215752243996
samsung_electronics,005930,core_plus_semi_etf,core_macro+semi_etf,test,1,neutral,us_rate_t_minus_5,0.004199877846986055,-0.0039247917011380196
samsung_electronics,005930,core_plus_semi_etf,core_macro+semi_etf,test,1,neutral,usd_krw_t_minus_5,0.01412101648747921,-0.009370489977300167
samsung_electronics,005930,core_plus_semi_etf,core_macro+semi_etf,test,1,neutral,smh_t_minus_1,0.04042882099747658,-0.04042882099747658
samsung_electronics,005930,core_plus_semi_etf,core_macro+semi_etf,test,1,neutral,smh_t_minus_3,0.11812438815832138,0.11812438815832138
samsung_electronics,005930,core_plus_semi_etf,core_macro+semi_etf,test,1,neutral,smh_t_minus_5,0.06050615757703781,0.06043431535363197
samsung_electronics,005930,core_plus_semi_etf,core_macro+semi_etf,test,1,neutral,soxx_t_minus_1,0.03243058919906616,-0.03243058919906616
samsung_electronics,005930,core_plus_semi_etf,core_macro+semi_etf,test,1,neutral,soxx_t_minus_3,0.007928390055894852,-0.0008224117336794734
samsung_electronics,005930,core_plus_semi_etf,core_macro+semi_etf,test,1,neutral,soxx_t_minus_5,0.02139551378786564,-0.02139551378786564
samsung_electronics,005930,core_plus_semi_etf,core_macro+semi_etf,test,2,up,nasdaq_t_minus_1,0.05170071870088577,0.05108216404914856
samsung_electronics,005930,core_plus_semi_etf,core_macro+semi_etf,test,2,up,sox_t_minus_1,0.03956643491983414,-0.038233838975429535
samsung_electronics,005930,core_plus_semi_etf,core_macro+semi_etf,test,2,up,vix_t_minus_1,0.05456004664301872,-0.038296062499284744
samsung_electronics,005930,core_plus_semi_etf,core_macro+semi_etf,test,2,up,us_rate_t_minus_1,0.08465311676263809,-0.08465311676263809
samsung_electronics,005930,core_plus_semi_etf,core_macro+semi_etf,test,2,up,usd_krw_t_minus_1,0.37726154923439026,-0.3066950738430023
samsung_electronics,005930,core_plus_semi_etf,core_macro+semi_etf,test,2,up,nasdaq_t_minus_3,0.10726457834243774,0.10726457834243774
samsung_electronics,005930,core_plus_semi_etf,core_macro+semi_etf,test,2,up,sox_t_minus_3,0.062187306582927704,-0.05818205326795578
samsung_electronics,005930,core_plus_semi_etf,core_macro+semi_etf,test,2,up,vix_t_minus_3,0.12282589077949524,-0.06801251322031021
samsung_electronics,005930,core_plus_semi_etf,core_macro+semi_etf,test,2,up,us_rate_t_minus_3,0.005427429918199778,0.005427429918199778
samsung_electronics,005930,core_plus_semi_etf,core_macro+semi_etf,test,2,up,usd_krw_t_minus_3,0.24479089677333832,-0.24479089677333832
samsung_electronics,005930,core_plus_semi_etf,core_macro+semi_etf,test,2,up,nasdaq_t_minus_5,0.357692152261734,0.35576131939888
samsung_electronics,005930,core_plus_semi_etf,core_macro+semi_etf,test,2,up,sox_t_minus_5,0.00999378226697445,0.00999378226697445
samsung_electronics,005930,core_plus_semi_etf,core_macro+semi_etf,test,2,up,vix_t_minus_5,0.13786637783050537,-0.010443165898323059
samsung_electronics,005930,core_plus_semi_etf,core_macro+semi_etf,test,2,up,us_rate_t_minus_5,0.026524880900979042,0.026524880900979042
samsung_electronics,005930,core_plus_semi_etf,core_macro+semi_etf,test,2,up,usd_krw_t_minus_5,0.2391648292541504,-0.2391648292541504
samsung_electronics,005930,core_plus_semi_etf,core_macro+semi_etf,test,2,up,smh_t_minus_1,0.3145391643047333,-0.3145391643047333
samsung_electronics,005930,core_plus_semi_etf,core_macro+semi_etf,test,2,up,smh_t_minus_3,0.26181814074516296,-0.26181814074516296
samsung_electronics,005930,core_plus_semi_etf,core_macro+semi_etf,test,2,up,smh_t_minus_5,0.329377144575119,-0.329377144575119
samsung_electronics,005930,core_plus_semi_etf,core_macro+semi_etf,test,2,up,soxx_t_minus_1,0.19869868457317352,-0.19869868457317352
samsung_electronics,005930,core_plus_semi_etf,core_macro+semi_etf,test,2,up,soxx_t_minus_3,0.07002631574869156,-0.07002631574869156
samsung_electronics,005930,core_plus_semi_etf,core_macro+semi_etf,test,2,up,soxx_t_minus_5,0.17960859835147858,-0.17960859835147858
samsung_electronics,005930,core_plus_semi_etf,core_macro+semi_etf,test,overall,overall,nasdaq_t_minus_1,0.08379234373569489,
samsung_electronics,005930,core_plus_semi_etf,core_macro+semi_etf,test,overall,overall,sox_t_minus_1,0.24144504964351654,
samsung_electronics,005930,core_plus_semi_etf,core_macro+semi_etf,test,overall,overall,vix_t_minus_1,0.10251343995332718,
samsung_electronics,005930,core_plus_semi_etf,core_macro+semi_etf,test,overall,overall,us_rate_t_minus_1,0.05384927615523338,
samsung_electronics,005930,core_plus_semi_etf,core_macro+semi_etf,test,overall,overall,usd_krw_t_minus_1,0.14464187622070312,
samsung_electronics,005930,core_plus_semi_etf,core_macro+semi_etf,test,overall,overall,nasdaq_t_minus_3,0.30972617864608765,
samsung_electronics,005930,core_plus_semi_etf,core_macro+semi_etf,test,overall,overall,sox_t_minus_3,0.25625988841056824,
samsung_electronics,005930,core_plus_semi_etf,core_macro+semi_etf,test,overall,overall,vix_t_minus_3,0.09911299496889114,
samsung_electronics,005930,core_plus_semi_etf,core_macro+semi_etf,test,overall,overall,us_rate_t_minus_3,0.0740988701581955,
samsung_electronics,005930,core_plus_semi_etf,core_macro+semi_etf,test,overall,overall,usd_krw_t_minus_3,0.3616182804107666,
samsung_electronics,005930,core_plus_semi_etf,core_macro+semi_etf,test,overall,overall,nasdaq_t_minus_5,0.20964016020298004,
samsung_electronics,005930,core_plus_semi_etf,core_macro+semi_etf,test,overall,overall,sox_t_minus_5,0.08305943012237549,
samsung_electronics,005930,core_plus_semi_etf,core_macro+semi_etf,test,overall,overall,vix_t_minus_5,0.11522682756185532,
samsung_electronics,005930,core_plus_semi_etf,core_macro+semi_etf,test,overall,overall,us_rate_t_minus_5,0.03874453902244568,
samsung_electronics,005930,core_plus_semi_etf,core_macro+semi_etf,test,overall,overall,usd_krw_t_minus_5,0.13392789661884308,
samsung_electronics,005930,core_plus_semi_etf,core_macro+semi_etf,test,overall,overall,smh_t_minus_1,0.16635970771312714,
samsung_electronics,005930,core_plus_semi_etf,core_macro+semi_etf,test,overall,overall,smh_t_minus_3,0.14392198622226715,
samsung_electronics,005930,core_plus_semi_etf,core_macro+semi_etf,test,overall,overall,smh_t_minus_5,0.1503227800130844,
samsung_electronics,005930,core_plus_semi_etf,core_macro+semi_etf,test,overall,overall,soxx_t_minus_1,0.09470479935407639,
samsung_electronics,005930,core_plus_semi_etf,core_macro+semi_etf,test,overall,overall,soxx_t_minus_3,0.036000266671180725,
samsung_electronics,005930,core_plus_semi_etf,core_macro+semi_etf,test,overall,overall,soxx_t_minus_5,0.1070440262556076,
samsung_electronics,005930,core_plus_semi_etf,core_macro+semi_etf,recent_regime,0,down,nasdaq_t_minus_1,0.024005454033613205,0.01632513478398323
samsung_electronics,005930,core_plus_semi_etf,core_macro+semi_etf,recent_regime,0,down,sox_t_minus_1,0.5941845178604126,0.5941845178604126
samsung_electronics,005930,core_plus_semi_etf,core_macro+semi_etf,recent_regime,0,down,vix_t_minus_1,0.04072224348783493,-0.037188149988651276
samsung_electronics,005930,core_plus_semi_etf,core_macro+semi_etf,recent_regime,0,down,us_rate_t_minus_1,0.04592233896255493,-0.04592233896255493
samsung_electronics,005930,core_plus_semi_etf,core_macro+semi_etf,recent_regime,0,down,usd_krw_t_minus_1,0.04325507581233978,-0.020093347877264023
samsung_electronics,005930,core_plus_semi_etf,core_macro+semi_etf,recent_regime,0,down,nasdaq_t_minus_3,0.3940739631652832,-0.3940739631652832
samsung_electronics,005930,core_plus_semi_etf,core_macro+semi_etf,recent_regime,0,down,sox_t_minus_3,0.16706329584121704,0.16351574659347534
samsung_electronics,005930,core_plus_semi_etf,core_macro+semi_etf,recent_regime,0,down,vix_t_minus_3,0.07134696841239929,-0.05645930394530296
samsung_electronics,005930,core_plus_semi_etf,core_macro+semi_etf,recent_regime,0,down,us_rate_t_minus_3,0.16208627820014954,0.16208627820014954
samsung_electronics,005930,core_plus_semi_etf,core_macro+semi_etf,recent_regime,0,down,usd_krw_t_minus_3,1.0579497814178467,-0.5567665100097656
samsung_electronics,005930,core_plus_semi_etf,core_macro+semi_etf,recent_regime,0,down,nasdaq_t_minus_5,0.20777393877506256,-0.20777393877506256
samsung_electronics,005930,core_plus_semi_etf,core_macro+semi_etf,recent_regime,0,down,sox_t_minus_5,0.1543741673231125,0.1543741673231125
samsung_electronics,005930,core_plus_semi_etf,core_macro+semi_etf,recent_regime,0,down,vix_t_minus_5,0.06283674389123917,-0.029214780777692795
samsung_electronics,005930,core_plus_semi_etf,core_macro+semi_etf,recent_regime,0,down,us_rate_t_minus_5,0.05683150514960289,0.05683150514960289
samsung_electronics,005930,core_plus_semi_etf,core_macro+semi_etf,recent_regime,0,down,usd_krw_t_minus_5,0.1728828251361847,-0.018703926354646683
samsung_electronics,005930,core_plus_semi_etf,core_macro+semi_etf,recent_regime,0,down,smh_t_minus_1,0.15842944383621216,0.15842944383621216
samsung_electronics,005930,core_plus_semi_etf,core_macro+semi_etf,recent_regime,0,down,smh_t_minus_3,0.04612944647669792,-0.04612944647669792
samsung_electronics,005930,core_plus_semi_etf,core_macro+semi_etf,recent_regime,0,down,smh_t_minus_5,0.04539048299193382,0.04539048299193382
samsung_electronics,005930,core_plus_semi_etf,core_macro+semi_etf,recent_regime,0,down,soxx_t_minus_1,0.05102993920445442,0.05102993920445442
samsung_electronics,005930,core_plus_semi_etf,core_macro+semi_etf,recent_regime,0,down,soxx_t_minus_3,0.025901732966303825,0.024843750521540642
samsung_electronics,005930,core_plus_semi_etf,core_macro+semi_etf,recent_regime,0,down,soxx_t_minus_5,0.12641975283622742,0.12641975283622742
samsung_electronics,005930,core_plus_semi_etf,core_macro+semi_etf,recent_regime,1,neutral,nasdaq_t_minus_1,0.09908288717269897,0.09908288717269897
samsung_electronics,005930,core_plus_semi_etf,core_macro+semi_etf,recent_regime,1,neutral,sox_t_minus_1,0.0533287450671196,-0.0533287450671196
samsung_electronics,005930,core_plus_semi_etf,core_macro+semi_etf,recent_regime,1,neutral,vix_t_minus_1,0.16614533960819244,0.029634322971105576
samsung_electronics,005930,core_plus_semi_etf,core_macro+semi_etf,recent_regime,1,neutral,us_rate_t_minus_1,0.031915389001369476,-0.002059363294392824
samsung_electronics,005930,core_plus_semi_etf,core_macro+semi_etf,recent_regime,1,neutral,usd_krw_t_minus_1,0.056483738124370575,-0.0523400753736496
samsung_electronics,005930,core_plus_semi_etf,core_macro+semi_etf,recent_regime,1,neutral,nasdaq_t_minus_3,0.5208854675292969,0.5208854675292969
samsung_electronics,005930,core_plus_semi_etf,core_macro+semi_etf,recent_regime,1,neutral,sox_t_minus_3,0.5365123152732849,0.5354000329971313
samsung_electronics,005930,core_plus_semi_etf,core_macro+semi_etf,recent_regime,1,neutral,vix_t_minus_3,0.15332935750484467,0.10490725189447403
samsung_electronics,005930,core_plus_semi_etf,core_macro+semi_etf,recent_regime,1,neutral,us_rate_t_minus_3,0.016065342351794243,-0.014580482617020607
samsung_electronics,005930,core_plus_semi_etf,core_macro+semi_etf,recent_regime,1,neutral,usd_krw_t_minus_3,0.17714008688926697,0.17714008688926697
samsung_electronics,005930,core_plus_semi_etf,core_macro+semi_etf,recent_regime,1,neutral,nasdaq_t_minus_5,0.03216065466403961,0.03158722072839737
samsung_electronics,005930,core_plus_semi_etf,core_macro+semi_etf,recent_regime,1,neutral,sox_t_minus_5,0.06491760909557343,-0.06491760909557343
samsung_electronics,005930,core_plus_semi_etf,core_macro+semi_etf,recent_regime,1,neutral,vix_t_minus_5,0.09009703248739243,0.027971824631094933
samsung_electronics,005930,core_plus_semi_etf,core_macro+semi_etf,recent_regime,1,neutral,us_rate_t_minus_5,0.005045570898801088,-0.005009905900806189
samsung_electronics,005930,core_plus_semi_etf,core_macro+semi_etf,recent_regime,1,neutral,usd_krw_t_minus_5,0.01382005400955677,-0.013727708719670773
samsung_electronics,005930,core_plus_semi_etf,core_macro+semi_etf,recent_regime,1,neutral,smh_t_minus_1,0.0363304428756237,-0.0363304428756237
samsung_electronics,005930,core_plus_semi_etf,core_macro+semi_etf,recent_regime,1,neutral,smh_t_minus_3,0.12415307760238647,0.12415307760238647
samsung_electronics,005930,core_plus_semi_etf,core_macro+semi_etf,recent_regime,1,neutral,smh_t_minus_5,0.033120047301054,0.03003237210214138
samsung_electronics,005930,core_plus_semi_etf,core_macro+semi_etf,recent_regime,1,neutral,soxx_t_minus_1,0.02124740742146969,-0.02124740742146969
samsung_electronics,005930,core_plus_semi_etf,core_macro+semi_etf,recent_regime,1,neutral,soxx_t_minus_3,0.005781142972409725,0.0038428495172411203
samsung_electronics,005930,core_plus_semi_etf,core_macro+semi_etf,recent_regime,1,neutral,soxx_t_minus_5,0.02171865478157997,-0.02171865478157997
samsung_electronics,005930,core_plus_semi_etf,core_macro+semi_etf,recent_regime,2,up,nasdaq_t_minus_1,0.042878519743680954,0.042878519743680954
samsung_electronics,005930,core_plus_semi_etf,core_macro+semi_etf,recent_regime,2,up,sox_t_minus_1,0.04118896275758743,-0.04114273935556412
samsung_electronics,005930,core_plus_semi_etf,core_macro+semi_etf,recent_regime,2,up,vix_t_minus_1,0.04429013282060623,-0.02054252102971077
samsung_electronics,005930,core_plus_semi_etf,core_macro+semi_etf,recent_regime,2,up,us_rate_t_minus_1,0.06292927265167236,-0.06292927265167236
samsung_electronics,005930,core_plus_semi_etf,core_macro+semi_etf,recent_regime,2,up,usd_krw_t_minus_1,0.5542685389518738,0.2924388349056244
samsung_electronics,005930,core_plus_semi_etf,core_macro+semi_etf,recent_regime,2,up,nasdaq_t_minus_3,0.09340083599090576,0.09340083599090576
samsung_electronics,005930,core_plus_semi_etf,core_macro+semi_etf,recent_regime,2,up,sox_t_minus_3,0.05603448301553726,-0.04769134521484375
samsung_electronics,005930,core_plus_semi_etf,core_macro+semi_etf,recent_regime,2,up,vix_t_minus_3,0.12509091198444366,0.03541989624500275
samsung_electronics,005930,core_plus_semi_etf,core_macro+semi_etf,recent_regime,2,up,us_rate_t_minus_3,0.005255508702248335,0.005157517269253731
samsung_electronics,005930,core_plus_semi_etf,core_macro+semi_etf,recent_regime,2,up,usd_krw_t_minus_3,0.2217492312192917,-0.2217492312192917
samsung_electronics,005930,core_plus_semi_etf,core_macro+semi_etf,recent_regime,2,up,nasdaq_t_minus_5,0.4458942413330078,0.4458942413330078
samsung_electronics,005930,core_plus_semi_etf,core_macro+semi_etf,recent_regime,2,up,sox_t_minus_5,0.009832192212343216,0.009428911842405796
samsung_electronics,005930,core_plus_semi_etf,core_macro+semi_etf,recent_regime,2,up,vix_t_minus_5,0.10196186602115631,0.055774908512830734
samsung_electronics,005930,core_plus_semi_etf,core_macro+semi_etf,recent_regime,2,up,us_rate_t_minus_5,0.020577240735292435,0.020577240735292435
samsung_electronics,005930,core_plus_semi_etf,core_macro+semi_etf,recent_regime,2,up,usd_krw_t_minus_5,0.20798319578170776,-0.20798319578170776
samsung_electronics,005930,core_plus_semi_etf,core_macro+semi_etf,recent_regime,2,up,smh_t_minus_1,0.3371194005012512,-0.3371194005012512
samsung_electronics,005930,core_plus_semi_etf,core_macro+semi_etf,recent_regime,2,up,smh_t_minus_3,0.25077804923057556,-0.25077804923057556
samsung_electronics,005930,core_plus_semi_etf,core_macro+semi_etf,recent_regime,2,up,smh_t_minus_5,0.3153976798057556,-0.3153976798057556
samsung_electronics,005930,core_plus_semi_etf,core_macro+semi_etf,recent_regime,2,up,soxx_t_minus_1,0.2504510283470154,-0.2504510283470154
samsung_electronics,005930,core_plus_semi_etf,core_macro+semi_etf,recent_regime,2,up,soxx_t_minus_3,0.07152486592531204,-0.07152486592531204
samsung_electronics,005930,core_plus_semi_etf,core_macro+semi_etf,recent_regime,2,up,soxx_t_minus_5,0.17150816321372986,-0.17150816321372986
samsung_electronics,005930,core_plus_semi_etf,core_macro+semi_etf,recent_regime,overall,overall,nasdaq_t_minus_1,0.05532219633460045,
samsung_electronics,005930,core_plus_semi_etf,core_macro+semi_etf,recent_regime,overall,overall,sox_t_minus_1,0.22956779599189758,
samsung_electronics,005930,core_plus_semi_etf,core_macro+semi_etf,recent_regime,overall,overall,vix_t_minus_1,0.08371929824352264,
samsung_electronics,005930,core_plus_semi_etf,core_macro+semi_etf,recent_regime,overall,overall,us_rate_t_minus_1,0.04692220315337181,
samsung_electronics,005930,core_plus_semi_etf,core_macro+semi_etf,recent_regime,overall,overall,usd_krw_t_minus_1,0.21800242364406586,
samsung_electronics,005930,core_plus_semi_etf,core_macro+semi_etf,recent_regime,overall,overall,nasdaq_t_minus_3,0.3361201882362366,
samsung_electronics,005930,core_plus_semi_etf,core_macro+semi_etf,recent_regime,overall,overall,sox_t_minus_3,0.2532036006450653,
samsung_electronics,005930,core_plus_semi_etf,core_macro+semi_etf,recent_regime,overall,overall,vix_t_minus_3,0.11658917367458344,
samsung_electronics,005930,core_plus_semi_etf,core_macro+semi_etf,recent_regime,overall,overall,us_rate_t_minus_3,0.06113560497760773,
samsung_electronics,005930,core_plus_semi_etf,core_macro+semi_etf,recent_regime,overall,overall,usd_krw_t_minus_3,0.4856129288673401,
samsung_electronics,005930,core_plus_semi_etf,core_macro+semi_etf,recent_regime,overall,overall,nasdaq_t_minus_5,0.2286093831062317,
samsung_electronics,005930,core_plus_semi_etf,core_macro+semi_etf,recent_regime,overall,overall,sox_t_minus_5,0.07637469470500946,
samsung_electronics,005930,core_plus_semi_etf,core_macro+semi_etf,recent_regime,overall,overall,vix_t_minus_5,0.08496510982513428,
samsung_electronics,005930,core_plus_semi_etf,core_macro+semi_etf,recent_regime,overall,overall,us_rate_t_minus_5,0.027484701946377754,
samsung_electronics,005930,core_plus_semi_etf,core_macro+semi_etf,recent_regime,overall,overall,usd_krw_t_minus_5,0.1315619796514511,
samsung_electronics,005930,core_plus_semi_etf,core_macro+semi_etf,recent_regime,overall,overall,smh_t_minus_1,0.17729373276233673,
samsung_electronics,005930,core_plus_semi_etf,core_macro+semi_etf,recent_regime,overall,overall,smh_t_minus_3,0.1403534859418869,
samsung_electronics,005930,core_plus_semi_etf,core_macro+semi_etf,recent_regime,overall,overall,smh_t_minus_5,0.13130289316177368,
samsung_electronics,005930,core_plus_semi_etf,core_macro+semi_etf,recent_regime,overall,overall,soxx_t_minus_1,0.10757600516080856,
samsung_electronics,005930,core_plus_semi_etf,core_macro+semi_etf,recent_regime,overall,overall,soxx_t_minus_3,0.03440256044268608,
samsung_electronics,005930,core_plus_semi_etf,core_macro+semi_etf,recent_regime,overall,overall,soxx_t_minus_5,0.1065487340092659,
sk_hynix,000660,core_plus_broad_dollar,core_macro+dollar,test,0,down,nasdaq_t_minus_1,0.24436770379543304,-0.19783470034599304
sk_hynix,000660,core_plus_broad_dollar,core_macro+dollar,test,0,down,sox_t_minus_1,0.2926594913005829,0.2926594913005829
sk_hynix,000660,core_plus_broad_dollar,core_macro+dollar,test,0,down,vix_t_minus_1,0.11368388682603836,-0.04961572214961052
sk_hynix,000660,core_plus_broad_dollar,core_macro+dollar,test,0,down,us_rate_t_minus_1,0.17432482540607452,0.17432482540607452
sk_hynix,000660,core_plus_broad_dollar,core_macro+dollar,test,0,down,usd_krw_t_minus_1,0.16711671650409698,-0.16711671650409698
sk_hynix,000660,core_plus_broad_dollar,core_macro+dollar,test,0,down,nasdaq_t_minus_3,0.05243675410747528,-0.02895272895693779
sk_hynix,000660,core_plus_broad_dollar,core_macro+dollar,test,0,down,sox_t_minus_3,0.4617176651954651,0.4617176651954651
sk_hynix,000660,core_plus_broad_dollar,core_macro+dollar,test,0,down,vix_t_minus_3,0.1573415845632553,0.15052489936351776
sk_hynix,000660,core_plus_broad_dollar,core_macro+dollar,test,0,down,us_rate_t_minus_3,0.02875884249806404,0.02875884249806404
sk_hynix,000660,core_plus_broad_dollar,core_macro+dollar,test,0,down,usd_krw_t_minus_3,0.038096748292446136,0.037474654614925385
sk_hynix,000660,core_plus_broad_dollar,core_macro+dollar,test,0,down,nasdaq_t_minus_5,0.11583313345909119,-0.11583313345909119
sk_hynix,000660,core_plus_broad_dollar,core_macro+dollar,test,0,down,sox_t_minus_5,0.126360222697258,0.126360222697258
sk_hynix,000660,core_plus_broad_dollar,core_macro+dollar,test,0,down,vix_t_minus_5,0.0944000855088234,-0.08410520106554031
sk_hynix,000660,core_plus_broad_dollar,core_macro+dollar,test,0,down,us_rate_t_minus_5,0.4552140235900879,0.4552140235900879
sk_hynix,000660,core_plus_broad_dollar,core_macro+dollar,test,0,down,usd_krw_t_minus_5,0.1964493989944458,0.1964493989944458
sk_hynix,000660,core_plus_broad_dollar,core_macro+dollar,test,0,down,broad_dollar_index_t_minus_1,0.07067688554525375,0.036808859556913376
sk_hynix,000660,core_plus_broad_dollar,core_macro+dollar,test,0,down,broad_dollar_index_t_minus_3,0.160833939909935,-0.1607489287853241
sk_hynix,000660,core_plus_broad_dollar,core_macro+dollar,test,0,down,broad_dollar_index_t_minus_5,0.04677840322256088,-0.042645975947380066
sk_hynix,000660,core_plus_broad_dollar,core_macro+dollar,test,1,neutral,nasdaq_t_minus_1,0.10517313331365585,0.09849270433187485
sk_hynix,000660,core_plus_broad_dollar,core_macro+dollar,test,1,neutral,sox_t_minus_1,0.1367894560098648,0.1367894560098648
sk_hynix,000660,core_plus_broad_dollar,core_macro+dollar,test,1,neutral,vix_t_minus_1,0.044356975704431534,-0.012331788428127766
sk_hynix,000660,core_plus_broad_dollar,core_macro+dollar,test,1,neutral,us_rate_t_minus_1,0.009309632703661919,-0.009309632703661919
sk_hynix,000660,core_plus_broad_dollar,core_macro+dollar,test,1,neutral,usd_krw_t_minus_1,0.0681675374507904,0.036368709057569504
sk_hynix,000660,core_plus_broad_dollar,core_macro+dollar,test,1,neutral,nasdaq_t_minus_3,0.388933390378952,-0.30929431319236755
sk_hynix,000660,core_plus_broad_dollar,core_macro+dollar,test,1,neutral,sox_t_minus_3,0.01537700742483139,0.011401871219277382
sk_hynix,000660,core_plus_broad_dollar,core_macro+dollar,test,1,neutral,vix_t_minus_3,0.049720361828804016,-0.013689647428691387
sk_hynix,000660,core_plus_broad_dollar,core_macro+dollar,test,1,neutral,us_rate_t_minus_3,0.08425410836935043,-0.08425410836935043
sk_hynix,000660,core_plus_broad_dollar,core_macro+dollar,test,1,neutral,usd_krw_t_minus_3,0.04008808359503746,0.03869379311800003
sk_hynix,000660,core_plus_broad_dollar,core_macro+dollar,test,1,neutral,nasdaq_t_minus_5,0.0504976361989975,0.0503091961145401
sk_hynix,000660,core_plus_broad_dollar,core_macro+dollar,test,1,neutral,sox_t_minus_5,0.01143715064972639,0.0028327449690550566
sk_hynix,000660,core_plus_broad_dollar,core_macro+dollar,test,1,neutral,vix_t_minus_5,0.031652241945266724,0.01905141957104206
sk_hynix,000660,core_plus_broad_dollar,core_macro+dollar,test,1,neutral,us_rate_t_minus_5,0.24755780398845673,-0.24755780398845673
sk_hynix,000660,core_plus_broad_dollar,core_macro+dollar,test,1,neutral,usd_krw_t_minus_5,0.020656002685427666,-0.0190694909542799
sk_hynix,000660,core_plus_broad_dollar,core_macro+dollar,test,1,neutral,broad_dollar_index_t_minus_1,0.036801595240831375,-0.03540106490254402
sk_hynix,000660,core_plus_broad_dollar,core_macro+dollar,test,1,neutral,broad_dollar_index_t_minus_3,0.13280700147151947,0.10060328990221024
sk_hynix,000660,core_plus_broad_dollar,core_macro+dollar,test,1,neutral,broad_dollar_index_t_minus_5,0.021957509219646454,-0.013553467579185963
sk_hynix,000660,core_plus_broad_dollar,core_macro+dollar,test,2,up,nasdaq_t_minus_1,0.06799479573965073,0.06799479573965073
sk_hynix,000660,core_plus_broad_dollar,core_macro+dollar,test,2,up,sox_t_minus_1,0.3893618583679199,-0.3893618583679199
sk_hynix,000660,core_plus_broad_dollar,core_macro+dollar,test,2,up,vix_t_minus_1,0.050298579037189484,-0.010500133968889713
sk_hynix,000660,core_plus_broad_dollar,core_macro+dollar,test,2,up,us_rate_t_minus_1,0.08893760293722153,-0.08893760293722153
sk_hynix,000660,core_plus_broad_dollar,core_macro+dollar,test,2,up,usd_krw_t_minus_1,0.18573732674121857,-0.10415157675743103
sk_hynix,000660,core_plus_broad_dollar,core_macro+dollar,test,2,up,nasdaq_t_minus_3,0.11282222718000412,0.10972527414560318
sk_hynix,000660,core_plus_broad_dollar,core_macro+dollar,test,2,up,sox_t_minus_3,0.15995632112026215,0.15995632112026215
sk_hynix,000660,core_plus_broad_dollar,core_macro+dollar,test,2,up,vix_t_minus_3,0.04668132960796356,-0.0020104548893868923
sk_hynix,000660,core_plus_broad_dollar,core_macro+dollar,test,2,up,us_rate_t_minus_3,0.001162449480034411,-0.001162449480034411
sk_hynix,000660,core_plus_broad_dollar,core_macro+dollar,test,2,up,usd_krw_t_minus_3,0.06360238790512085,-0.054091863334178925
sk_hynix,000660,core_plus_broad_dollar,core_macro+dollar,test,2,up,nasdaq_t_minus_5,0.3032452166080475,0.3032452166080475
sk_hynix,000660,core_plus_broad_dollar,core_macro+dollar,test,2,up,sox_t_minus_5,0.3778267800807953,-0.3778267800807953
sk_hynix,000660,core_plus_broad_dollar,core_macro+dollar,test,2,up,vix_t_minus_5,0.07443265616893768,0.033434320241212845
sk_hynix,000660,core_plus_broad_dollar,core_macro+dollar,test,2,up,us_rate_t_minus_5,0.4698149859905243,-0.4691053330898285
sk_hynix,000660,core_plus_broad_dollar,core_macro+dollar,test,2,up,usd_krw_t_minus_5,0.17803364992141724,-0.17803364992141724
sk_hynix,000660,core_plus_broad_dollar,core_macro+dollar,test,2,up,broad_dollar_index_t_minus_1,0.21371617913246155,-0.1562914401292801
sk_hynix,000660,core_plus_broad_dollar,core_macro+dollar,test,2,up,broad_dollar_index_t_minus_3,0.09067025035619736,0.027817996218800545
sk_hynix,000660,core_plus_broad_dollar,core_macro+dollar,test,2,up,broad_dollar_index_t_minus_5,0.13663773238658905,-0.029097894206643105
sk_hynix,000660,core_plus_broad_dollar,core_macro+dollar,test,overall,overall,nasdaq_t_minus_1,0.13917860388755798,
sk_hynix,000660,core_plus_broad_dollar,core_macro+dollar,test,overall,overall,sox_t_minus_1,0.2729366719722748,
sk_hynix,000660,core_plus_broad_dollar,core_macro+dollar,test,overall,overall,vix_t_minus_1,0.06944649666547775,
sk_hynix,000660,core_plus_broad_dollar,core_macro+dollar,test,overall,overall,us_rate_t_minus_1,0.09085728973150253,
sk_hynix,000660,core_plus_broad_dollar,core_macro+dollar,test,overall,overall,usd_krw_t_minus_1,0.14034053683280945,
sk_hynix,000660,core_plus_broad_dollar,core_macro+dollar,test,overall,overall,nasdaq_t_minus_3,0.1847306340932846,
sk_hynix,000660,core_plus_broad_dollar,core_macro+dollar,test,overall,overall,sox_t_minus_3,0.21235033869743347,
sk_hynix,000660,core_plus_broad_dollar,core_macro+dollar,test,overall,overall,vix_t_minus_3,0.08458109945058823,
sk_hynix,000660,core_plus_broad_dollar,core_macro+dollar,test,overall,overall,us_rate_t_minus_3,0.038058433681726456,
sk_hynix,000660,core_plus_broad_dollar,core_macro+dollar,test,overall,overall,usd_krw_t_minus_3,0.04726240038871765,
sk_hynix,000660,core_plus_broad_dollar,core_macro+dollar,test,overall,overall,nasdaq_t_minus_5,0.15652543306350708,
sk_hynix,000660,core_plus_broad_dollar,core_macro+dollar,test,overall,overall,sox_t_minus_5,0.17187464237213135,
sk_hynix,000660,core_plus_broad_dollar,core_macro+dollar,test,overall,overall,vix_t_minus_5,0.06682839244604111,
sk_hynix,000660,core_plus_broad_dollar,core_macro+dollar,test,overall,overall,us_rate_t_minus_5,0.390862375497818,
sk_hynix,000660,core_plus_broad_dollar,core_macro+dollar,test,overall,overall,usd_krw_t_minus_5,0.13171304762363434,
sk_hynix,000660,core_plus_broad_dollar,core_macro+dollar,test,overall,overall,broad_dollar_index_t_minus_1,0.10706491768360138,
sk_hynix,000660,core_plus_broad_dollar,core_macro+dollar,test,overall,overall,broad_dollar_index_t_minus_3,0.12810370326042175,
sk_hynix,000660,core_plus_broad_dollar,core_macro+dollar,test,overall,overall,broad_dollar_index_t_minus_5,0.0684579387307167,
sk_hynix,000660,core_plus_broad_dollar,core_macro+dollar,recent_regime,0,down,nasdaq_t_minus_1,0.29115384817123413,-0.29115384817123413
sk_hynix,000660,core_plus_broad_dollar,core_macro+dollar,recent_regime,0,down,sox_t_minus_1,0.2655181884765625,0.2655181884765625
sk_hynix,000660,core_plus_broad_dollar,core_macro+dollar,recent_regime,0,down,vix_t_minus_1,0.09147629886865616,0.025414379313588142
sk_hynix,000660,core_plus_broad_dollar,core_macro+dollar,recent_regime,0,down,us_rate_t_minus_1,0.16215787827968597,0.16215787827968597
sk_hynix,000660,core_plus_broad_dollar,core_macro+dollar,recent_regime,0,down,usd_krw_t_minus_1,0.15654870867729187,-0.15654870867729187
sk_hynix,000660,core_plus_broad_dollar,core_macro+dollar,recent_regime,0,down,nasdaq_t_minus_3,0.021498018875718117,0.00497203366830945
sk_hynix,000660,core_plus_broad_dollar,core_macro+dollar,recent_regime,0,down,sox_t_minus_3,0.5019635558128357,0.4976673126220703
sk_hynix,000660,core_plus_broad_dollar,core_macro+dollar,recent_regime,0,down,vix_t_minus_3,0.04121459275484085,0.004280970897525549
sk_hynix,000660,core_plus_broad_dollar,core_macro+dollar,recent_regime,0,down,us_rate_t_minus_3,0.03492685779929161,0.03492685779929161
sk_hynix,000660,core_plus_broad_dollar,core_macro+dollar,recent_regime,0,down,usd_krw_t_minus_3,0.09267780929803848,0.09265650063753128
sk_hynix,000660,core_plus_broad_dollar,core_macro+dollar,recent_regime,0,down,nasdaq_t_minus_5,0.07367861270904541,-0.07367861270904541
sk_hynix,000660,core_plus_broad_dollar,core_macro+dollar,recent_regime,0,down,sox_t_minus_5,0.11602926254272461,0.11602926254272461
sk_hynix,000660,core_plus_broad_dollar,core_macro+dollar,recent_regime,0,down,vix_t_minus_5,0.05423890799283981,-0.03709360584616661
sk_hynix,000660,core_plus_broad_dollar,core_macro+dollar,recent_regime,0,down,us_rate_t_minus_5,0.4801185727119446,0.4801185727119446
sk_hynix,000660,core_plus_broad_dollar,core_macro+dollar,recent_regime,0,down,usd_krw_t_minus_5,0.33668020367622375,0.33668020367622375
sk_hynix,000660,core_plus_broad_dollar,core_macro+dollar,recent_regime,0,down,broad_dollar_index_t_minus_1,0.06127126142382622,0.045146819204092026
sk_hynix,000660,core_plus_broad_dollar,core_macro+dollar,recent_regime,0,down,broad_dollar_index_t_minus_3,0.10957419872283936,-0.10922469198703766
sk_hynix,000660,core_plus_broad_dollar,core_macro+dollar,recent_regime,0,down,broad_dollar_index_t_minus_5,0.053297460079193115,-0.052631158381700516
sk_hynix,000660,core_plus_broad_dollar,core_macro+dollar,recent_regime,1,neutral,nasdaq_t_minus_1,0.11839873343706131,0.11744029074907303
sk_hynix,000660,core_plus_broad_dollar,core_macro+dollar,recent_regime,1,neutral,sox_t_minus_1,0.1394491195678711,0.1394491195678711
sk_hynix,000660,core_plus_broad_dollar,core_macro+dollar,recent_regime,1,neutral,vix_t_minus_1,0.03562586382031441,-0.028386352583765984
sk_hynix,000660,core_plus_broad_dollar,core_macro+dollar,recent_regime,1,neutral,us_rate_t_minus_1,0.01238646823912859,-0.012251201085746288
sk_hynix,000660,core_plus_broad_dollar,core_macro+dollar,recent_regime,1,neutral,usd_krw_t_minus_1,0.045812349766492844,-0.025204841047525406
sk_hynix,000660,core_plus_broad_dollar,core_macro+dollar,recent_regime,1,neutral,nasdaq_t_minus_3,0.4206833243370056,-0.4070754945278168
sk_hynix,000660,core_plus_broad_dollar,core_macro+dollar,recent_regime,1,neutral,sox_t_minus_3,0.014362659305334091,0.011438176967203617
sk_hynix,000660,core_plus_broad_dollar,core_macro+dollar,recent_regime,1,neutral,vix_t_minus_3,0.04151095077395439,0.003863339778035879
sk_hynix,000660,core_plus_broad_dollar,core_macro+dollar,recent_regime,1,neutral,us_rate_t_minus_3,0.07721614092588425,-0.07721614092588425
sk_hynix,000660,core_plus_broad_dollar,core_macro+dollar,recent_regime,1,neutral,usd_krw_t_minus_3,0.04514206573367119,0.04514206573367119
sk_hynix,000660,core_plus_broad_dollar,core_macro+dollar,recent_regime,1,neutral,nasdaq_t_minus_5,0.053349819034338,0.052971381694078445
sk_hynix,000660,core_plus_broad_dollar,core_macro+dollar,recent_regime,1,neutral,sox_t_minus_5,0.006806033197790384,-0.004069559276103973
sk_hynix,000660,core_plus_broad_dollar,core_macro+dollar,recent_regime,1,neutral,vix_t_minus_5,0.03355224058032036,0.023517686873674393
sk_hynix,000660,core_plus_broad_dollar,core_macro+dollar,recent_regime,1,neutral,us_rate_t_minus_5,0.24056483805179596,-0.24056483805179596
sk_hynix,000660,core_plus_broad_dollar,core_macro+dollar,recent_regime,1,neutral,usd_krw_t_minus_5,0.025660043582320213,-0.0256480909883976
sk_hynix,000660,core_plus_broad_dollar,core_macro+dollar,recent_regime,1,neutral,broad_dollar_index_t_minus_1,0.04147316887974739,-0.04147316887974739
sk_hynix,000660,core_plus_broad_dollar,core_macro+dollar,recent_regime,1,neutral,broad_dollar_index_t_minus_3,0.09372447431087494,0.0613400824368
sk_hynix,000660,core_plus_broad_dollar,core_macro+dollar,recent_regime,1,neutral,broad_dollar_index_t_minus_5,0.0285737793892622,-0.00717441039159894
sk_hynix,000660,core_plus_broad_dollar,core_macro+dollar,recent_regime,2,up,nasdaq_t_minus_1,0.05762340500950813,0.05762340500950813
sk_hynix,000660,core_plus_broad_dollar,core_macro+dollar,recent_regime,2,up,sox_t_minus_1,0.3641490340232849,-0.3641490340232849
sk_hynix,000660,core_plus_broad_dollar,core_macro+dollar,recent_regime,2,up,vix_t_minus_1,0.05772475153207779,0.040307603776454926
sk_hynix,000660,core_plus_broad_dollar,core_macro+dollar,recent_regime,2,up,us_rate_t_minus_1,0.09005405008792877,-0.09005405008792877
sk_hynix,000660,core_plus_broad_dollar,core_macro+dollar,recent_regime,2,up,usd_krw_t_minus_1,0.1842348873615265,0.13770751655101776
sk_hynix,000660,core_plus_broad_dollar,core_macro+dollar,recent_regime,2,up,nasdaq_t_minus_3,0.11707136034965515,0.11707136034965515
sk_hynix,000660,core_plus_broad_dollar,core_macro+dollar,recent_regime,2,up,sox_t_minus_3,0.25069621205329895,0.25069621205329895
sk_hynix,000660,core_plus_broad_dollar,core_macro+dollar,recent_regime,2,up,vix_t_minus_3,0.045555323362350464,0.011196434497833252
sk_hynix,000660,core_plus_broad_dollar,core_macro+dollar,recent_regime,2,up,us_rate_t_minus_3,0.0010853493586182594,-0.0010853493586182594
sk_hynix,000660,core_plus_broad_dollar,core_macro+dollar,recent_regime,2,up,usd_krw_t_minus_3,0.06442445516586304,0.02356182038784027
sk_hynix,000660,core_plus_broad_dollar,core_macro+dollar,recent_regime,2,up,nasdaq_t_minus_5,0.32443878054618835,0.32443878054618835
sk_hynix,000660,core_plus_broad_dollar,core_macro+dollar,recent_regime,2,up,sox_t_minus_5,0.3933422267436981,-0.3933422267436981
sk_hynix,000660,core_plus_broad_dollar,core_macro+dollar,recent_regime,2,up,vix_t_minus_5,0.060997117310762405,-0.011357198469340801
sk_hynix,000660,core_plus_broad_dollar,core_macro+dollar,recent_regime,2,up,us_rate_t_minus_5,0.3423171937465668,-0.3423171937465668
sk_hynix,000660,core_plus_broad_dollar,core_macro+dollar,recent_regime,2,up,usd_krw_t_minus_5,0.1667180359363556,-0.1667180359363556
sk_hynix,000660,core_plus_broad_dollar,core_macro+dollar,recent_regime,2,up,broad_dollar_index_t_minus_1,0.25884419679641724,-0.18948417901992798
sk_hynix,000660,core_plus_broad_dollar,core_macro+dollar,recent_regime,2,up,broad_dollar_index_t_minus_3,0.11407868564128876,0.03543820604681969
sk_hynix,000660,core_plus_broad_dollar,core_macro+dollar,recent_regime,2,up,broad_dollar_index_t_minus_5,0.0970819965004921,0.03817035257816315
sk_hynix,000660,core_plus_broad_dollar,core_macro+dollar,recent_regime,overall,overall,nasdaq_t_minus_1,0.1557254195213318,
sk_hynix,000660,core_plus_broad_dollar,core_macro+dollar,recent_regime,overall,overall,sox_t_minus_1,0.2563720941543579,
sk_hynix,000660,core_plus_broad_dollar,core_macro+dollar,recent_regime,overall,overall,vix_t_minus_1,0.0616089403629303,
sk_hynix,000660,core_plus_broad_dollar,core_macro+dollar,recent_regime,overall,overall,us_rate_t_minus_1,0.08819964528083801,
sk_hynix,000660,core_plus_broad_dollar,core_macro+dollar,recent_regime,overall,overall,usd_krw_t_minus_1,0.1288653314113617,
sk_hynix,000660,core_plus_broad_dollar,core_macro+dollar,recent_regime,overall,overall,nasdaq_t_minus_3,0.1864175647497177,
sk_hynix,000660,core_plus_broad_dollar,core_macro+dollar,recent_regime,overall,overall,sox_t_minus_3,0.2556743323802948,
sk_hynix,000660,core_plus_broad_dollar,core_macro+dollar,recent_regime,overall,overall,vix_t_minus_3,0.04276023432612419,
sk_hynix,000660,core_plus_broad_dollar,core_macro+dollar,recent_regime,overall,overall,us_rate_t_minus_3,0.0377427376806736,
sk_hynix,000660,core_plus_broad_dollar,core_macro+dollar,recent_regime,overall,overall,usd_krw_t_minus_3,0.06741484999656677,
sk_hynix,000660,core_plus_broad_dollar,core_macro+dollar,recent_regime,overall,overall,nasdaq_t_minus_5,0.15048888325691223,
sk_hynix,000660,core_plus_broad_dollar,core_macro+dollar,recent_regime,overall,overall,sox_t_minus_5,0.1720590740442276,
sk_hynix,000660,core_plus_broad_dollar,core_macro+dollar,recent_regime,overall,overall,vix_t_minus_5,0.04959610104560852,
sk_hynix,000660,core_plus_broad_dollar,core_macro+dollar,recent_regime,overall,overall,us_rate_t_minus_5,0.35433366894721985,
sk_hynix,000660,core_plus_broad_dollar,core_macro+dollar,recent_regime,overall,overall,usd_krw_t_minus_5,0.17635290324687958,
sk_hynix,000660,core_plus_broad_dollar,core_macro+dollar,recent_regime,overall,overall,broad_dollar_index_t_minus_1,0.12052955478429794,
sk_hynix,000660,core_plus_broad_dollar,core_macro+dollar,recent_regime,overall,overall,broad_dollar_index_t_minus_3,0.105792336165905,
sk_hynix,000660,core_plus_broad_dollar,core_macro+dollar,recent_regime,overall,overall,broad_dollar_index_t_minus_5,0.05965105816721916,
