name,ticker,recipe,params,split,class_label,class_name,feature,mean_abs_shap,mean_shap
nvidia,NVDA,technical_only,baseline_depth3,test,0,down,tech_return_1d,0.06255888938903809,0.00046868028584867716
nvidia,NVDA,technical_only,baseline_depth3,test,0,down,tech_ma5_ratio,0.15298816561698914,0.026751184836030006
nvidia,NVDA,technical_only,baseline_depth3,test,0,down,tech_ma10_ratio,0.08054270595312119,0.00862024910748005
nvidia,NVDA,technical_only,baseline_depth3,test,0,down,tech_ma20_ratio,0.05929543823003769,-0.015617902390658855
nvidia,NVDA,technical_only,baseline_depth3,test,0,down,tech_rsi14,0.07894167304039001,-0.017142651602625847
nvidia,NVDA,technical_only,baseline_depth3,test,0,down,tech_bb_percent_b,0.07306075096130371,-0.020052894949913025
nvidia,NVDA,technical_only,baseline_depth3,test,0,down,tech_bb_width,0.2196335792541504,0.055097851902246475
nvidia,NVDA,technical_only,baseline_depth3,test,0,down,tech_volatility_20d,0.37904784083366394,-0.00653702300041914
nvidia,NVDA,technical_only,baseline_depth3,test,0,down,tech_momentum_5d,0.23227287828922272,0.06271116435527802
nvidia,NVDA,technical_only,baseline_depth3,test,0,down,tech_momentum_10d,0.057623300701379776,-0.014617446810007095
nvidia,NVDA,technical_only,baseline_depth3,test,0,down,tech_momentum_20d,0.12323948740959167,-0.055946074426174164
nvidia,NVDA,technical_only,baseline_depth3,test,0,down,tech_macd_ratio,0.2548898756504059,0.14809367060661316
nvidia,NVDA,technical_only,baseline_depth3,test,0,down,tech_macd_signal_ratio,0.1975797414779663,0.09467916935682297
nvidia,NVDA,technical_only,baseline_depth3,test,0,down,tech_macd_hist_ratio,0.2460031658411026,0.032319337129592896
nvidia,NVDA,technical_only,baseline_depth3,test,0,down,tech_stochastic_k14,0.06800562888383865,0.01651662401854992
nvidia,NVDA,technical_only,baseline_depth3,test,0,down,tech_stochastic_d3,0.12850920855998993,0.025709372013807297
nvidia,NVDA,technical_only,baseline_depth3,test,0,down,tech_atr14_ratio,0.3373606503009796,-0.11646918952465057
nvidia,NVDA,technical_only,baseline_depth3,test,0,down,tech_volume_ratio_20d,0.12221977114677429,-0.019589530304074287
nvidia,NVDA,technical_only,baseline_depth3,test,0,down,tech_volume_change_1d,0.06049938499927521,0.0002954718074761331
nvidia,NVDA,technical_only,baseline_depth3,test,0,down,tech_close_to_20d_high,0.030549941584467888,-0.006330698262900114
nvidia,NVDA,technical_only,baseline_depth3,test,0,down,tech_close_to_20d_low,0.08655153959989548,-0.01855425164103508
nvidia,NVDA,technical_only,baseline_depth3,test,0,down,tech_intraday_range_ratio,0.09227516502141953,0.03245104104280472
nvidia,NVDA,technical_only,baseline_depth3,test,1,up,tech_return_1d,0.06255888938903809,-0.00046868028584867716
nvidia,NVDA,technical_only,baseline_depth3,test,1,up,tech_ma5_ratio,0.15298816561698914,-0.026751184836030006
nvidia,NVDA,technical_only,baseline_depth3,test,1,up,tech_ma10_ratio,0.08054270595312119,-0.00862024910748005
nvidia,NVDA,technical_only,baseline_depth3,test,1,up,tech_ma20_ratio,0.05929543823003769,0.015617902390658855
nvidia,NVDA,technical_only,baseline_depth3,test,1,up,tech_rsi14,0.07894167304039001,0.017142651602625847
nvidia,NVDA,technical_only,baseline_depth3,test,1,up,tech_bb_percent_b,0.07306075096130371,0.020052894949913025
nvidia,NVDA,technical_only,baseline_depth3,test,1,up,tech_bb_width,0.2196335792541504,-0.055097851902246475
nvidia,NVDA,technical_only,baseline_depth3,test,1,up,tech_volatility_20d,0.37904784083366394,0.00653702300041914
nvidia,NVDA,technical_only,baseline_depth3,test,1,up,tech_momentum_5d,0.23227287828922272,-0.06271116435527802
nvidia,NVDA,technical_only,baseline_depth3,test,1,up,tech_momentum_10d,0.057623300701379776,0.014617446810007095
nvidia,NVDA,technical_only,baseline_depth3,test,1,up,tech_momentum_20d,0.12323948740959167,0.055946074426174164
nvidia,NVDA,technical_only,baseline_depth3,test,1,up,tech_macd_ratio,0.2548898756504059,-0.14809367060661316
nvidia,NVDA,technical_only,baseline_depth3,test,1,up,tech_macd_signal_ratio,0.1975797414779663,-0.09467916935682297
nvidia,NVDA,technical_only,baseline_depth3,test,1,up,tech_macd_hist_ratio,0.2460031658411026,-0.032319337129592896
nvidia,NVDA,technical_only,baseline_depth3,test,1,up,tech_stochastic_k14,0.06800562888383865,-0.01651662401854992
nvidia,NVDA,technical_only,baseline_depth3,test,1,up,tech_stochastic_d3,0.12850920855998993,-0.025709372013807297
nvidia,NVDA,technical_only,baseline_depth3,test,1,up,tech_atr14_ratio,0.3373606503009796,0.11646918952465057
nvidia,NVDA,technical_only,baseline_depth3,test,1,up,tech_volume_ratio_20d,0.12221977114677429,0.019589530304074287
nvidia,NVDA,technical_only,baseline_depth3,test,1,up,tech_volume_change_1d,0.06049938499927521,-0.0002954718074761331
nvidia,NVDA,technical_only,baseline_depth3,test,1,up,tech_close_to_20d_high,0.030549941584467888,0.006330698262900114
nvidia,NVDA,technical_only,baseline_depth3,test,1,up,tech_close_to_20d_low,0.08655153959989548,0.01855425164103508
nvidia,NVDA,technical_only,baseline_depth3,test,1,up,tech_intraday_range_ratio,0.09227516502141953,-0.03245104104280472
nvidia,NVDA,technical_only,baseline_depth3,test,overall,overall,tech_return_1d,0.06255888938903809,
nvidia,NVDA,technical_only,baseline_depth3,test,overall,overall,tech_ma5_ratio,0.15298816561698914,
nvidia,NVDA,technical_only,baseline_depth3,test,overall,overall,tech_ma10_ratio,0.08054270595312119,
nvidia,NVDA,technical_only,baseline_depth3,test,overall,overall,tech_ma20_ratio,0.05929543823003769,
nvidia,NVDA,technical_only,baseline_depth3,test,overall,overall,tech_rsi14,0.07894167304039001,
nvidia,NVDA,technical_only,baseline_depth3,test,overall,overall,tech_bb_percent_b,0.07306075096130371,
nvidia,NVDA,technical_only,baseline_depth3,test,overall,overall,tech_bb_width,0.2196335792541504,
nvidia,NVDA,technical_only,baseline_depth3,test,overall,overall,tech_volatility_20d,0.37904784083366394,
nvidia,NVDA,technical_only,baseline_depth3,test,overall,overall,tech_momentum_5d,0.23227287828922272,
nvidia,NVDA,technical_only,baseline_depth3,test,overall,overall,tech_momentum_10d,0.057623300701379776,
nvidia,NVDA,technical_only,baseline_depth3,test,overall,overall,tech_momentum_20d,0.12323948740959167,
nvidia,NVDA,technical_only,baseline_depth3,test,overall,overall,tech_macd_ratio,0.2548898756504059,
nvidia,NVDA,technical_only,baseline_depth3,test,overall,overall,tech_macd_signal_ratio,0.1975797414779663,
nvidia,NVDA,technical_only,baseline_depth3,test,overall,overall,tech_macd_hist_ratio,0.2460031658411026,
nvidia,NVDA,technical_only,baseline_depth3,test,overall,overall,tech_stochastic_k14,0.06800562888383865,
nvidia,NVDA,technical_only,baseline_depth3,test,overall,overall,tech_stochastic_d3,0.12850920855998993,
nvidia,NVDA,technical_only,baseline_depth3,test,overall,overall,tech_atr14_ratio,0.3373606503009796,
nvidia,NVDA,technical_only,baseline_depth3,test,overall,overall,tech_volume_ratio_20d,0.12221977114677429,
nvidia,NVDA,technical_only,baseline_depth3,test,overall,overall,tech_volume_change_1d,0.06049938499927521,
nvidia,NVDA,technical_only,baseline_depth3,test,overall,overall,tech_close_to_20d_high,0.030549941584467888,
nvidia,NVDA,technical_only,baseline_depth3,test,overall,overall,tech_close_to_20d_low,0.08655153959989548,
nvidia,NVDA,technical_only,baseline_depth3,test,overall,overall,tech_intraday_range_ratio,0.09227516502141953,
nvidia,NVDA,technical_only,baseline_depth3,recent_regime,0,down,tech_return_1d,0.05348243936896324,0.0034836125560104847
nvidia,NVDA,technical_only,baseline_depth3,recent_regime,0,down,tech_ma5_ratio,0.13282987475395203,-0.011321241967380047
nvidia,NVDA,technical_only,baseline_depth3,recent_regime,0,down,tech_ma10_ratio,0.07945473492145538,0.017653198912739754
nvidia,NVDA,technical_only,baseline_depth3,recent_regime,0,down,tech_ma20_ratio,0.05558495596051216,0.009675925597548485
nvidia,NVDA,technical_only,baseline_depth3,recent_regime,0,down,tech_rsi14,0.07586099952459335,-0.0047388020902872086
nvidia,NVDA,technical_only,baseline_depth3,recent_regime,0,down,tech_bb_percent_b,0.07142627239227295,-0.0001929431309690699
nvidia,NVDA,technical_only,baseline_depth3,recent_regime,0,down,tech_bb_width,0.22784198820590973,-0.0036044407170265913
nvidia,NVDA,technical_only,baseline_depth3,recent_regime,0,down,tech_volatility_20d,0.43683138489723206,0.09762439131736755
nvidia,NVDA,technical_only,baseline_depth3,recent_regime,0,down,tech_momentum_5d,0.1965322345495224,0.028131425380706787
nvidia,NVDA,technical_only,baseline_depth3,recent_regime,0,down,tech_momentum_10d,0.05439341068267822,-0.00914361234754324
nvidia,NVDA,technical_only,baseline_depth3,recent_regime,0,down,tech_momentum_20d,0.1086108386516571,-0.024528058245778084
nvidia,NVDA,technical_only,baseline_depth3,recent_regime,0,down,tech_macd_ratio,0.1319863200187683,-0.06265224516391754
nvidia,NVDA,technical_only,baseline_depth3,recent_regime,0,down,tech_macd_signal_ratio,0.21580028533935547,-0.06029004603624344
nvidia,NVDA,technical_only,baseline_depth3,recent_regime,0,down,tech_macd_hist_ratio,0.18279312551021576,-0.055873505771160126
nvidia,NVDA,technical_only,baseline_depth3,recent_regime,0,down,tech_stochastic_k14,0.06989506632089615,0.01197050791233778
nvidia,NVDA,technical_only,baseline_depth3,recent_regime,0,down,tech_stochastic_d3,0.1182519793510437,-0.0020167494658380747
nvidia,NVDA,technical_only,baseline_depth3,recent_regime,0,down,tech_atr14_ratio,0.41924551129341125,0.00439617270603776
nvidia,NVDA,technical_only,baseline_depth3,recent_regime,0,down,tech_volume_ratio_20d,0.13753177225589752,-0.018675193190574646
nvidia,NVDA,technical_only,baseline_depth3,recent_regime,0,down,tech_volume_change_1d,0.0422932431101799,0.009862551465630531
nvidia,NVDA,technical_only,baseline_depth3,recent_regime,0,down,tech_close_to_20d_high,0.037401098757982254,0.0019158325158059597
nvidia,NVDA,technical_only,baseline_depth3,recent_regime,0,down,tech_close_to_20d_low,0.08247768878936768,0.01515967957675457
nvidia,NVDA,technical_only,baseline_depth3,recent_regime,0,down,tech_intraday_range_ratio,0.10125969350337982,2.3518646230513696e-06
nvidia,NVDA,technical_only,baseline_depth3,recent_regime,1,up,tech_return_1d,0.05348243936896324,-0.0034836125560104847
nvidia,NVDA,technical_only,baseline_depth3,recent_regime,1,up,tech_ma5_ratio,0.13282987475395203,0.011321241967380047
nvidia,NVDA,technical_only,baseline_depth3,recent_regime,1,up,tech_ma10_ratio,0.07945473492145538,-0.017653198912739754
nvidia,NVDA,technical_only,baseline_depth3,recent_regime,1,up,tech_ma20_ratio,0.05558495596051216,-0.009675925597548485
nvidia,NVDA,technical_only,baseline_depth3,recent_regime,1,up,tech_rsi14,0.07586099952459335,0.0047388020902872086
nvidia,NVDA,technical_only,baseline_depth3,recent_regime,1,up,tech_bb_percent_b,0.07142627239227295,0.0001929431309690699
nvidia,NVDA,technical_only,baseline_depth3,recent_regime,1,up,tech_bb_width,0.22784198820590973,0.0036044407170265913
nvidia,NVDA,technical_only,baseline_depth3,recent_regime,1,up,tech_volatility_20d,0.43683138489723206,-0.09762439131736755
nvidia,NVDA,technical_only,baseline_depth3,recent_regime,1,up,tech_momentum_5d,0.1965322345495224,-0.028131425380706787
nvidia,NVDA,technical_only,baseline_depth3,recent_regime,1,up,tech_momentum_10d,0.05439341068267822,0.00914361234754324
nvidia,NVDA,technical_only,baseline_depth3,recent_regime,1,up,tech_momentum_20d,0.1086108386516571,0.024528058245778084
nvidia,NVDA,technical_only,baseline_depth3,recent_regime,1,up,tech_macd_ratio,0.1319863200187683,0.06265224516391754
nvidia,NVDA,technical_only,baseline_depth3,recent_regime,1,up,tech_macd_signal_ratio,0.21580028533935547,0.06029004603624344
nvidia,NVDA,technical_only,baseline_depth3,recent_regime,1,up,tech_macd_hist_ratio,0.18279312551021576,0.055873505771160126
nvidia,NVDA,technical_only,baseline_depth3,recent_regime,1,up,tech_stochastic_k14,0.06989506632089615,-0.01197050791233778
nvidia,NVDA,technical_only,baseline_depth3,recent_regime,1,up,tech_stochastic_d3,0.1182519793510437,0.0020167494658380747
nvidia,NVDA,technical_only,baseline_depth3,recent_regime,1,up,tech_atr14_ratio,0.41924551129341125,-0.00439617270603776
nvidia,NVDA,technical_only,baseline_depth3,recent_regime,1,up,tech_volume_ratio_20d,0.13753177225589752,0.018675193190574646
nvidia,NVDA,technical_only,baseline_depth3,recent_regime,1,up,tech_volume_change_1d,0.0422932431101799,-0.009862551465630531
nvidia,NVDA,technical_only,baseline_depth3,recent_regime,1,up,tech_close_to_20d_high,0.037401098757982254,-0.0019158325158059597
nvidia,NVDA,technical_only,baseline_depth3,recent_regime,1,up,tech_close_to_20d_low,0.08247768878936768,-0.01515967957675457
nvidia,NVDA,technical_only,baseline_depth3,recent_regime,1,up,tech_intraday_range_ratio,0.10125969350337982,-2.3518646230513696e-06
nvidia,NVDA,technical_only,baseline_depth3,recent_regime,overall,overall,tech_return_1d,0.05348243936896324,
nvidia,NVDA,technical_only,baseline_depth3,recent_regime,overall,overall,tech_ma5_ratio,0.13282987475395203,
nvidia,NVDA,technical_only,baseline_depth3,recent_regime,overall,overall,tech_ma10_ratio,0.07945473492145538,
nvidia,NVDA,technical_only,baseline_depth3,recent_regime,overall,overall,tech_ma20_ratio,0.05558495596051216,
nvidia,NVDA,technical_only,baseline_depth3,recent_regime,overall,overall,tech_rsi14,0.07586099952459335,
nvidia,NVDA,technical_only,baseline_depth3,recent_regime,overall,overall,tech_bb_percent_b,0.07142627239227295,
nvidia,NVDA,technical_only,baseline_depth3,recent_regime,overall,overall,tech_bb_width,0.22784198820590973,
nvidia,NVDA,technical_only,baseline_depth3,recent_regime,overall,overall,tech_volatility_20d,0.43683138489723206,
nvidia,NVDA,technical_only,baseline_depth3,recent_regime,overall,overall,tech_momentum_5d,0.1965322345495224,
nvidia,NVDA,technical_only,baseline_depth3,recent_regime,overall,overall,tech_momentum_10d,0.05439341068267822,
nvidia,NVDA,technical_only,baseline_depth3,recent_regime,overall,overall,tech_momentum_20d,0.1086108386516571,
nvidia,NVDA,technical_only,baseline_depth3,recent_regime,overall,overall,tech_macd_ratio,0.1319863200187683,
nvidia,NVDA,technical_only,baseline_depth3,recent_regime,overall,overall,tech_macd_signal_ratio,0.21580028533935547,
nvidia,NVDA,technical_only,baseline_depth3,recent_regime,overall,overall,tech_macd_hist_ratio,0.18279312551021576,
nvidia,NVDA,technical_only,baseline_depth3,recent_regime,overall,overall,tech_stochastic_k14,0.06989506632089615,
nvidia,NVDA,technical_only,baseline_depth3,recent_regime,overall,overall,tech_stochastic_d3,0.1182519793510437,
nvidia,NVDA,technical_only,baseline_depth3,recent_regime,overall,overall,tech_atr14_ratio,0.41924551129341125,
nvidia,NVDA,technical_only,baseline_depth3,recent_regime,overall,overall,tech_volume_ratio_20d,0.13753177225589752,
nvidia,NVDA,technical_only,baseline_depth3,recent_regime,overall,overall,tech_volume_change_1d,0.0422932431101799,
nvidia,NVDA,technical_only,baseline_depth3,recent_regime,overall,overall,tech_close_to_20d_high,0.037401098757982254,
nvidia,NVDA,technical_only,baseline_depth3,recent_regime,overall,overall,tech_close_to_20d_low,0.08247768878936768,
nvidia,NVDA,technical_only,baseline_depth3,recent_regime,overall,overall,tech_intraday_range_ratio,0.10125969350337982,
samsung_electronics,005930,technical_only,depth3_regularized,test,0,down,tech_return_1d,0.13578464090824127,0.007912283763289452
samsung_electronics,005930,technical_only,depth3_regularized,test,0,down,tech_ma5_ratio,0.19721750915050507,-0.00406635832041502
samsung_electronics,005930,technical_only,depth3_regularized,test,0,down,tech_ma10_ratio,0.06847221404314041,-0.004581511486321688
samsung_electronics,005930,technical_only,depth3_regularized,test,0,down,tech_ma20_ratio,0.11012353748083115,0.014316413551568985
samsung_electronics,005930,technical_only,depth3_regularized,test,0,down,tech_rsi14,0.10842666774988174,-0.002123568905517459
samsung_electronics,005930,technical_only,depth3_regularized,test,0,down,tech_bb_percent_b,0.15202605724334717,0.04310981556773186
samsung_electronics,005930,technical_only,depth3_regularized,test,0,down,tech_bb_width,0.16426336765289307,-0.05050240457057953
samsung_electronics,005930,technical_only,depth3_regularized,test,0,down,tech_volatility_20d,0.2258445769548416,0.11731258034706116
samsung_electronics,005930,technical_only,depth3_regularized,test,0,down,tech_momentum_5d,0.10881357640028,-0.044501010328531265
samsung_electronics,005930,technical_only,depth3_regularized,test,0,down,tech_momentum_10d,0.21306592226028442,-0.07727478444576263
samsung_electronics,005930,technical_only,depth3_regularized,test,0,down,tech_momentum_20d,0.12305300682783127,-0.013993239030241966
samsung_electronics,005930,technical_only,depth3_regularized,test,0,down,tech_macd_ratio,0.1269807666540146,-0.006609683856368065
samsung_electronics,005930,technical_only,depth3_regularized,test,0,down,tech_macd_signal_ratio,0.36740416288375854,-0.22268958389759064
samsung_electronics,005930,technical_only,depth3_regularized,test,0,down,tech_macd_hist_ratio,0.20511475205421448,-0.05822347477078438
samsung_electronics,005930,technical_only,depth3_regularized,test,0,down,tech_stochastic_k14,0.12249951809644699,-0.02443915605545044
samsung_electronics,005930,technical_only,depth3_regularized,test,0,down,tech_stochastic_d3,0.11991271376609802,-0.0026834579184651375
samsung_electronics,005930,technical_only,depth3_regularized,test,0,down,tech_atr14_ratio,0.3960922360420227,-0.0832841619849205
samsung_electronics,005930,technical_only,depth3_regularized,test,0,down,tech_volume_ratio_20d,0.08274014294147491,0.00981106422841549
samsung_electronics,005930,technical_only,depth3_regularized,test,0,down,tech_volume_change_1d,0.0772855132818222,0.0005575337563641369
samsung_electronics,005930,technical_only,depth3_regularized,test,0,down,tech_close_to_20d_high,0.04926558956503868,-0.004305669572204351
samsung_electronics,005930,technical_only,depth3_regularized,test,0,down,tech_close_to_20d_low,0.08116085082292557,0.012439768761396408
samsung_electronics,005930,technical_only,depth3_regularized,test,0,down,tech_intraday_range_ratio,0.1626863181591034,-0.03851468861103058
samsung_electronics,005930,technical_only,depth3_regularized,test,1,up,tech_return_1d,0.13578464090824127,-0.007912283763289452
samsung_electronics,005930,technical_only,depth3_regularized,test,1,up,tech_ma5_ratio,0.19721750915050507,0.00406635832041502
samsung_electronics,005930,technical_only,depth3_regularized,test,1,up,tech_ma10_ratio,0.06847221404314041,0.004581511486321688
samsung_electronics,005930,technical_only,depth3_regularized,test,1,up,tech_ma20_ratio,0.11012353748083115,-0.014316413551568985
samsung_electronics,005930,technical_only,depth3_regularized,test,1,up,tech_rsi14,0.10842666774988174,0.002123568905517459
samsung_electronics,005930,technical_only,depth3_regularized,test,1,up,tech_bb_percent_b,0.15202605724334717,-0.04310981556773186
samsung_electronics,005930,technical_only,depth3_regularized,test,1,up,tech_bb_width,0.16426336765289307,0.05050240457057953
samsung_electronics,005930,technical_only,depth3_regularized,test,1,up,tech_volatility_20d,0.2258445769548416,-0.11731258034706116
samsung_electronics,005930,technical_only,depth3_regularized,test,1,up,tech_momentum_5d,0.10881357640028,0.044501010328531265
samsung_electronics,005930,technical_only,depth3_regularized,test,1,up,tech_momentum_10d,0.21306592226028442,0.07727478444576263
samsung_electronics,005930,technical_only,depth3_regularized,test,1,up,tech_momentum_20d,0.12305300682783127,0.013993239030241966
samsung_electronics,005930,technical_only,depth3_regularized,test,1,up,tech_macd_ratio,0.1269807666540146,0.006609683856368065
samsung_electronics,005930,technical_only,depth3_regularized,test,1,up,tech_macd_signal_ratio,0.36740416288375854,0.22268958389759064
samsung_electronics,005930,technical_only,depth3_regularized,test,1,up,tech_macd_hist_ratio,0.20511475205421448,0.05822347477078438
samsung_electronics,005930,technical_only,depth3_regularized,test,1,up,tech_stochastic_k14,0.12249951809644699,0.02443915605545044
samsung_electronics,005930,technical_only,depth3_regularized,test,1,up,tech_stochastic_d3,0.11991271376609802,0.0026834579184651375
samsung_electronics,005930,technical_only,depth3_regularized,test,1,up,tech_atr14_ratio,0.3960922360420227,0.0832841619849205
samsung_electronics,005930,technical_only,depth3_regularized,test,1,up,tech_volume_ratio_20d,0.08274014294147491,-0.00981106422841549
samsung_electronics,005930,technical_only,depth3_regularized,test,1,up,tech_volume_change_1d,0.0772855132818222,-0.0005575337563641369
samsung_electronics,005930,technical_only,depth3_regularized,test,1,up,tech_close_to_20d_high,0.04926558956503868,0.004305669572204351
samsung_electronics,005930,technical_only,depth3_regularized,test,1,up,tech_close_to_20d_low,0.08116085082292557,-0.012439768761396408
samsung_electronics,005930,technical_only,depth3_regularized,test,1,up,tech_intraday_range_ratio,0.1626863181591034,0.03851468861103058
samsung_electronics,005930,technical_only,depth3_regularized,test,overall,overall,tech_return_1d,0.13578464090824127,
samsung_electronics,005930,technical_only,depth3_regularized,test,overall,overall,tech_ma5_ratio,0.19721750915050507,
samsung_electronics,005930,technical_only,depth3_regularized,test,overall,overall,tech_ma10_ratio,0.06847221404314041,
samsung_electronics,005930,technical_only,depth3_regularized,test,overall,overall,tech_ma20_ratio,0.11012353748083115,
samsung_electronics,005930,technical_only,depth3_regularized,test,overall,overall,tech_rsi14,0.10842666774988174,
samsung_electronics,005930,technical_only,depth3_regularized,test,overall,overall,tech_bb_percent_b,0.15202605724334717,
samsung_electronics,005930,technical_only,depth3_regularized,test,overall,overall,tech_bb_width,0.16426336765289307,
samsung_electronics,005930,technical_only,depth3_regularized,test,overall,overall,tech_volatility_20d,0.2258445769548416,
samsung_electronics,005930,technical_only,depth3_regularized,test,overall,overall,tech_momentum_5d,0.10881357640028,
samsung_electronics,005930,technical_only,depth3_regularized,test,overall,overall,tech_momentum_10d,0.21306592226028442,
samsung_electronics,005930,technical_only,depth3_regularized,test,overall,overall,tech_momentum_20d,0.12305300682783127,
samsung_electronics,005930,technical_only,depth3_regularized,test,overall,overall,tech_macd_ratio,0.1269807666540146,
samsung_electronics,005930,technical_only,depth3_regularized,test,overall,overall,tech_macd_signal_ratio,0.36740416288375854,
samsung_electronics,005930,technical_only,depth3_regularized,test,overall,overall,tech_macd_hist_ratio,0.20511475205421448,
samsung_electronics,005930,technical_only,depth3_regularized,test,overall,overall,tech_stochastic_k14,0.12249951809644699,
samsung_electronics,005930,technical_only,depth3_regularized,test,overall,overall,tech_stochastic_d3,0.11991271376609802,
samsung_electronics,005930,technical_only,depth3_regularized,test,overall,overall,tech_atr14_ratio,0.3960922360420227,
samsung_electronics,005930,technical_only,depth3_regularized,test,overall,overall,tech_volume_ratio_20d,0.08274014294147491,
samsung_electronics,005930,technical_only,depth3_regularized,test,overall,overall,tech_volume_change_1d,0.0772855132818222,
samsung_electronics,005930,technical_only,depth3_regularized,test,overall,overall,tech_close_to_20d_high,0.04926558956503868,
samsung_electronics,005930,technical_only,depth3_regularized,test,overall,overall,tech_close_to_20d_low,0.08116085082292557,
samsung_electronics,005930,technical_only,depth3_regularized,test,overall,overall,tech_intraday_range_ratio,0.1626863181591034,
samsung_electronics,005930,technical_only,depth3_regularized,recent_regime,0,down,tech_return_1d,0.1264512985944748,0.021026931703090668
samsung_electronics,005930,technical_only,depth3_regularized,recent_regime,0,down,tech_ma5_ratio,0.22480341792106628,0.09124943614006042
samsung_electronics,005930,technical_only,depth3_regularized,recent_regime,0,down,tech_ma10_ratio,0.05832868814468384,-0.021899398416280746
samsung_electronics,005930,technical_only,depth3_regularized,recent_regime,0,down,tech_ma20_ratio,0.14177216589450836,-0.0884934514760971
samsung_electronics,005930,technical_only,depth3_regularized,recent_regime,0,down,tech_rsi14,0.09891042113304138,0.038113124668598175
samsung_electronics,005930,technical_only,depth3_regularized,recent_regime,0,down,tech_bb_percent_b,0.1955975443124771,-0.09697642177343369
samsung_electronics,005930,technical_only,depth3_regularized,recent_regime,0,down,tech_bb_width,0.11179869621992111,-0.0278660599142313
samsung_electronics,005930,technical_only,depth3_regularized,recent_regime,0,down,tech_volatility_20d,0.25180190801620483,0.16014815866947174
samsung_electronics,005930,technical_only,depth3_regularized,recent_regime,0,down,tech_momentum_5d,0.07361198216676712,-0.015118319541215897
samsung_electronics,005930,technical_only,depth3_regularized,recent_regime,0,down,tech_momentum_10d,0.3597269058227539,0.16641481220722198
samsung_electronics,005930,technical_only,depth3_regularized,recent_regime,0,down,tech_momentum_20d,0.19687628746032715,-0.15939104557037354
samsung_electronics,005930,technical_only,depth3_regularized,recent_regime,0,down,tech_macd_ratio,0.11162731051445007,0.05407130718231201
samsung_electronics,005930,technical_only,depth3_regularized,recent_regime,0,down,tech_macd_signal_ratio,0.12100375443696976,0.044976603239774704
samsung_electronics,005930,technical_only,depth3_regularized,recent_regime,0,down,tech_macd_hist_ratio,0.1792570948600769,-0.04456261917948723
samsung_electronics,005930,technical_only,depth3_regularized,recent_regime,0,down,tech_stochastic_k14,0.09492596983909607,0.03209468349814415
samsung_electronics,005930,technical_only,depth3_regularized,recent_regime,0,down,tech_stochastic_d3,0.1195993646979332,0.06608912348747253
samsung_electronics,005930,technical_only,depth3_regularized,recent_regime,0,down,tech_atr14_ratio,0.3574252724647522,0.11906071752309799
samsung_electronics,005930,technical_only,depth3_regularized,recent_regime,0,down,tech_volume_ratio_20d,0.050570059567689896,-0.009851885959506035
samsung_electronics,005930,technical_only,depth3_regularized,recent_regime,0,down,tech_volume_change_1d,0.06760485470294952,-0.0021165800280869007
samsung_electronics,005930,technical_only,depth3_regularized,recent_regime,0,down,tech_close_to_20d_high,0.04673488810658455,-0.008366172201931477
samsung_electronics,005930,technical_only,depth3_regularized,recent_regime,0,down,tech_close_to_20d_low,0.20006895065307617,-0.13870765268802643
samsung_electronics,005930,technical_only,depth3_regularized,recent_regime,0,down,tech_intraday_range_ratio,0.13720695674419403,-0.05592922866344452
samsung_electronics,005930,technical_only,depth3_regularized,recent_regime,1,up,tech_return_1d,0.1264512985944748,-0.021026931703090668
samsung_electronics,005930,technical_only,depth3_regularized,recent_regime,1,up,tech_ma5_ratio,0.22480341792106628,-0.09124943614006042
samsung_electronics,005930,technical_only,depth3_regularized,recent_regime,1,up,tech_ma10_ratio,0.05832868814468384,0.021899398416280746
samsung_electronics,005930,technical_only,depth3_regularized,recent_regime,1,up,tech_ma20_ratio,0.14177216589450836,0.0884934514760971
samsung_electronics,005930,technical_only,depth3_regularized,recent_regime,1,up,tech_rsi14,0.09891042113304138,-0.038113124668598175
samsung_electronics,005930,technical_only,depth3_regularized,recent_regime,1,up,tech_bb_percent_b,0.1955975443124771,0.09697642177343369
samsung_electronics,005930,technical_only,depth3_regularized,recent_regime,1,up,tech_bb_width,0.11179869621992111,0.0278660599142313
samsung_electronics,005930,technical_only,depth3_regularized,recent_regime,1,up,tech_volatility_20d,0.25180190801620483,-0.16014815866947174
samsung_electronics,005930,technical_only,depth3_regularized,recent_regime,1,up,tech_momentum_5d,0.07361198216676712,0.015118319541215897
samsung_electronics,005930,technical_only,depth3_regularized,recent_regime,1,up,tech_momentum_10d,0.3597269058227539,-0.16641481220722198
samsung_electronics,005930,technical_only,depth3_regularized,recent_regime,1,up,tech_momentum_20d,0.19687628746032715,0.15939104557037354
samsung_electronics,005930,technical_only,depth3_regularized,recent_regime,1,up,tech_macd_ratio,0.11162731051445007,-0.05407130718231201
samsung_electronics,005930,technical_only,depth3_regularized,recent_regime,1,up,tech_macd_signal_ratio,0.12100375443696976,-0.044976603239774704
samsung_electronics,005930,technical_only,depth3_regularized,recent_regime,1,up,tech_macd_hist_ratio,0.1792570948600769,0.04456261917948723
samsung_electronics,005930,technical_only,depth3_regularized,recent_regime,1,up,tech_stochastic_k14,0.09492596983909607,-0.03209468349814415
samsung_electronics,005930,technical_only,depth3_regularized,recent_regime,1,up,tech_stochastic_d3,0.1195993646979332,-0.06608912348747253
samsung_electronics,005930,technical_only,depth3_regularized,recent_regime,1,up,tech_atr14_ratio,0.3574252724647522,-0.11906071752309799
samsung_electronics,005930,technical_only,depth3_regularized,recent_regime,1,up,tech_volume_ratio_20d,0.050570059567689896,0.009851885959506035
samsung_electronics,005930,technical_only,depth3_regularized,recent_regime,1,up,tech_volume_change_1d,0.06760485470294952,0.0021165800280869007
samsung_electronics,005930,technical_only,depth3_regularized,recent_regime,1,up,tech_close_to_20d_high,0.04673488810658455,0.008366172201931477
samsung_electronics,005930,technical_only,depth3_regularized,recent_regime,1,up,tech_close_to_20d_low,0.20006895065307617,0.13870765268802643
samsung_electronics,005930,technical_only,depth3_regularized,recent_regime,1,up,tech_intraday_range_ratio,0.13720695674419403,0.05592922866344452
samsung_electronics,005930,technical_only,depth3_regularized,recent_regime,overall,overall,tech_return_1d,0.1264512985944748,
samsung_electronics,005930,technical_only,depth3_regularized,recent_regime,overall,overall,tech_ma5_ratio,0.22480341792106628,
samsung_electronics,005930,technical_only,depth3_regularized,recent_regime,overall,overall,tech_ma10_ratio,0.05832868814468384,
samsung_electronics,005930,technical_only,depth3_regularized,recent_regime,overall,overall,tech_ma20_ratio,0.14177216589450836,
samsung_electronics,005930,technical_only,depth3_regularized,recent_regime,overall,overall,tech_rsi14,0.09891042113304138,
samsung_electronics,005930,technical_only,depth3_regularized,recent_regime,overall,overall,tech_bb_percent_b,0.1955975443124771,
samsung_electronics,005930,technical_only,depth3_regularized,recent_regime,overall,overall,tech_bb_width,0.11179869621992111,
samsung_electronics,005930,technical_only,depth3_regularized,recent_regime,overall,overall,tech_volatility_20d,0.25180190801620483,
samsung_electronics,005930,technical_only,depth3_regularized,recent_regime,overall,overall,tech_momentum_5d,0.07361198216676712,
samsung_electronics,005930,technical_only,depth3_regularized,recent_regime,overall,overall,tech_momentum_10d,0.3597269058227539,
samsung_electronics,005930,technical_only,depth3_regularized,recent_regime,overall,overall,tech_momentum_20d,0.19687628746032715,
samsung_electronics,005930,technical_only,depth3_regularized,recent_regime,overall,overall,tech_macd_ratio,0.11162731051445007,
samsung_electronics,005930,technical_only,depth3_regularized,recent_regime,overall,overall,tech_macd_signal_ratio,0.12100375443696976,
samsung_electronics,005930,technical_only,depth3_regularized,recent_regime,overall,overall,tech_macd_hist_ratio,0.1792570948600769,
samsung_electronics,005930,technical_only,depth3_regularized,recent_regime,overall,overall,tech_stochastic_k14,0.09492596983909607,
samsung_electronics,005930,technical_only,depth3_regularized,recent_regime,overall,overall,tech_stochastic_d3,0.1195993646979332,
samsung_electronics,005930,technical_only,depth3_regularized,recent_regime,overall,overall,tech_atr14_ratio,0.3574252724647522,
samsung_electronics,005930,technical_only,depth3_regularized,recent_regime,overall,overall,tech_volume_ratio_20d,0.050570059567689896,
samsung_electronics,005930,technical_only,depth3_regularized,recent_regime,overall,overall,tech_volume_change_1d,0.06760485470294952,
samsung_electronics,005930,technical_only,depth3_regularized,recent_regime,overall,overall,tech_close_to_20d_high,0.04673488810658455,
samsung_electronics,005930,technical_only,depth3_regularized,recent_regime,overall,overall,tech_close_to_20d_low,0.20006895065307617,
samsung_electronics,005930,technical_only,depth3_regularized,recent_regime,overall,overall,tech_intraday_range_ratio,0.13720695674419403,
sk_hynix,000660,technical_only,shallow_regularized,test,0,down,tech_return_1d,0.0942024290561676,-0.023214882239699364
sk_hynix,000660,technical_only,shallow_regularized,test,0,down,tech_ma5_ratio,0.17866620421409607,-0.006520242430269718
sk_hynix,000660,technical_only,shallow_regularized,test,0,down,tech_ma10_ratio,0.08019627630710602,-0.021597344428300858
sk_hynix,000660,technical_only,shallow_regularized,test,0,down,tech_ma20_ratio,0.09807071834802628,0.013408910483121872
sk_hynix,000660,technical_only,shallow_regularized,test,0,down,tech_rsi14,0.056094106286764145,0.007762911729514599
sk_hynix,000660,technical_only,shallow_regularized,test,0,down,tech_bb_percent_b,0.030144279822707176,0.003105924231931567
sk_hynix,000660,technical_only,shallow_regularized,test,0,down,tech_bb_width,0.20346234738826752,0.08689019083976746
sk_hynix,000660,technical_only,shallow_regularized,test,0,down,tech_volatility_20d,0.10390795767307281,-0.06882157921791077
sk_hynix,000660,technical_only,shallow_regularized,test,0,down,tech_momentum_5d,0.06770022213459015,-0.02471923641860485
sk_hynix,000660,technical_only,shallow_regularized,test,0,down,tech_momentum_10d,0.08587567508220673,0.029987836256623268
sk_hynix,000660,technical_only,shallow_regularized,test,0,down,tech_momentum_20d,0.14048416912555695,-0.010896594263613224
sk_hynix,000660,technical_only,shallow_regularized,test,0,down,tech_macd_ratio,0.08704822510480881,0.03129466995596886
sk_hynix,000660,technical_only,shallow_regularized,test,0,down,tech_macd_signal_ratio,0.35698404908180237,-0.13207146525382996
sk_hynix,000660,technical_only,shallow_regularized,test,0,down,tech_macd_hist_ratio,0.11588210612535477,0.015341862104833126
sk_hynix,000660,technical_only,shallow_regularized,test,0,down,tech_stochastic_k14,0.08867079764604568,-0.010751492343842983
sk_hynix,000660,technical_only,shallow_regularized,test,0,down,tech_stochastic_d3,0.13963034749031067,-0.002399560995399952
sk_hynix,000660,technical_only,shallow_regularized,test,0,down,tech_atr14_ratio,0.18451806902885437,-0.02059735171496868
sk_hynix,000660,technical_only,shallow_regularized,test,0,down,tech_volume_ratio_20d,0.04420935735106468,0.0016793686663731933
sk_hynix,000660,technical_only,shallow_regularized,test,0,down,tech_volume_change_1d,0.02654600888490677,-0.00297375931404531
sk_hynix,000660,technical_only,shallow_regularized,test,0,down,tech_close_to_20d_high,0.02908010594546795,-0.006387511733919382
sk_hynix,000660,technical_only,shallow_regularized,test,0,down,tech_close_to_20d_low,0.08072169870138168,-0.01757257618010044
sk_hynix,000660,technical_only,shallow_regularized,test,0,down,tech_intraday_range_ratio,0.10451363027095795,-0.056975994259119034
sk_hynix,000660,technical_only,shallow_regularized,test,1,up,tech_return_1d,0.0942024290561676,0.023214882239699364
sk_hynix,000660,technical_only,shallow_regularized,test,1,up,tech_ma5_ratio,0.17866620421409607,0.006520242430269718
sk_hynix,000660,technical_only,shallow_regularized,test,1,up,tech_ma10_ratio,0.08019627630710602,0.021597344428300858
sk_hynix,000660,technical_only,shallow_regularized,test,1,up,tech_ma20_ratio,0.09807071834802628,-0.013408910483121872
sk_hynix,000660,technical_only,shallow_regularized,test,1,up,tech_rsi14,0.056094106286764145,-0.007762911729514599
sk_hynix,000660,technical_only,shallow_regularized,test,1,up,tech_bb_percent_b,0.030144279822707176,-0.003105924231931567
sk_hynix,000660,technical_only,shallow_regularized,test,1,up,tech_bb_width,0.20346234738826752,-0.08689019083976746
sk_hynix,000660,technical_only,shallow_regularized,test,1,up,tech_volatility_20d,0.10390795767307281,0.06882157921791077
sk_hynix,000660,technical_only,shallow_regularized,test,1,up,tech_momentum_5d,0.06770022213459015,0.02471923641860485
sk_hynix,000660,technical_only,shallow_regularized,test,1,up,tech_momentum_10d,0.08587567508220673,-0.029987836256623268
sk_hynix,000660,technical_only,shallow_regularized,test,1,up,tech_momentum_20d,0.14048416912555695,0.010896594263613224
sk_hynix,000660,technical_only,shallow_regularized,test,1,up,tech_macd_ratio,0.08704822510480881,-0.03129466995596886
sk_hynix,000660,technical_only,shallow_regularized,test,1,up,tech_macd_signal_ratio,0.35698404908180237,0.13207146525382996
sk_hynix,000660,technical_only,shallow_regularized,test,1,up,tech_macd_hist_ratio,0.11588210612535477,-0.015341862104833126
sk_hynix,000660,technical_only,shallow_regularized,test,1,up,tech_stochastic_k14,0.08867079764604568,0.010751492343842983
sk_hynix,000660,technical_only,shallow_regularized,test,1,up,tech_stochastic_d3,0.13963034749031067,0.002399560995399952
sk_hynix,000660,technical_only,shallow_regularized,test,1,up,tech_atr14_ratio,0.18451806902885437,0.02059735171496868
sk_hynix,000660,technical_only,shallow_regularized,test,1,up,tech_volume_ratio_20d,0.04420935735106468,-0.0016793686663731933
sk_hynix,000660,technical_only,shallow_regularized,test,1,up,tech_volume_change_1d,0.02654600888490677,0.00297375931404531
sk_hynix,000660,technical_only,shallow_regularized,test,1,up,tech_close_to_20d_high,0.02908010594546795,0.006387511733919382
sk_hynix,000660,technical_only,shallow_regularized,test,1,up,tech_close_to_20d_low,0.08072169870138168,0.01757257618010044
sk_hynix,000660,technical_only,shallow_regularized,test,1,up,tech_intraday_range_ratio,0.10451363027095795,0.056975994259119034
sk_hynix,000660,technical_only,shallow_regularized,test,overall,overall,tech_return_1d,0.0942024290561676,
sk_hynix,000660,technical_only,shallow_regularized,test,overall,overall,tech_ma5_ratio,0.17866620421409607,
sk_hynix,000660,technical_only,shallow_regularized,test,overall,overall,tech_ma10_ratio,0.08019627630710602,
sk_hynix,000660,technical_only,shallow_regularized,test,overall,overall,tech_ma20_ratio,0.09807071834802628,
sk_hynix,000660,technical_only,shallow_regularized,test,overall,overall,tech_rsi14,0.056094106286764145,
sk_hynix,000660,technical_only,shallow_regularized,test,overall,overall,tech_bb_percent_b,0.030144279822707176,
sk_hynix,000660,technical_only,shallow_regularized,test,overall,overall,tech_bb_width,0.20346234738826752,
sk_hynix,000660,technical_only,shallow_regularized,test,overall,overall,tech_volatility_20d,0.10390795767307281,
sk_hynix,000660,technical_only,shallow_regularized,test,overall,overall,tech_momentum_5d,0.06770022213459015,
sk_hynix,000660,technical_only,shallow_regularized,test,overall,overall,tech_momentum_10d,0.08587567508220673,
sk_hynix,000660,technical_only,shallow_regularized,test,overall,overall,tech_momentum_20d,0.14048416912555695,
sk_hynix,000660,technical_only,shallow_regularized,test,overall,overall,tech_macd_ratio,0.08704822510480881,
sk_hynix,000660,technical_only,shallow_regularized,test,overall,overall,tech_macd_signal_ratio,0.35698404908180237,
sk_hynix,000660,technical_only,shallow_regularized,test,overall,overall,tech_macd_hist_ratio,0.11588210612535477,
sk_hynix,000660,technical_only,shallow_regularized,test,overall,overall,tech_stochastic_k14,0.08867079764604568,
sk_hynix,000660,technical_only,shallow_regularized,test,overall,overall,tech_stochastic_d3,0.13963034749031067,
sk_hynix,000660,technical_only,shallow_regularized,test,overall,overall,tech_atr14_ratio,0.18451806902885437,
sk_hynix,000660,technical_only,shallow_regularized,test,overall,overall,tech_volume_ratio_20d,0.04420935735106468,
sk_hynix,000660,technical_only,shallow_regularized,test,overall,overall,tech_volume_change_1d,0.02654600888490677,
sk_hynix,000660,technical_only,shallow_regularized,test,overall,overall,tech_close_to_20d_high,0.02908010594546795,
sk_hynix,000660,technical_only,shallow_regularized,test,overall,overall,tech_close_to_20d_low,0.08072169870138168,
sk_hynix,000660,technical_only,shallow_regularized,test,overall,overall,tech_intraday_range_ratio,0.10451363027095795,
sk_hynix,000660,technical_only,shallow_regularized,recent_regime,0,down,tech_return_1d,0.08363385498523712,-0.007137390784919262
sk_hynix,000660,technical_only,shallow_regularized,recent_regime,0,down,tech_ma5_ratio,0.1823078840970993,0.056043267250061035
sk_hynix,000660,technical_only,shallow_regularized,recent_regime,0,down,tech_ma10_ratio,0.10003390908241272,0.03021213412284851
sk_hynix,000660,technical_only,shallow_regularized,recent_regime,0,down,tech_ma20_ratio,0.11252512782812119,0.04454232007265091
sk_hynix,000660,technical_only,shallow_regularized,recent_regime,0,down,tech_rsi14,0.06340537220239639,0.05707520619034767
sk_hynix,000660,technical_only,shallow_regularized,recent_regime,0,down,tech_bb_percent_b,0.040833961218595505,0.012605808675289154
sk_hynix,000660,technical_only,shallow_regularized,recent_regime,0,down,tech_bb_width,0.11583143472671509,0.0980910062789917
sk_hynix,000660,technical_only,shallow_regularized,recent_regime,0,down,tech_volatility_20d,0.09005020558834076,-0.08459161221981049
sk_hynix,000660,technical_only,shallow_regularized,recent_regime,0,down,tech_momentum_5d,0.06658995151519775,0.0005224631167948246
sk_hynix,000660,technical_only,shallow_regularized,recent_regime,0,down,tech_momentum_10d,0.15758812427520752,0.11666488647460938
sk_hynix,000660,technical_only,shallow_regularized,recent_regime,0,down,tech_momentum_20d,0.3784031271934509,-0.3197799324989319
sk_hynix,000660,technical_only,shallow_regularized,recent_regime,0,down,tech_macd_ratio,0.07590562850236893,0.04409873113036156
sk_hynix,000660,technical_only,shallow_regularized,recent_regime,0,down,tech_macd_signal_ratio,0.16325104236602783,-0.04931819438934326
sk_hynix,000660,technical_only,shallow_regularized,recent_regime,0,down,tech_macd_hist_ratio,0.09740106761455536,-0.0039269523695111275
sk_hynix,000660,technical_only,shallow_regularized,recent_regime,0,down,tech_stochastic_k14,0.101056307554245,-0.030033843591809273
sk_hynix,000660,technical_only,shallow_regularized,recent_regime,0,down,tech_stochastic_d3,0.1358432173728943,-0.033945173025131226
sk_hynix,000660,technical_only,shallow_regularized,recent_regime,0,down,tech_atr14_ratio,0.17366240918636322,0.004305126611143351
sk_hynix,000660,technical_only,shallow_regularized,recent_regime,0,down,tech_volume_ratio_20d,0.04663519933819771,-0.00558660551905632
sk_hynix,000660,technical_only,shallow_regularized,recent_regime,0,down,tech_volume_change_1d,0.02443659119307995,-0.0050247046165168285
sk_hynix,000660,technical_only,shallow_regularized,recent_regime,0,down,tech_close_to_20d_high,0.03385196626186371,0.0019001980544999242
sk_hynix,000660,technical_only,shallow_regularized,recent_regime,0,down,tech_close_to_20d_low,0.07704135775566101,-0.04115748405456543
sk_hynix,000660,technical_only,shallow_regularized,recent_regime,0,down,tech_intraday_range_ratio,0.13190403580665588,-0.08923856914043427
sk_hynix,000660,technical_only,shallow_regularized,recent_regime,1,up,tech_return_1d,0.08363385498523712,0.007137390784919262
sk_hynix,000660,technical_only,shallow_regularized,recent_regime,1,up,tech_ma5_ratio,0.1823078840970993,-0.056043267250061035
sk_hynix,000660,technical_only,shallow_regularized,recent_regime,1,up,tech_ma10_ratio,0.10003390908241272,-0.03021213412284851
sk_hynix,000660,technical_only,shallow_regularized,recent_regime,1,up,tech_ma20_ratio,0.11252512782812119,-0.04454232007265091
sk_hynix,000660,technical_only,shallow_regularized,recent_regime,1,up,tech_rsi14,0.06340537220239639,-0.05707520619034767
sk_hynix,000660,technical_only,shallow_regularized,recent_regime,1,up,tech_bb_percent_b,0.040833961218595505,-0.012605808675289154
sk_hynix,000660,technical_only,shallow_regularized,recent_regime,1,up,tech_bb_width,0.11583143472671509,-0.0980910062789917
sk_hynix,000660,technical_only,shallow_regularized,recent_regime,1,up,tech_volatility_20d,0.09005020558834076,0.08459161221981049
sk_hynix,000660,technical_only,shallow_regularized,recent_regime,1,up,tech_momentum_5d,0.06658995151519775,-0.0005224631167948246
sk_hynix,000660,technical_only,shallow_regularized,recent_regime,1,up,tech_momentum_10d,0.15758812427520752,-0.11666488647460938
sk_hynix,000660,technical_only,shallow_regularized,recent_regime,1,up,tech_momentum_20d,0.3784031271934509,0.3197799324989319
sk_hynix,000660,technical_only,shallow_regularized,recent_regime,1,up,tech_macd_ratio,0.07590562850236893,-0.04409873113036156
sk_hynix,000660,technical_only,shallow_regularized,recent_regime,1,up,tech_macd_signal_ratio,0.16325104236602783,0.04931819438934326
sk_hynix,000660,technical_only,shallow_regularized,recent_regime,1,up,tech_macd_hist_ratio,0.09740106761455536,0.0039269523695111275
sk_hynix,000660,technical_only,shallow_regularized,recent_regime,1,up,tech_stochastic_k14,0.101056307554245,0.030033843591809273
sk_hynix,000660,technical_only,shallow_regularized,recent_regime,1,up,tech_stochastic_d3,0.1358432173728943,0.033945173025131226
sk_hynix,000660,technical_only,shallow_regularized,recent_regime,1,up,tech_atr14_ratio,0.17366240918636322,-0.004305126611143351
sk_hynix,000660,technical_only,shallow_regularized,recent_regime,1,up,tech_volume_ratio_20d,0.04663519933819771,0.00558660551905632
sk_hynix,000660,technical_only,shallow_regularized,recent_regime,1,up,tech_volume_change_1d,0.02443659119307995,0.0050247046165168285
sk_hynix,000660,technical_only,shallow_regularized,recent_regime,1,up,tech_close_to_20d_high,0.03385196626186371,-0.0019001980544999242
sk_hynix,000660,technical_only,shallow_regularized,recent_regime,1,up,tech_close_to_20d_low,0.07704135775566101,0.04115748405456543
sk_hynix,000660,technical_only,shallow_regularized,recent_regime,1,up,tech_intraday_range_ratio,0.13190403580665588,0.08923856914043427
sk_hynix,000660,technical_only,shallow_regularized,recent_regime,overall,overall,tech_return_1d,0.08363385498523712,
sk_hynix,000660,technical_only,shallow_regularized,recent_regime,overall,overall,tech_ma5_ratio,0.1823078840970993,
sk_hynix,000660,technical_only,shallow_regularized,recent_regime,overall,overall,tech_ma10_ratio,0.10003390908241272,
sk_hynix,000660,technical_only,shallow_regularized,recent_regime,overall,overall,tech_ma20_ratio,0.11252512782812119,
sk_hynix,000660,technical_only,shallow_regularized,recent_regime,overall,overall,tech_rsi14,0.06340537220239639,
sk_hynix,000660,technical_only,shallow_regularized,recent_regime,overall,overall,tech_bb_percent_b,0.040833961218595505,
sk_hynix,000660,technical_only,shallow_regularized,recent_regime,overall,overall,tech_bb_width,0.11583143472671509,
sk_hynix,000660,technical_only,shallow_regularized,recent_regime,overall,overall,tech_volatility_20d,0.09005020558834076,
sk_hynix,000660,technical_only,shallow_regularized,recent_regime,overall,overall,tech_momentum_5d,0.06658995151519775,
sk_hynix,000660,technical_only,shallow_regularized,recent_regime,overall,overall,tech_momentum_10d,0.15758812427520752,
sk_hynix,000660,technical_only,shallow_regularized,recent_regime,overall,overall,tech_momentum_20d,0.3784031271934509,
sk_hynix,000660,technical_only,shallow_regularized,recent_regime,overall,overall,tech_macd_ratio,0.07590562850236893,
sk_hynix,000660,technical_only,shallow_regularized,recent_regime,overall,overall,tech_macd_signal_ratio,0.16325104236602783,
sk_hynix,000660,technical_only,shallow_regularized,recent_regime,overall,overall,tech_macd_hist_ratio,0.09740106761455536,
sk_hynix,000660,technical_only,shallow_regularized,recent_regime,overall,overall,tech_stochastic_k14,0.101056307554245,
sk_hynix,000660,technical_only,shallow_regularized,recent_regime,overall,overall,tech_stochastic_d3,0.1358432173728943,
sk_hynix,000660,technical_only,shallow_regularized,recent_regime,overall,overall,tech_atr14_ratio,0.17366240918636322,
sk_hynix,000660,technical_only,shallow_regularized,recent_regime,overall,overall,tech_volume_ratio_20d,0.04663519933819771,
sk_hynix,000660,technical_only,shallow_regularized,recent_regime,overall,overall,tech_volume_change_1d,0.02443659119307995,
sk_hynix,000660,technical_only,shallow_regularized,recent_regime,overall,overall,tech_close_to_20d_high,0.03385196626186371,
sk_hynix,000660,technical_only,shallow_regularized,recent_regime,overall,overall,tech_close_to_20d_low,0.07704135775566101,
sk_hynix,000660,technical_only,shallow_regularized,recent_regime,overall,overall,tech_intraday_range_ratio,0.13190403580665588,
