name,ticker,recipe,params,split,date,true_label,predicted_label,explained_class_name,prediction_probability,future_5d_return,base_value,rank,feature,shap_value,feature_value
nvidia,NVDA,technical_only,baseline_depth3,test,2024-03-07,0,0,down,0.958458423614502,-0.0509879090038118,0.007830599322915077,1,tech_momentum_5d,1.2271649837493896,0.17136463861635542
nvidia,NVDA,technical_only,baseline_depth3,test,2024-03-07,0,0,down,0.958458423614502,-0.0509879090038118,0.007830599322915077,2,tech_ma5_ratio,0.5441803336143494,0.06553079979767884
nvidia,NVDA,technical_only,baseline_depth3,test,2024-03-07,0,0,down,0.958458423614502,-0.0509879090038118,0.007830599322915077,3,tech_bb_width,0.5247517228126526,0.35384119881976034
nvidia,NVDA,technical_only,baseline_depth3,test,2024-03-07,0,0,down,0.958458423614502,-0.0509879090038118,0.007830599322915077,4,tech_macd_ratio,0.4522401988506317,0.07062314243797557
nvidia,NVDA,technical_only,baseline_depth3,test,2024-03-07,0,0,down,0.958458423614502,-0.0509879090038118,0.007830599322915077,5,tech_atr14_ratio,-0.39267799258232117,0.041326815783233044
nvidia,NVDA,technical_only,baseline_depth3,test,2024-03-07,0,0,down,0.958458423614502,-0.0509879090038118,0.007830599322915077,6,tech_volatility_20d,0.3885892629623413,0.04228164381966363
nvidia,NVDA,technical_only,baseline_depth3,test,2024-03-07,0,0,down,0.958458423614502,-0.0509879090038118,0.007830599322915077,7,tech_macd_signal_ratio,0.24932652711868286,0.05949509353917394
nvidia,NVDA,technical_only,baseline_depth3,test,2024-03-07,0,0,down,0.958458423614502,-0.0509879090038118,0.007830599322915077,8,tech_stochastic_d3,0.2463623434305191,0.9573249065290611
nvidia,NVDA,technical_only,baseline_depth3,test,2024-03-07,0,0,down,0.958458423614502,-0.0509879090038118,0.007830599322915077,9,tech_stochastic_k14,0.19201257824897766,0.9963045520898485
nvidia,NVDA,technical_only,baseline_depth3,test,2024-03-07,0,0,down,0.958458423614502,-0.0509879090038118,0.007830599322915077,10,tech_return_1d,0.19114261865615845,0.04474635745856337
nvidia,NVDA,technical_only,baseline_depth3,test,2024-03-07,0,0,down,0.958458423614502,-0.0509879090038118,0.007830599322915077,11,tech_momentum_20d,-0.18603388965129852,0.321973209450223
nvidia,NVDA,technical_only,baseline_depth3,test,2024-03-07,0,0,down,0.958458423614502,-0.0509879090038118,0.007830599322915077,12,tech_intraday_range_ratio,0.16204270720481873,0.034153826622749905
nvidia,NVDA,technical_only,baseline_depth3,test,2024-12-05,0,1,up,0.8688749670982361,-0.0532193668180974,-0.007830599322915077,1,tech_atr14_ratio,0.511085569858551,0.03653660465474972
nvidia,NVDA,technical_only,baseline_depth3,test,2024-12-05,0,1,up,0.8688749670982361,-0.0532193668180974,-0.007830599322915077,2,tech_intraday_range_ratio,0.4755741059780121,0.017854655876748195
nvidia,NVDA,technical_only,baseline_depth3,test,2024-12-05,0,1,up,0.8688749670982361,-0.0532193668180974,-0.007830599322915077,3,tech_volatility_20d,0.42643457651138306,0.02288468470208111
nvidia,NVDA,technical_only,baseline_depth3,test,2024-12-05,0,1,up,0.8688749670982361,-0.0532193668180974,-0.007830599322915077,4,tech_bb_width,0.23051780462265015,0.12236112642244545
nvidia,NVDA,technical_only,baseline_depth3,test,2024-12-05,0,1,up,0.8688749670982361,-0.0532193668180974,-0.007830599322915077,5,tech_ma5_ratio,0.10859985649585724,0.02539088917361143
nvidia,NVDA,technical_only,baseline_depth3,test,2024-12-05,0,1,up,0.8688749670982361,-0.0532193668180974,-0.007830599322915077,6,tech_macd_hist_ratio,0.09782666712999344,-0.0018636207101350578
nvidia,NVDA,technical_only,baseline_depth3,test,2024-12-05,0,1,up,0.8688749670982361,-0.0532193668180974,-0.007830599322915077,7,tech_macd_ratio,0.0881880447268486,0.006365133310947876
nvidia,NVDA,technical_only,baseline_depth3,test,2024-12-05,0,1,up,0.8688749670982361,-0.0532193668180974,-0.007830599322915077,8,tech_stochastic_k14,0.0733700767159462,0.628733845866669
nvidia,NVDA,technical_only,baseline_depth3,test,2024-12-05,0,1,up,0.8688749670982361,-0.0532193668180974,-0.007830599322915077,9,tech_bb_percent_b,-0.06018558517098427,0.6108948285112981
nvidia,NVDA,technical_only,baseline_depth3,test,2024-12-05,0,1,up,0.8688749670982361,-0.0532193668180974,-0.007830599322915077,10,tech_ma20_ratio,-0.053094152361154556,0.01356921613106632
nvidia,NVDA,technical_only,baseline_depth3,test,2024-12-05,0,1,up,0.8688749670982361,-0.0532193668180974,-0.007830599322915077,11,tech_ma10_ratio,0.052729032933712006,0.0330142893479517
nvidia,NVDA,technical_only,baseline_depth3,test,2024-12-05,0,1,up,0.8688749670982361,-0.0532193668180974,-0.007830599322915077,12,tech_stochastic_d3,0.04755612835288048,0.5541328969130794
samsung_electronics,005930,technical_only,depth3_regularized,test,2024-03-04,0,0,down,0.9593523144721985,-0.0333778371161548,-0.0007680380949750543,1,tech_atr14_ratio,1.2386982440948486,0.015353805073431242
samsung_electronics,005930,technical_only,depth3_regularized,test,2024-03-04,0,0,down,0.9593523144721985,-0.0333778371161548,-0.0007680380949750543,2,tech_bb_width,0.6889820098876953,0.045635591139369755
samsung_electronics,005930,technical_only,depth3_regularized,test,2024-03-04,0,0,down,0.9593523144721985,-0.0333778371161548,-0.0007680380949750543,3,tech_macd_ratio,0.3366200923919678,-0.0017978769552781874
samsung_electronics,005930,technical_only,depth3_regularized,test,2024-03-04,0,0,down,0.9593523144721985,-0.0333778371161548,-0.0007680380949750543,4,tech_stochastic_k14,0.25007790327072144,0.90625
samsung_electronics,005930,technical_only,depth3_regularized,test,2024-03-04,0,0,down,0.9593523144721985,-0.0333778371161548,-0.0007680380949750543,5,tech_ma10_ratio,-0.20849160850048065,0.0214100640938224
samsung_electronics,005930,technical_only,depth3_regularized,test,2024-03-04,0,0,down,0.9593523144721985,-0.0333778371161548,-0.0007680380949750543,6,tech_bb_percent_b,-0.1961928904056549,0.8431987708271564
samsung_electronics,005930,technical_only,depth3_regularized,test,2024-03-04,0,0,down,0.9593523144721985,-0.0333778371161548,-0.0007680380949750543,7,tech_volatility_20d,0.18738524615764618,0.011010898288091561
samsung_electronics,005930,technical_only,depth3_regularized,test,2024-03-04,0,0,down,0.9593523144721985,-0.0333778371161548,-0.0007680380949750543,8,tech_stochastic_d3,0.15906085073947906,0.5489267676767676
samsung_electronics,005930,technical_only,depth3_regularized,test,2024-03-04,0,0,down,0.9593523144721985,-0.0333778371161548,-0.0007680380949750543,9,tech_ma5_ratio,0.15187475085258484,0.019880174291939
samsung_electronics,005930,technical_only,depth3_regularized,test,2024-03-04,0,0,down,0.9593523144721985,-0.0333778371161548,-0.0007680380949750543,10,tech_intraday_range_ratio,0.14971859753131866,0.01335113484646195
samsung_electronics,005930,technical_only,depth3_regularized,test,2024-03-04,0,0,down,0.9593523144721985,-0.0333778371161548,-0.0007680380949750543,11,tech_return_1d,0.13977211713790894,0.02043596730245234
samsung_electronics,005930,technical_only,depth3_regularized,test,2024-03-04,0,0,down,0.9593523144721985,-0.0333778371161548,-0.0007680380949750543,12,tech_macd_signal_ratio,0.13888011872768402,-0.0029329716567135455
samsung_electronics,005930,technical_only,depth3_regularized,test,2024-01-17,1,1,up,0.9651292562484741,0.0422535211267605,0.0007680380949750543,1,tech_momentum_10d,0.6936092376708984,-0.07792207792207795
samsung_electronics,005930,technical_only,depth3_regularized,test,2024-01-17,1,1,up,0.9651292562484741,0.0422535211267605,0.0007680380949750543,2,tech_macd_signal_ratio,0.38842207193374634,0.007488379594805964
samsung_electronics,005930,technical_only,depth3_regularized,test,2024-01-17,1,1,up,0.9651292562484741,0.0422535211267605,0.0007680380949750543,3,tech_momentum_5d,0.3695383667945862,-0.03532608695652173
samsung_electronics,005930,technical_only,depth3_regularized,test,2024-01-17,1,1,up,0.9651292562484741,0.0422535211267605,0.0007680380949750543,4,tech_volatility_20d,0.36461812257766724,0.014538873159279486
samsung_electronics,005930,technical_only,depth3_regularized,test,2024-01-17,1,1,up,0.9651292562484741,0.0422535211267605,0.0007680380949750543,5,tech_bb_width,0.31549158692359924,0.11924049517227481
samsung_electronics,005930,technical_only,depth3_regularized,test,2024-01-17,1,1,up,0.9651292562484741,0.0422535211267605,0.0007680380949750543,6,tech_atr14_ratio,0.2971985936164856,0.02203219315895372
samsung_electronics,005930,technical_only,depth3_regularized,test,2024-01-17,1,1,up,0.9651292562484741,0.0422535211267605,0.0007680380949750543,7,tech_intraday_range_ratio,0.2746966481208801,0.0323943661971831
samsung_electronics,005930,technical_only,depth3_regularized,test,2024-01-17,1,1,up,0.9651292562484741,0.0422535211267605,0.0007680380949750543,8,tech_stochastic_k14,0.26748010516166687,0.0
samsung_electronics,005930,technical_only,depth3_regularized,test,2024-01-17,1,1,up,0.9651292562484741,0.0422535211267605,0.0007680380949750543,9,tech_stochastic_d3,0.16780689358711243,0.060904238214676144
samsung_electronics,005930,technical_only,depth3_regularized,test,2024-01-17,1,1,up,0.9651292562484741,0.0422535211267605,0.0007680380949750543,10,tech_ma5_ratio,0.15934470295906067,-0.024189114898295783
samsung_electronics,005930,technical_only,depth3_regularized,test,2024-01-17,1,1,up,0.9651292562484741,0.0422535211267605,0.0007680380949750543,11,tech_macd_hist_ratio,0.1456175446510315,-0.010016509635843709
samsung_electronics,005930,technical_only,depth3_regularized,test,2024-01-17,1,1,up,0.9651292562484741,0.0422535211267605,0.0007680380949750543,12,tech_momentum_20d,-0.13746170699596405,-0.03137789904502042
sk_hynix,000660,technical_only,shallow_regularized,test,2024-10-07,1,0,down,0.8732349872589111,0.0432666306111411,0.008961650542914867,1,tech_macd_signal_ratio,0.7061448097229004,-0.017169383571830052
sk_hynix,000660,technical_only,shallow_regularized,test,2024-10-07,1,0,down,0.8732349872589111,0.0432666306111411,0.008961650542914867,2,tech_momentum_10d,0.33062824606895447,0.21007853403141352
sk_hynix,000660,technical_only,shallow_regularized,test,2024-10-07,1,0,down,0.8732349872589111,0.0432666306111411,0.008961650542914867,3,tech_intraday_range_ratio,-0.26633182168006897,0.04813412655489454
sk_hynix,000660,technical_only,shallow_regularized,test,2024-10-07,1,0,down,0.8732349872589111,0.0432666306111411,0.008961650542914867,4,tech_bb_width,0.263500452041626,0.23975856275115262
sk_hynix,000660,technical_only,shallow_regularized,test,2024-10-07,1,0,down,0.8732349872589111,0.0432666306111411,0.008961650542914867,5,tech_atr14_ratio,0.2456977665424347,0.048945375878853434
sk_hynix,000660,technical_only,shallow_regularized,test,2024-10-07,1,0,down,0.8732349872589111,0.0432666306111411,0.008961650542914867,6,tech_ma10_ratio,0.21075959503650665,0.07794554888357719
sk_hynix,000660,technical_only,shallow_regularized,test,2024-10-07,1,0,down,0.8732349872589111,0.0432666306111411,0.008961650542914867,7,tech_ma5_ratio,0.19659043848514557,0.04286520022560625
sk_hynix,000660,technical_only,shallow_regularized,test,2024-10-07,1,0,down,0.8732349872589111,0.0432666306111411,0.008961650542914867,8,tech_momentum_20d,0.17883692681789398,0.06264367816091965
sk_hynix,000660,technical_only,shallow_regularized,test,2024-10-07,1,0,down,0.8732349872589111,0.0432666306111411,0.008961650542914867,9,tech_stochastic_k14,-0.14101837575435638,0.9013452914798207
sk_hynix,000660,technical_only,shallow_regularized,test,2024-10-07,1,0,down,0.8732349872589111,0.0432666306111411,0.008961650542914867,10,tech_ma20_ratio,0.11868983507156372,0.1177946377293475
sk_hynix,000660,technical_only,shallow_regularized,test,2024-10-07,1,0,down,0.8732349872589111,0.0432666306111411,0.008961650542914867,11,tech_bb_percent_b,0.10089820623397827,0.9913052379764531
sk_hynix,000660,technical_only,shallow_regularized,test,2024-10-07,1,0,down,0.8732349872589111,0.0432666306111411,0.008961650542914867,12,tech_volatility_20d,-0.09864607453346252,0.045007015672544885
sk_hynix,000660,technical_only,shallow_regularized,test,2024-12-06,1,1,up,0.9014384746551514,0.0502692998204667,-0.008961650542914867,1,tech_macd_signal_ratio,1.1617372035980225,-0.029276861828796453
sk_hynix,000660,technical_only,shallow_regularized,test,2024-12-06,1,1,up,0.9014384746551514,0.0502692998204667,-0.008961650542914867,2,tech_intraday_range_ratio,0.32662689685821533,0.05146618791143028
sk_hynix,000660,technical_only,shallow_regularized,test,2024-12-06,1,1,up,0.9014384746551514,0.0502692998204667,-0.008961650542914867,3,tech_return_1d,0.24966643750667572,-0.03410404624277452
sk_hynix,000660,technical_only,shallow_regularized,test,2024-12-06,1,1,up,0.9014384746551514,0.0502692998204667,-0.008961650542914867,4,tech_atr14_ratio,0.23871928453445435,0.037402752842609216
sk_hynix,000660,technical_only,shallow_regularized,test,2024-12-06,1,1,up,0.9014384746551514,0.0502692998204667,-0.008961650542914867,5,tech_stochastic_d3,-0.19146162271499634,0.5372907153729073
sk_hynix,000660,technical_only,shallow_regularized,test,2024-12-06,1,1,up,0.9014384746551514,0.0502692998204667,-0.008961650542914867,6,tech_close_to_20d_low,-0.1823791116476059,0.06027918781725883
sk_hynix,000660,technical_only,shallow_regularized,test,2024-12-06,1,1,up,0.9014384746551514,0.0502692998204667,-0.008961650542914867,7,tech_volatility_20d,0.16066579520702362,0.03021085048211635
sk_hynix,000660,technical_only,shallow_regularized,test,2024-12-06,1,1,up,0.9014384746551514,0.0502692998204667,-0.008961650542914867,8,tech_macd_ratio,0.1416546106338501,-0.029565680568392077
sk_hynix,000660,technical_only,shallow_regularized,test,2024-12-06,1,1,up,0.9014384746551514,0.0502692998204667,-0.008961650542914867,9,tech_momentum_5d,0.07709339261054993,0.045028142589118136
sk_hynix,000660,technical_only,shallow_regularized,test,2024-12-06,1,1,up,0.9014384746551514,0.0502692998204667,-0.008961650542914867,10,tech_ma20_ratio,0.076644167304039,-0.03020806128667186
sk_hynix,000660,technical_only,shallow_regularized,test,2024-12-06,1,1,up,0.9014384746551514,0.0502692998204667,-0.008961650542914867,11,tech_ma5_ratio,0.0682467520236969,0.004448184659773924
sk_hynix,000660,technical_only,shallow_regularized,test,2024-12-06,1,1,up,0.9014384746551514,0.0502692998204667,-0.008961650542914867,12,tech_volume_change_1d,0.05745283514261246,-0.050772160521021625
