name,ticker,lag_days,model,split,rows,accuracy,tn,fp,fn,tp
nvidia,NVDA,1,svm,validation,185,0.572972972972973,7,77,2,99
nvidia,NVDA,1,svm,test,187,0.5561497326203209,0,83,0,104
nvidia,NVDA,1,svm,recent_regime,222,0.5765765765765766,0,94,0,128
nvidia,NVDA,1,decision_tree,validation,185,0.5459459459459459,0,84,0,101
nvidia,NVDA,1,decision_tree,test,187,0.44385026737967914,83,0,104,0
nvidia,NVDA,1,decision_tree,recent_regime,222,0.4189189189189189,92,2,127,1
nvidia,NVDA,1,random_forest,validation,185,0.4486486486486487,71,13,89,12
nvidia,NVDA,1,random_forest,test,187,0.44385026737967914,83,0,104,0
nvidia,NVDA,1,random_forest,recent_regime,222,0.42792792792792794,93,1,126,2
nvidia,NVDA,1,ann,validation,185,0.5459459459459459,0,84,0,101
nvidia,NVDA,1,ann,test,187,0.48663101604278075,80,3,93,11
nvidia,NVDA,1,ann,recent_regime,222,0.44594594594594594,88,6,117,11
nvidia,NVDA,1,logistic_regression,validation,185,0.4540540540540541,84,0,101,0
nvidia,NVDA,1,logistic_regression,test,187,0.44385026737967914,83,0,104,0
nvidia,NVDA,1,logistic_regression,recent_regime,222,0.42342342342342343,94,0,128,0
nvidia,NVDA,3,svm,validation,185,0.4972972972972973,47,37,56,45
nvidia,NVDA,3,svm,test,187,0.5561497326203209,0,83,0,104
nvidia,NVDA,3,svm,recent_regime,222,0.5765765765765766,0,94,0,128
nvidia,NVDA,3,decision_tree,validation,185,0.4864864864864865,65,19,76,25
nvidia,NVDA,3,decision_tree,test,187,0.5080213903743316,3,80,12,92
nvidia,NVDA,3,decision_tree,recent_regime,222,0.536036036036036,11,83,20,108
nvidia,NVDA,3,random_forest,validation,185,0.4594594594594595,77,7,93,8
nvidia,NVDA,3,random_forest,test,187,0.44385026737967914,83,0,104,0
nvidia,NVDA,3,random_forest,recent_regime,222,0.42342342342342343,94,0,128,0
nvidia,NVDA,3,ann,validation,185,0.5459459459459459,0,84,0,101
nvidia,NVDA,3,ann,test,187,0.4919786096256685,80,3,92,12
nvidia,NVDA,3,ann,recent_regime,222,0.44144144144144143,88,6,118,10
nvidia,NVDA,3,logistic_regression,validation,185,0.4540540540540541,84,0,101,0
nvidia,NVDA,3,logistic_regression,test,187,0.44385026737967914,83,0,104,0
nvidia,NVDA,3,logistic_regression,recent_regime,222,0.42342342342342343,94,0,128,0
nvidia,NVDA,5,svm,validation,185,0.42702702702702705,72,12,94,7
nvidia,NVDA,5,svm,test,187,0.5561497326203209,0,83,0,104
nvidia,NVDA,5,svm,recent_regime,222,0.5630630630630631,1,93,4,124
nvidia,NVDA,5,decision_tree,validation,185,0.5297297297297298,30,54,33,68
nvidia,NVDA,5,decision_tree,test,187,0.48663101604278075,14,69,27,77
nvidia,NVDA,5,decision_tree,recent_regime,222,0.4774774774774775,58,36,80,48
nvidia,NVDA,5,random_forest,validation,185,0.4756756756756757,72,12,85,16
nvidia,NVDA,5,random_forest,test,187,0.44385026737967914,83,0,104,0
nvidia,NVDA,5,random_forest,recent_regime,222,0.42342342342342343,91,3,125,3
nvidia,NVDA,5,ann,validation,185,0.5459459459459459,0,84,0,101
nvidia,NVDA,5,ann,test,187,0.4919786096256685,80,3,92,12
nvidia,NVDA,5,ann,recent_regime,222,0.4369369369369369,88,6,119,9
nvidia,NVDA,5,logistic_regression,validation,185,0.4540540540540541,84,0,101,0
nvidia,NVDA,5,logistic_regression,test,187,0.44385026737967914,83,0,104,0
nvidia,NVDA,5,logistic_regression,recent_regime,222,0.42342342342342343,94,0,128,0
samsung_electronics,005930,1,svm,validation,110,0.5,55,0,55,0
samsung_electronics,005930,1,svm,test,138,0.5507246376811594,76,0,62,0
samsung_electronics,005930,1,svm,recent_regime,218,0.4036697247706422,88,0,130,0
samsung_electronics,005930,1,decision_tree,validation,110,0.5,24,31,24,31
samsung_electronics,005930,1,decision_tree,test,138,0.5579710144927537,21,55,6,56
samsung_electronics,005930,1,decision_tree,recent_regime,218,0.5688073394495413,43,45,49,81
samsung_electronics,005930,1,random_forest,validation,110,0.5363636363636364,51,4,47,8
samsung_electronics,005930,1,random_forest,test,138,0.5217391304347826,52,24,42,20
samsung_electronics,005930,1,random_forest,recent_regime,218,0.5458715596330275,55,33,66,64
samsung_electronics,005930,1,ann,validation,110,0.509090909090909,50,5,49,6
samsung_electronics,005930,1,ann,test,138,0.5507246376811594,76,0,62,0
samsung_electronics,005930,1,ann,recent_regime,218,0.4036697247706422,88,0,130,0
samsung_electronics,005930,1,logistic_regression,validation,110,0.5,55,0,55,0
samsung_electronics,005930,1,logistic_regression,test,138,0.5507246376811594,76,0,62,0
samsung_electronics,005930,1,logistic_regression,recent_regime,218,0.4036697247706422,88,0,130,0
samsung_electronics,005930,3,svm,validation,110,0.5,55,0,55,0
samsung_electronics,005930,3,svm,test,138,0.5507246376811594,76,0,62,0
samsung_electronics,005930,3,svm,recent_regime,218,0.4036697247706422,88,0,130,0
samsung_electronics,005930,3,decision_tree,validation,110,0.4818181818181818,48,7,50,5
samsung_electronics,005930,3,decision_tree,test,138,0.5507246376811594,76,0,62,0
samsung_electronics,005930,3,decision_tree,recent_regime,218,0.4036697247706422,88,0,130,0
samsung_electronics,005930,3,random_forest,validation,110,0.5,53,2,53,2
samsung_electronics,005930,3,random_forest,test,138,0.5507246376811594,76,0,62,0
samsung_electronics,005930,3,random_forest,recent_regime,218,0.4036697247706422,88,0,130,0
samsung_electronics,005930,3,ann,validation,110,0.509090909090909,42,13,41,14
samsung_electronics,005930,3,ann,test,138,0.5507246376811594,76,0,62,0
samsung_electronics,005930,3,ann,recent_regime,218,0.39908256880733944,86,2,129,1
samsung_electronics,005930,3,logistic_regression,validation,110,0.5,55,0,55,0
samsung_electronics,005930,3,logistic_regression,test,138,0.5507246376811594,76,0,62,0
samsung_electronics,005930,3,logistic_regression,recent_regime,218,0.4036697247706422,88,0,130,0
samsung_electronics,005930,5,svm,validation,110,0.5,55,0,55,0
samsung_electronics,005930,5,svm,test,138,0.5507246376811594,76,0,62,0
samsung_electronics,005930,5,svm,recent_regime,218,0.4036697247706422,88,0,130,0
samsung_electronics,005930,5,decision_tree,validation,110,0.5,55,0,55,0
samsung_electronics,005930,5,decision_tree,test,138,0.5507246376811594,76,0,62,0
samsung_electronics,005930,5,decision_tree,recent_regime,218,0.4036697247706422,88,0,130,0
samsung_electronics,005930,5,random_forest,validation,110,0.5,55,0,55,0
samsung_electronics,005930,5,random_forest,test,138,0.5507246376811594,76,0,62,0
samsung_electronics,005930,5,random_forest,recent_regime,218,0.4036697247706422,88,0,130,0
samsung_electronics,005930,5,ann,validation,110,0.5,30,25,30,25
samsung_electronics,005930,5,ann,test,138,0.5507246376811594,76,0,62,0
samsung_electronics,005930,5,ann,recent_regime,218,0.4036697247706422,87,1,129,1
samsung_electronics,005930,5,logistic_regression,validation,110,0.5,55,0,55,0
samsung_electronics,005930,5,logistic_regression,test,138,0.5507246376811594,76,0,62,0
samsung_electronics,005930,5,logistic_regression,recent_regime,218,0.4036697247706422,88,0,130,0
sk_hynix,000660,1,svm,validation,146,0.5068493150684932,74,0,72,0
sk_hynix,000660,1,svm,test,177,0.4576271186440678,81,0,96,0
sk_hynix,000660,1,svm,recent_regime,245,0.4122448979591837,101,0,144,0
sk_hynix,000660,1,decision_tree,validation,146,0.5,73,1,72,0
sk_hynix,000660,1,decision_tree,test,177,0.4576271186440678,80,1,95,1
sk_hynix,000660,1,decision_tree,recent_regime,245,0.39591836734693875,93,8,140,4
sk_hynix,000660,1,random_forest,validation,146,0.5,70,4,69,3
sk_hynix,000660,1,random_forest,test,177,0.4576271186440678,81,0,96,0
sk_hynix,000660,1,random_forest,recent_regime,245,0.4122448979591837,101,0,144,0
sk_hynix,000660,1,ann,validation,146,0.5,65,9,64,8
sk_hynix,000660,1,ann,test,177,0.4576271186440678,81,0,96,0
sk_hynix,000660,1,ann,recent_regime,245,0.4122448979591837,101,0,144,0
sk_hynix,000660,1,logistic_regression,validation,146,0.5068493150684932,74,0,72,0
sk_hynix,000660,1,logistic_regression,test,177,0.4576271186440678,81,0,96,0
sk_hynix,000660,1,logistic_regression,recent_regime,245,0.4122448979591837,101,0,144,0
sk_hynix,000660,3,svm,validation,146,0.5068493150684932,74,0,72,0
sk_hynix,000660,3,svm,test,177,0.4576271186440678,81,0,96,0
sk_hynix,000660,3,svm,recent_regime,245,0.4122448979591837,101,0,144,0
sk_hynix,000660,3,decision_tree,validation,146,0.5136986301369864,74,0,71,1
sk_hynix,000660,3,decision_tree,test,177,0.4576271186440678,81,0,96,0
sk_hynix,000660,3,decision_tree,recent_regime,245,0.4122448979591837,101,0,144,0
sk_hynix,000660,3,random_forest,validation,146,0.5068493150684932,74,0,72,0
sk_hynix,000660,3,random_forest,test,177,0.4745762711864407,80,1,92,4
sk_hynix,000660,3,random_forest,recent_regime,245,0.43673469387755104,94,7,131,13
sk_hynix,000660,3,ann,validation,146,0.5,66,8,65,7
sk_hynix,000660,3,ann,test,177,0.4576271186440678,81,0,96,0
sk_hynix,000660,3,ann,recent_regime,245,0.4122448979591837,101,0,144,0
sk_hynix,000660,3,logistic_regression,validation,146,0.5068493150684932,74,0,72,0
sk_hynix,000660,3,logistic_regression,test,177,0.4576271186440678,81,0,96,0
sk_hynix,000660,3,logistic_regression,recent_regime,245,0.4122448979591837,101,0,144,0
sk_hynix,000660,5,svm,validation,146,0.5068493150684932,74,0,72,0
sk_hynix,000660,5,svm,test,177,0.4576271186440678,81,0,96,0
sk_hynix,000660,5,svm,recent_regime,245,0.5224489795918368,55,46,71,73
sk_hynix,000660,5,decision_tree,validation,146,0.4931506849315068,63,11,63,9
sk_hynix,000660,5,decision_tree,test,177,0.5254237288135594,7,74,10,86
sk_hynix,000660,5,decision_tree,recent_regime,245,0.5877551020408164,0,101,0,144
sk_hynix,000660,5,random_forest,validation,146,0.4931506849315068,72,2,72,0
sk_hynix,000660,5,random_forest,test,177,0.4576271186440678,81,0,96,0
sk_hynix,000660,5,random_forest,recent_regime,245,0.40816326530612246,97,4,141,3
sk_hynix,000660,5,ann,validation,146,0.5136986301369864,68,6,65,7
sk_hynix,000660,5,ann,test,177,0.4576271186440678,81,0,96,0
sk_hynix,000660,5,ann,recent_regime,245,0.4122448979591837,101,0,144,0
sk_hynix,000660,5,logistic_regression,validation,146,0.5068493150684932,74,0,72,0
sk_hynix,000660,5,logistic_regression,test,177,0.4576271186440678,81,0,96,0
sk_hynix,000660,5,logistic_regression,recent_regime,245,0.4122448979591837,101,0,144,0
