name,ticker,experiment,feature_family,feature,xgboost_feature_importance
nvidia,NVDA,core_plus_rates,core_macro+rates,nasdaq_t_minus_1,0.03502975404262543
nvidia,NVDA,core_plus_rates,core_macro+rates,sox_t_minus_1,0.03287722170352936
nvidia,NVDA,core_plus_rates,core_macro+rates,vix_t_minus_1,0.042148713022470474
nvidia,NVDA,core_plus_rates,core_macro+rates,us_rate_t_minus_1,0.03817261382937431
nvidia,NVDA,core_plus_rates,core_macro+rates,usd_krw_t_minus_1,0.036994971334934235
nvidia,NVDA,core_plus_rates,core_macro+rates,nasdaq_t_minus_3,0.04592897742986679
nvidia,NVDA,core_plus_rates,core_macro+rates,sox_t_minus_3,0.0435204803943634
nvidia,NVDA,core_plus_rates,core_macro+rates,vix_t_minus_3,0.04402821138501167
nvidia,NVDA,core_plus_rates,core_macro+rates,us_rate_t_minus_3,0.0420413538813591
nvidia,NVDA,core_plus_rates,core_macro+rates,usd_krw_t_minus_3,0.03707791864871979
nvidia,NVDA,core_plus_rates,core_macro+rates,nasdaq_t_minus_5,0.03989499807357788
nvidia,NVDA,core_plus_rates,core_macro+rates,sox_t_minus_5,0.04512474313378334
nvidia,NVDA,core_plus_rates,core_macro+rates,vix_t_minus_5,0.036322031170129776
nvidia,NVDA,core_plus_rates,core_macro+rates,us_rate_t_minus_5,0.05441336706280708
nvidia,NVDA,core_plus_rates,core_macro+rates,usd_krw_t_minus_5,0.037983398884534836
nvidia,NVDA,core_plus_rates,core_macro+rates,us_10y_treasury_fred_t_minus_1,0.04111265763640404
nvidia,NVDA,core_plus_rates,core_macro+rates,us_10y_treasury_fred_t_minus_3,0.04208185151219368
nvidia,NVDA,core_plus_rates,core_macro+rates,us_10y_treasury_fred_t_minus_5,0.045693933963775635
nvidia,NVDA,core_plus_rates,core_macro+rates,us_2y_treasury_fred_t_minus_1,0.0435473695397377
nvidia,NVDA,core_plus_rates,core_macro+rates,us_2y_treasury_fred_t_minus_3,0.05646708607673645
nvidia,NVDA,core_plus_rates,core_macro+rates,us_2y_treasury_fred_t_minus_5,0.04543263837695122
nvidia,NVDA,core_plus_rates,core_macro+rates,us_10y_2y_spread_t_minus_1,0.03082190454006195
nvidia,NVDA,core_plus_rates,core_macro+rates,us_10y_2y_spread_t_minus_3,0.04039376601576805
nvidia,NVDA,core_plus_rates,core_macro+rates,us_10y_2y_spread_t_minus_5,0.042890068143606186
nvidia,NVDA,core_plus_broad_dollar,core_macro+dollar,nasdaq_t_minus_1,0.05126219242811203
nvidia,NVDA,core_plus_broad_dollar,core_macro+dollar,sox_t_minus_1,0.05000543221831322
nvidia,NVDA,core_plus_broad_dollar,core_macro+dollar,vix_t_minus_1,0.05292890593409538
nvidia,NVDA,core_plus_broad_dollar,core_macro+dollar,us_rate_t_minus_1,0.0708198994398117
nvidia,NVDA,core_plus_broad_dollar,core_macro+dollar,usd_krw_t_minus_1,0.05558966100215912
nvidia,NVDA,core_plus_broad_dollar,core_macro+dollar,nasdaq_t_minus_3,0.06370650231838226
nvidia,NVDA,core_plus_broad_dollar,core_macro+dollar,sox_t_minus_3,0.05542968213558197
nvidia,NVDA,core_plus_broad_dollar,core_macro+dollar,vix_t_minus_3,0.05611194670200348
nvidia,NVDA,core_plus_broad_dollar,core_macro+dollar,us_rate_t_minus_3,0.05014815554022789
nvidia,NVDA,core_plus_broad_dollar,core_macro+dollar,usd_krw_t_minus_3,0.05182565748691559
nvidia,NVDA,core_plus_broad_dollar,core_macro+dollar,nasdaq_t_minus_5,0.05010185018181801
nvidia,NVDA,core_plus_broad_dollar,core_macro+dollar,sox_t_minus_5,0.05419992282986641
nvidia,NVDA,core_plus_broad_dollar,core_macro+dollar,vix_t_minus_5,0.05128888413310051
nvidia,NVDA,core_plus_broad_dollar,core_macro+dollar,us_rate_t_minus_5,0.06032583490014076
nvidia,NVDA,core_plus_broad_dollar,core_macro+dollar,usd_krw_t_minus_5,0.05570234730839729
nvidia,NVDA,core_plus_broad_dollar,core_macro+dollar,broad_dollar_index_t_minus_1,0.04620848223567009
nvidia,NVDA,core_plus_broad_dollar,core_macro+dollar,broad_dollar_index_t_minus_3,0.06790123134851456
nvidia,NVDA,core_plus_broad_dollar,core_macro+dollar,broad_dollar_index_t_minus_5,0.056443579494953156
nvidia,NVDA,core_plus_semi_etf,core_macro+semi_etf,nasdaq_t_minus_1,0.04351521655917168
nvidia,NVDA,core_plus_semi_etf,core_macro+semi_etf,sox_t_minus_1,0.039218246936798096
nvidia,NVDA,core_plus_semi_etf,core_macro+semi_etf,vix_t_minus_1,0.04907980188727379
nvidia,NVDA,core_plus_semi_etf,core_macro+semi_etf,us_rate_t_minus_1,0.05482466146349907
nvidia,NVDA,core_plus_semi_etf,core_macro+semi_etf,usd_krw_t_minus_1,0.04424281418323517
nvidia,NVDA,core_plus_semi_etf,core_macro+semi_etf,nasdaq_t_minus_3,0.05276418849825859
nvidia,NVDA,core_plus_semi_etf,core_macro+semi_etf,sox_t_minus_3,0.048405688256025314
nvidia,NVDA,core_plus_semi_etf,core_macro+semi_etf,vix_t_minus_3,0.04974132031202316
nvidia,NVDA,core_plus_semi_etf,core_macro+semi_etf,us_rate_t_minus_3,0.04534759372472763
nvidia,NVDA,core_plus_semi_etf,core_macro+semi_etf,usd_krw_t_minus_3,0.04553859308362007
nvidia,NVDA,core_plus_semi_etf,core_macro+semi_etf,nasdaq_t_minus_5,0.04575167968869209
nvidia,NVDA,core_plus_semi_etf,core_macro+semi_etf,sox_t_minus_5,0.048029448837041855
nvidia,NVDA,core_plus_semi_etf,core_macro+semi_etf,vix_t_minus_5,0.04267643392086029
nvidia,NVDA,core_plus_semi_etf,core_macro+semi_etf,us_rate_t_minus_5,0.05155938118696213
nvidia,NVDA,core_plus_semi_etf,core_macro+semi_etf,usd_krw_t_minus_5,0.05003775283694267
nvidia,NVDA,core_plus_semi_etf,core_macro+semi_etf,smh_t_minus_1,0.0496683269739151
nvidia,NVDA,core_plus_semi_etf,core_macro+semi_etf,smh_t_minus_3,0.049322519451379776
nvidia,NVDA,core_plus_semi_etf,core_macro+semi_etf,smh_t_minus_5,0.045856133103370667
nvidia,NVDA,core_plus_semi_etf,core_macro+semi_etf,soxx_t_minus_1,0.049561694264411926
nvidia,NVDA,core_plus_semi_etf,core_macro+semi_etf,soxx_t_minus_3,0.043017227202653885
nvidia,NVDA,core_plus_semi_etf,core_macro+semi_etf,soxx_t_minus_5,0.051841381937265396
nvidia,NVDA,core_plus_monthly_industry,core_macro+monthly_industry,nasdaq_t_minus_1,0.033611103892326355
nvidia,NVDA,core_plus_monthly_industry,core_macro+monthly_industry,sox_t_minus_1,0.034957319498062134
nvidia,NVDA,core_plus_monthly_industry,core_macro+monthly_industry,vix_t_minus_1,0.03406156226992607
nvidia,NVDA,core_plus_monthly_industry,core_macro+monthly_industry,us_rate_t_minus_1,0.039242178201675415
nvidia,NVDA,core_plus_monthly_industry,core_macro+monthly_industry,usd_krw_t_minus_1,0.03252222761511803
nvidia,NVDA,core_plus_monthly_industry,core_macro+monthly_industry,nasdaq_t_minus_3,0.04126377031207085
nvidia,NVDA,core_plus_monthly_industry,core_macro+monthly_industry,sox_t_minus_3,0.03920209780335426
nvidia,NVDA,core_plus_monthly_industry,core_macro+monthly_industry,vix_t_minus_3,0.03893716633319855
nvidia,NVDA,core_plus_monthly_industry,core_macro+monthly_industry,us_rate_t_minus_3,0.04031533747911453
nvidia,NVDA,core_plus_monthly_industry,core_macro+monthly_industry,usd_krw_t_minus_3,0.03548184782266617
nvidia,NVDA,core_plus_monthly_industry,core_macro+monthly_industry,nasdaq_t_minus_5,0.03528113663196564
nvidia,NVDA,core_plus_monthly_industry,core_macro+monthly_industry,sox_t_minus_5,0.03980729728937149
nvidia,NVDA,core_plus_monthly_industry,core_macro+monthly_industry,vix_t_minus_5,0.03311247006058693
nvidia,NVDA,core_plus_monthly_industry,core_macro+monthly_industry,us_rate_t_minus_5,0.038463640958070755
nvidia,NVDA,core_plus_monthly_industry,core_macro+monthly_industry,usd_krw_t_minus_5,0.03651920333504677
nvidia,NVDA,core_plus_monthly_industry,core_macro+monthly_industry,semiconductor_electronic_component_industrial_production_t_minus_1,0.044754378497600555
nvidia,NVDA,core_plus_monthly_industry,core_macro+monthly_industry,semiconductor_electronic_component_industrial_production_t_minus_3,0.042184293270111084
nvidia,NVDA,core_plus_monthly_industry,core_macro+monthly_industry,semiconductor_electronic_component_industrial_production_t_minus_5,0.03914056718349457
nvidia,NVDA,core_plus_monthly_industry,core_macro+monthly_industry,semiconductor_related_device_ppi_t_minus_1,0.05628674849867821
nvidia,NVDA,core_plus_monthly_industry,core_macro+monthly_industry,semiconductor_related_device_ppi_t_minus_3,0.04848555102944374
nvidia,NVDA,core_plus_monthly_industry,core_macro+monthly_industry,semiconductor_related_device_ppi_t_minus_5,0.05132629722356796
nvidia,NVDA,core_plus_monthly_industry,core_macro+monthly_industry,computers_electronic_products_new_orders_t_minus_1,0.05962163209915161
nvidia,NVDA,core_plus_monthly_industry,core_macro+monthly_industry,computers_electronic_products_new_orders_t_minus_3,0.0639517679810524
nvidia,NVDA,core_plus_monthly_industry,core_macro+monthly_industry,computers_electronic_products_new_orders_t_minus_5,0.04147041589021683
nvidia,NVDA,proposed_daily_extended,core_macro+rates+dollar+semi_etf,nasdaq_t_minus_1,0.02492992952466011
nvidia,NVDA,proposed_daily_extended,core_macro+rates+dollar+semi_etf,sox_t_minus_1,0.021801335737109184
nvidia,NVDA,proposed_daily_extended,core_macro+rates+dollar+semi_etf,vix_t_minus_1,0.03204112872481346
nvidia,NVDA,proposed_daily_extended,core_macro+rates+dollar+semi_etf,us_rate_t_minus_1,0.02914801798760891
nvidia,NVDA,proposed_daily_extended,core_macro+rates+dollar+semi_etf,usd_krw_t_minus_1,0.027730481699109077
nvidia,NVDA,proposed_daily_extended,core_macro+rates+dollar+semi_etf,nasdaq_t_minus_3,0.03568920120596886
nvidia,NVDA,proposed_daily_extended,core_macro+rates+dollar+semi_etf,sox_t_minus_3,0.032091204077005386
nvidia,NVDA,proposed_daily_extended,core_macro+rates+dollar+semi_etf,vix_t_minus_3,0.03190041705965996
nvidia,NVDA,proposed_daily_extended,core_macro+rates+dollar+semi_etf,us_rate_t_minus_3,0.02475360780954361
nvidia,NVDA,proposed_daily_extended,core_macro+rates+dollar+semi_etf,usd_krw_t_minus_3,0.02792852744460106
nvidia,NVDA,proposed_daily_extended,core_macro+rates+dollar+semi_etf,nasdaq_t_minus_5,0.0249687060713768
nvidia,NVDA,proposed_daily_extended,core_macro+rates+dollar+semi_etf,sox_t_minus_5,0.034657880663871765
nvidia,NVDA,proposed_daily_extended,core_macro+rates+dollar+semi_etf,vix_t_minus_5,0.027975011616945267
nvidia,NVDA,proposed_daily_extended,core_macro+rates+dollar+semi_etf,us_rate_t_minus_5,0.03872888162732124
nvidia,NVDA,proposed_daily_extended,core_macro+rates+dollar+semi_etf,usd_krw_t_minus_5,0.030759967863559723
nvidia,NVDA,proposed_daily_extended,core_macro+rates+dollar+semi_etf,us_10y_treasury_fred_t_minus_1,0.03273125737905502
nvidia,NVDA,proposed_daily_extended,core_macro+rates+dollar+semi_etf,us_10y_treasury_fred_t_minus_3,0.029453976079821587
nvidia,NVDA,proposed_daily_extended,core_macro+rates+dollar+semi_etf,us_10y_treasury_fred_t_minus_5,0.03408077731728554
nvidia,NVDA,proposed_daily_extended,core_macro+rates+dollar+semi_etf,us_2y_treasury_fred_t_minus_1,0.030220232903957367
nvidia,NVDA,proposed_daily_extended,core_macro+rates+dollar+semi_etf,us_2y_treasury_fred_t_minus_3,0.04435088858008385
nvidia,NVDA,proposed_daily_extended,core_macro+rates+dollar+semi_etf,us_2y_treasury_fred_t_minus_5,0.03460860997438431
nvidia,NVDA,proposed_daily_extended,core_macro+rates+dollar+semi_etf,us_10y_2y_spread_t_minus_1,0.021192846819758415
nvidia,NVDA,proposed_daily_extended,core_macro+rates+dollar+semi_etf,us_10y_2y_spread_t_minus_3,0.026726676151156425
nvidia,NVDA,proposed_daily_extended,core_macro+rates+dollar+semi_etf,us_10y_2y_spread_t_minus_5,0.03263210877776146
nvidia,NVDA,proposed_daily_extended,core_macro+rates+dollar+semi_etf,broad_dollar_index_t_minus_1,0.02474403753876686
nvidia,NVDA,proposed_daily_extended,core_macro+rates+dollar+semi_etf,broad_dollar_index_t_minus_3,0.032744064927101135
nvidia,NVDA,proposed_daily_extended,core_macro+rates+dollar+semi_etf,broad_dollar_index_t_minus_5,0.029378363862633705
nvidia,NVDA,proposed_daily_extended,core_macro+rates+dollar+semi_etf,smh_t_minus_1,0.02913721464574337
nvidia,NVDA,proposed_daily_extended,core_macro+rates+dollar+semi_etf,smh_t_minus_3,0.03251628950238228
nvidia,NVDA,proposed_daily_extended,core_macro+rates+dollar+semi_etf,smh_t_minus_5,0.028054121881723404
nvidia,NVDA,proposed_daily_extended,core_macro+rates+dollar+semi_etf,soxx_t_minus_1,0.0236032847315073
nvidia,NVDA,proposed_daily_extended,core_macro+rates+dollar+semi_etf,soxx_t_minus_3,0.02959558181464672
nvidia,NVDA,proposed_daily_extended,core_macro+rates+dollar+semi_etf,soxx_t_minus_5,0.03912535682320595
samsung_electronics,005930,core_plus_rates,core_macro+rates,nasdaq_t_minus_1,0.034764911979436874
samsung_electronics,005930,core_plus_rates,core_macro+rates,sox_t_minus_1,0.046586524695158005
samsung_electronics,005930,core_plus_rates,core_macro+rates,vix_t_minus_1,0.036082539707422256
samsung_electronics,005930,core_plus_rates,core_macro+rates,us_rate_t_minus_1,0.03738724812865257
samsung_electronics,005930,core_plus_rates,core_macro+rates,usd_krw_t_minus_1,0.037115201354026794
samsung_electronics,005930,core_plus_rates,core_macro+rates,nasdaq_t_minus_3,0.03927413001656532
samsung_electronics,005930,core_plus_rates,core_macro+rates,sox_t_minus_3,0.04096187651157379
samsung_electronics,005930,core_plus_rates,core_macro+rates,vix_t_minus_3,0.03760049119591713
samsung_electronics,005930,core_plus_rates,core_macro+rates,us_rate_t_minus_3,0.059548504650592804
samsung_electronics,005930,core_plus_rates,core_macro+rates,usd_krw_t_minus_3,0.04620867595076561
samsung_electronics,005930,core_plus_rates,core_macro+rates,nasdaq_t_minus_5,0.047039568424224854
samsung_electronics,005930,core_plus_rates,core_macro+rates,sox_t_minus_5,0.05067270249128342
samsung_electronics,005930,core_plus_rates,core_macro+rates,vix_t_minus_5,0.043969787657260895
samsung_electronics,005930,core_plus_rates,core_macro+rates,us_rate_t_minus_5,0.03456522524356842
samsung_electronics,005930,core_plus_rates,core_macro+rates,usd_krw_t_minus_5,0.03840306028723717
samsung_electronics,005930,core_plus_rates,core_macro+rates,us_10y_treasury_fred_t_minus_1,0.04130356013774872
samsung_electronics,005930,core_plus_rates,core_macro+rates,us_10y_treasury_fred_t_minus_3,0.04196269437670708
samsung_electronics,005930,core_plus_rates,core_macro+rates,us_10y_treasury_fred_t_minus_5,0.036374110728502274
samsung_electronics,005930,core_plus_rates,core_macro+rates,us_2y_treasury_fred_t_minus_1,0.035002849996089935
samsung_electronics,005930,core_plus_rates,core_macro+rates,us_2y_treasury_fred_t_minus_3,0.03986450284719467
samsung_electronics,005930,core_plus_rates,core_macro+rates,us_2y_treasury_fred_t_minus_5,0.04806872084736824
samsung_electronics,005930,core_plus_rates,core_macro+rates,us_10y_2y_spread_t_minus_1,0.04298023134469986
samsung_electronics,005930,core_plus_rates,core_macro+rates,us_10y_2y_spread_t_minus_3,0.04253518953919411
samsung_electronics,005930,core_plus_rates,core_macro+rates,us_10y_2y_spread_t_minus_5,0.04172765463590622
samsung_electronics,005930,core_plus_broad_dollar,core_macro+dollar,nasdaq_t_minus_1,0.04760099574923515
samsung_electronics,005930,core_plus_broad_dollar,core_macro+dollar,sox_t_minus_1,0.05485290661454201
samsung_electronics,005930,core_plus_broad_dollar,core_macro+dollar,vix_t_minus_1,0.04563681408762932
samsung_electronics,005930,core_plus_broad_dollar,core_macro+dollar,us_rate_t_minus_1,0.05493379384279251
samsung_electronics,005930,core_plus_broad_dollar,core_macro+dollar,usd_krw_t_minus_1,0.04732617735862732
samsung_electronics,005930,core_plus_broad_dollar,core_macro+dollar,nasdaq_t_minus_3,0.05601120740175247
samsung_electronics,005930,core_plus_broad_dollar,core_macro+dollar,sox_t_minus_3,0.04826957732439041
samsung_electronics,005930,core_plus_broad_dollar,core_macro+dollar,vix_t_minus_3,0.050268370658159256
samsung_electronics,005930,core_plus_broad_dollar,core_macro+dollar,us_rate_t_minus_3,0.08435013890266418
samsung_electronics,005930,core_plus_broad_dollar,core_macro+dollar,usd_krw_t_minus_3,0.05532415211200714
samsung_electronics,005930,core_plus_broad_dollar,core_macro+dollar,nasdaq_t_minus_5,0.0594031922519207
samsung_electronics,005930,core_plus_broad_dollar,core_macro+dollar,sox_t_minus_5,0.06620674580335617
samsung_electronics,005930,core_plus_broad_dollar,core_macro+dollar,vix_t_minus_5,0.061672188341617584
samsung_electronics,005930,core_plus_broad_dollar,core_macro+dollar,us_rate_t_minus_5,0.05823105573654175
samsung_electronics,005930,core_plus_broad_dollar,core_macro+dollar,usd_krw_t_minus_5,0.05086150020360947
samsung_electronics,005930,core_plus_broad_dollar,core_macro+dollar,broad_dollar_index_t_minus_1,0.05088343098759651
samsung_electronics,005930,core_plus_broad_dollar,core_macro+dollar,broad_dollar_index_t_minus_3,0.058675236999988556
samsung_electronics,005930,core_plus_broad_dollar,core_macro+dollar,broad_dollar_index_t_minus_5,0.04949240759015083
samsung_electronics,005930,core_plus_semi_etf,core_macro+semi_etf,nasdaq_t_minus_1,0.0434337742626667
samsung_electronics,005930,core_plus_semi_etf,core_macro+semi_etf,sox_t_minus_1,0.04187745973467827
samsung_electronics,005930,core_plus_semi_etf,core_macro+semi_etf,vix_t_minus_1,0.03885156661272049
samsung_electronics,005930,core_plus_semi_etf,core_macro+semi_etf,us_rate_t_minus_1,0.05619877949357033
samsung_electronics,005930,core_plus_semi_etf,core_macro+semi_etf,usd_krw_t_minus_1,0.042253993451595306
samsung_electronics,005930,core_plus_semi_etf,core_macro+semi_etf,nasdaq_t_minus_3,0.05193793773651123
samsung_electronics,005930,core_plus_semi_etf,core_macro+semi_etf,sox_t_minus_3,0.04387954622507095
samsung_electronics,005930,core_plus_semi_etf,core_macro+semi_etf,vix_t_minus_3,0.040391091257333755
samsung_electronics,005930,core_plus_semi_etf,core_macro+semi_etf,us_rate_t_minus_3,0.05563909932971001
samsung_electronics,005930,core_plus_semi_etf,core_macro+semi_etf,usd_krw_t_minus_3,0.045103754848241806
samsung_electronics,005930,core_plus_semi_etf,core_macro+semi_etf,nasdaq_t_minus_5,0.05273520573973656
samsung_electronics,005930,core_plus_semi_etf,core_macro+semi_etf,sox_t_minus_5,0.048292551189661026
samsung_electronics,005930,core_plus_semi_etf,core_macro+semi_etf,vix_t_minus_5,0.05172484368085861
samsung_electronics,005930,core_plus_semi_etf,core_macro+semi_etf,us_rate_t_minus_5,0.05010392144322395
samsung_electronics,005930,core_plus_semi_etf,core_macro+semi_etf,usd_krw_t_minus_5,0.041613221168518066
samsung_electronics,005930,core_plus_semi_etf,core_macro+semi_etf,smh_t_minus_1,0.05242985859513283
samsung_electronics,005930,core_plus_semi_etf,core_macro+semi_etf,smh_t_minus_3,0.050897564738988876
samsung_electronics,005930,core_plus_semi_etf,core_macro+semi_etf,smh_t_minus_5,0.062317464500665665
samsung_electronics,005930,core_plus_semi_etf,core_macro+semi_etf,soxx_t_minus_1,0.04244853928685188
samsung_electronics,005930,core_plus_semi_etf,core_macro+semi_etf,soxx_t_minus_3,0.04326024651527405
samsung_electronics,005930,core_plus_semi_etf,core_macro+semi_etf,soxx_t_minus_5,0.044609490782022476
samsung_electronics,005930,core_plus_monthly_industry,core_macro+monthly_industry,nasdaq_t_minus_1,0.03346120938658714
samsung_electronics,005930,core_plus_monthly_industry,core_macro+monthly_industry,sox_t_minus_1,0.04176509007811546
samsung_electronics,005930,core_plus_monthly_industry,core_macro+monthly_industry,vix_t_minus_1,0.03281022608280182
samsung_electronics,005930,core_plus_monthly_industry,core_macro+monthly_industry,us_rate_t_minus_1,0.05048178508877754
samsung_electronics,005930,core_plus_monthly_industry,core_macro+monthly_industry,usd_krw_t_minus_1,0.033582787960767746
samsung_electronics,005930,core_plus_monthly_industry,core_macro+monthly_industry,nasdaq_t_minus_3,0.03330593183636665
samsung_electronics,005930,core_plus_monthly_industry,core_macro+monthly_industry,sox_t_minus_3,0.03523238003253937
samsung_electronics,005930,core_plus_monthly_industry,core_macro+monthly_industry,vix_t_minus_3,0.03548044338822365
samsung_electronics,005930,core_plus_monthly_industry,core_macro+monthly_industry,us_rate_t_minus_3,0.05650129169225693
samsung_electronics,005930,core_plus_monthly_industry,core_macro+monthly_industry,usd_krw_t_minus_3,0.03444069251418114
samsung_electronics,005930,core_plus_monthly_industry,core_macro+monthly_industry,nasdaq_t_minus_5,0.03905002400279045
samsung_electronics,005930,core_plus_monthly_industry,core_macro+monthly_industry,sox_t_minus_5,0.04564478248357773
samsung_electronics,005930,core_plus_monthly_industry,core_macro+monthly_industry,vix_t_minus_5,0.042192354798316956
samsung_electronics,005930,core_plus_monthly_industry,core_macro+monthly_industry,us_rate_t_minus_5,0.030630778521299362
samsung_electronics,005930,core_plus_monthly_industry,core_macro+monthly_industry,usd_krw_t_minus_5,0.03484155237674713
samsung_electronics,005930,core_plus_monthly_industry,core_macro+monthly_industry,semiconductor_electronic_component_industrial_production_t_minus_1,0.04801975190639496
samsung_electronics,005930,core_plus_monthly_industry,core_macro+monthly_industry,semiconductor_electronic_component_industrial_production_t_minus_3,0.041689831763505936
samsung_electronics,005930,core_plus_monthly_industry,core_macro+monthly_industry,semiconductor_electronic_component_industrial_production_t_minus_5,0.04010235518217087
samsung_electronics,005930,core_plus_monthly_industry,core_macro+monthly_industry,semiconductor_related_device_ppi_t_minus_1,0.0585944801568985
samsung_electronics,005930,core_plus_monthly_industry,core_macro+monthly_industry,semiconductor_related_device_ppi_t_minus_3,0.05702929198741913
samsung_electronics,005930,core_plus_monthly_industry,core_macro+monthly_industry,semiconductor_related_device_ppi_t_minus_5,0.06613617390394211
samsung_electronics,005930,core_plus_monthly_industry,core_macro+monthly_industry,computers_electronic_products_new_orders_t_minus_1,0.03654637932777405
samsung_electronics,005930,core_plus_monthly_industry,core_macro+monthly_industry,computers_electronic_products_new_orders_t_minus_3,0.02992704138159752
samsung_electronics,005930,core_plus_monthly_industry,core_macro+monthly_industry,computers_electronic_products_new_orders_t_minus_5,0.04253339394927025
samsung_electronics,005930,core_plus_domestic_alpha,core_macro+domestic_alpha,nasdaq_t_minus_1,0.041471216827631
samsung_electronics,005930,core_plus_domestic_alpha,core_macro+domestic_alpha,sox_t_minus_1,0.05341079831123352
samsung_electronics,005930,core_plus_domestic_alpha,core_macro+domestic_alpha,vix_t_minus_1,0.042065247893333435
samsung_electronics,005930,core_plus_domestic_alpha,core_macro+domestic_alpha,us_rate_t_minus_1,0.05592896416783333
samsung_electronics,005930,core_plus_domestic_alpha,core_macro+domestic_alpha,usd_krw_t_minus_1,0.04685987904667854
samsung_electronics,005930,core_plus_domestic_alpha,core_macro+domestic_alpha,nasdaq_t_minus_3,0.053011778742074966
samsung_electronics,005930,core_plus_domestic_alpha,core_macro+domestic_alpha,sox_t_minus_3,0.04550624266266823
samsung_electronics,005930,core_plus_domestic_alpha,core_macro+domestic_alpha,vix_t_minus_3,0.04756898432970047
samsung_electronics,005930,core_plus_domestic_alpha,core_macro+domestic_alpha,us_rate_t_minus_3,0.06038607284426689
samsung_electronics,005930,core_plus_domestic_alpha,core_macro+domestic_alpha,usd_krw_t_minus_3,0.05247659236192703
samsung_electronics,005930,core_plus_domestic_alpha,core_macro+domestic_alpha,nasdaq_t_minus_5,0.0527043379843235
samsung_electronics,005930,core_plus_domestic_alpha,core_macro+domestic_alpha,sox_t_minus_5,0.061592165380716324
samsung_electronics,005930,core_plus_domestic_alpha,core_macro+domestic_alpha,vix_t_minus_5,0.05515033379197121
samsung_electronics,005930,core_plus_domestic_alpha,core_macro+domestic_alpha,us_rate_t_minus_5,0.047652434557676315
samsung_electronics,005930,core_plus_domestic_alpha,core_macro+domestic_alpha,usd_krw_t_minus_5,0.0479242205619812
samsung_electronics,005930,core_plus_domestic_alpha,core_macro+domestic_alpha,alpha_foreign_net_buy_value_t_minus_1,0.03774517774581909
samsung_electronics,005930,core_plus_domestic_alpha,core_macro+domestic_alpha,alpha_institution_net_buy_value_t_minus_1,0.036316629499197006
samsung_electronics,005930,core_plus_domestic_alpha,core_macro+domestic_alpha,alpha_foreign_net_buy_value_t_minus_3,0.04110383987426758
samsung_electronics,005930,core_plus_domestic_alpha,core_macro+domestic_alpha,alpha_institution_net_buy_value_t_minus_3,0.0439215749502182
samsung_electronics,005930,core_plus_domestic_alpha,core_macro+domestic_alpha,alpha_foreign_net_buy_value_t_minus_5,0.040844373404979706
samsung_electronics,005930,core_plus_domestic_alpha,core_macro+domestic_alpha,alpha_institution_net_buy_value_t_minus_5,0.03635905310511589
samsung_electronics,005930,proposed_daily_extended,core_macro+rates+dollar+semi_etf,nasdaq_t_minus_1,0.025820346549153328
samsung_electronics,005930,proposed_daily_extended,core_macro+rates+dollar+semi_etf,sox_t_minus_1,0.02677125111222267
samsung_electronics,005930,proposed_daily_extended,core_macro+rates+dollar+semi_etf,vix_t_minus_1,0.02389095351099968
samsung_electronics,005930,proposed_daily_extended,core_macro+rates+dollar+semi_etf,us_rate_t_minus_1,0.02475026622414589
samsung_electronics,005930,proposed_daily_extended,core_macro+rates+dollar+semi_etf,usd_krw_t_minus_1,0.02405722253024578
samsung_electronics,005930,proposed_daily_extended,core_macro+rates+dollar+semi_etf,nasdaq_t_minus_3,0.031174160540103912
samsung_electronics,005930,proposed_daily_extended,core_macro+rates+dollar+semi_etf,sox_t_minus_3,0.026914574205875397
samsung_electronics,005930,proposed_daily_extended,core_macro+rates+dollar+semi_etf,vix_t_minus_3,0.030011683702468872
samsung_electronics,005930,proposed_daily_extended,core_macro+rates+dollar+semi_etf,us_rate_t_minus_3,0.044874224811792374
samsung_electronics,005930,proposed_daily_extended,core_macro+rates+dollar+semi_etf,usd_krw_t_minus_3,0.03251318261027336
samsung_electronics,005930,proposed_daily_extended,core_macro+rates+dollar+semi_etf,nasdaq_t_minus_5,0.03316483274102211
samsung_electronics,005930,proposed_daily_extended,core_macro+rates+dollar+semi_etf,sox_t_minus_5,0.02683413214981556
samsung_electronics,005930,proposed_daily_extended,core_macro+rates+dollar+semi_etf,vix_t_minus_5,0.031494200229644775
samsung_electronics,005930,proposed_daily_extended,core_macro+rates+dollar+semi_etf,us_rate_t_minus_5,0.025250479578971863
samsung_electronics,005930,proposed_daily_extended,core_macro+rates+dollar+semi_etf,usd_krw_t_minus_5,0.026167336851358414
samsung_electronics,005930,proposed_daily_extended,core_macro+rates+dollar+semi_etf,us_10y_treasury_fred_t_minus_1,0.030045494437217712
samsung_electronics,005930,proposed_daily_extended,core_macro+rates+dollar+semi_etf,us_10y_treasury_fred_t_minus_3,0.029987787827849388
samsung_electronics,005930,proposed_daily_extended,core_macro+rates+dollar+semi_etf,us_10y_treasury_fred_t_minus_5,0.026077410206198692
samsung_electronics,005930,proposed_daily_extended,core_macro+rates+dollar+semi_etf,us_2y_treasury_fred_t_minus_1,0.02651860937476158
samsung_electronics,005930,proposed_daily_extended,core_macro+rates+dollar+semi_etf,us_2y_treasury_fred_t_minus_3,0.027513708919286728
samsung_electronics,005930,proposed_daily_extended,core_macro+rates+dollar+semi_etf,us_2y_treasury_fred_t_minus_5,0.03329792991280556
samsung_electronics,005930,proposed_daily_extended,core_macro+rates+dollar+semi_etf,us_10y_2y_spread_t_minus_1,0.02606719173491001
samsung_electronics,005930,proposed_daily_extended,core_macro+rates+dollar+semi_etf,us_10y_2y_spread_t_minus_3,0.032403986901044846
samsung_electronics,005930,proposed_daily_extended,core_macro+rates+dollar+semi_etf,us_10y_2y_spread_t_minus_5,0.030924778431653976
samsung_electronics,005930,proposed_daily_extended,core_macro+rates+dollar+semi_etf,broad_dollar_index_t_minus_1,0.029430583119392395
samsung_electronics,005930,proposed_daily_extended,core_macro+rates+dollar+semi_etf,broad_dollar_index_t_minus_3,0.03263501822948456
samsung_electronics,005930,proposed_daily_extended,core_macro+rates+dollar+semi_etf,broad_dollar_index_t_minus_5,0.0281362421810627
samsung_electronics,005930,proposed_daily_extended,core_macro+rates+dollar+semi_etf,smh_t_minus_1,0.037460874766111374
samsung_electronics,005930,proposed_daily_extended,core_macro+rates+dollar+semi_etf,smh_t_minus_3,0.030095215886831284
samsung_electronics,005930,proposed_daily_extended,core_macro+rates+dollar+semi_etf,smh_t_minus_5,0.04441699758172035
samsung_electronics,005930,proposed_daily_extended,core_macro+rates+dollar+semi_etf,soxx_t_minus_1,0.03760576248168945
samsung_electronics,005930,proposed_daily_extended,core_macro+rates+dollar+semi_etf,soxx_t_minus_3,0.03315228223800659
samsung_electronics,005930,proposed_daily_extended,core_macro+rates+dollar+semi_etf,soxx_t_minus_5,0.030541233718395233
sk_hynix,000660,core_plus_rates,core_macro+rates,nasdaq_t_minus_1,0.039725854992866516
sk_hynix,000660,core_plus_rates,core_macro+rates,sox_t_minus_1,0.04254722595214844
sk_hynix,000660,core_plus_rates,core_macro+rates,vix_t_minus_1,0.03564761206507683
sk_hynix,000660,core_plus_rates,core_macro+rates,us_rate_t_minus_1,0.048708248883485794
sk_hynix,000660,core_plus_rates,core_macro+rates,usd_krw_t_minus_1,0.04085812345147133
sk_hynix,000660,core_plus_rates,core_macro+rates,nasdaq_t_minus_3,0.040254946798086166
sk_hynix,000660,core_plus_rates,core_macro+rates,sox_t_minus_3,0.04313857853412628
sk_hynix,000660,core_plus_rates,core_macro+rates,vix_t_minus_3,0.04249023646116257
sk_hynix,000660,core_plus_rates,core_macro+rates,us_rate_t_minus_3,0.04066936671733856
sk_hynix,000660,core_plus_rates,core_macro+rates,usd_krw_t_minus_3,0.04238774999976158
sk_hynix,000660,core_plus_rates,core_macro+rates,nasdaq_t_minus_5,0.04083817079663277
sk_hynix,000660,core_plus_rates,core_macro+rates,sox_t_minus_5,0.04038144275546074
sk_hynix,000660,core_plus_rates,core_macro+rates,vix_t_minus_5,0.03904522955417633
sk_hynix,000660,core_plus_rates,core_macro+rates,us_rate_t_minus_5,0.04540111869573593
sk_hynix,000660,core_plus_rates,core_macro+rates,usd_krw_t_minus_5,0.03889885172247887
sk_hynix,000660,core_plus_rates,core_macro+rates,us_10y_treasury_fred_t_minus_1,0.035761311650276184
sk_hynix,000660,core_plus_rates,core_macro+rates,us_10y_treasury_fred_t_minus_3,0.03849920257925987
sk_hynix,000660,core_plus_rates,core_macro+rates,us_10y_treasury_fred_t_minus_5,0.04472006484866142
sk_hynix,000660,core_plus_rates,core_macro+rates,us_2y_treasury_fred_t_minus_1,0.05057708919048309
sk_hynix,000660,core_plus_rates,core_macro+rates,us_2y_treasury_fred_t_minus_3,0.043665673583745956
sk_hynix,000660,core_plus_rates,core_macro+rates,us_2y_treasury_fred_t_minus_5,0.04480092227458954
sk_hynix,000660,core_plus_rates,core_macro+rates,us_10y_2y_spread_t_minus_1,0.03893115743994713
sk_hynix,000660,core_plus_rates,core_macro+rates,us_10y_2y_spread_t_minus_3,0.03691064566373825
sk_hynix,000660,core_plus_rates,core_macro+rates,us_10y_2y_spread_t_minus_5,0.04514114186167717
sk_hynix,000660,core_plus_broad_dollar,core_macro+dollar,nasdaq_t_minus_1,0.04796828702092171
sk_hynix,000660,core_plus_broad_dollar,core_macro+dollar,sox_t_minus_1,0.06094572693109512
sk_hynix,000660,core_plus_broad_dollar,core_macro+dollar,vix_t_minus_1,0.05002923682332039
sk_hynix,000660,core_plus_broad_dollar,core_macro+dollar,us_rate_t_minus_1,0.05020042136311531
sk_hynix,000660,core_plus_broad_dollar,core_macro+dollar,usd_krw_t_minus_1,0.05485968664288521
sk_hynix,000660,core_plus_broad_dollar,core_macro+dollar,nasdaq_t_minus_3,0.05377709120512009
sk_hynix,000660,core_plus_broad_dollar,core_macro+dollar,sox_t_minus_3,0.0541837252676487
sk_hynix,000660,core_plus_broad_dollar,core_macro+dollar,vix_t_minus_3,0.055183712393045425
sk_hynix,000660,core_plus_broad_dollar,core_macro+dollar,us_rate_t_minus_3,0.06757397204637527
sk_hynix,000660,core_plus_broad_dollar,core_macro+dollar,usd_krw_t_minus_3,0.0492573007941246
sk_hynix,000660,core_plus_broad_dollar,core_macro+dollar,nasdaq_t_minus_5,0.05195013806223869
sk_hynix,000660,core_plus_broad_dollar,core_macro+dollar,sox_t_minus_5,0.052756521850824356
sk_hynix,000660,core_plus_broad_dollar,core_macro+dollar,vix_t_minus_5,0.05661714822053909
sk_hynix,000660,core_plus_broad_dollar,core_macro+dollar,us_rate_t_minus_5,0.06432042270898819
sk_hynix,000660,core_plus_broad_dollar,core_macro+dollar,usd_krw_t_minus_5,0.05317140743136406
sk_hynix,000660,core_plus_broad_dollar,core_macro+dollar,broad_dollar_index_t_minus_1,0.056314729154109955
sk_hynix,000660,core_plus_broad_dollar,core_macro+dollar,broad_dollar_index_t_minus_3,0.06233622506260872
sk_hynix,000660,core_plus_broad_dollar,core_macro+dollar,broad_dollar_index_t_minus_5,0.058554165065288544
sk_hynix,000660,core_plus_semi_etf,core_macro+semi_etf,nasdaq_t_minus_1,0.04333171993494034
sk_hynix,000660,core_plus_semi_etf,core_macro+semi_etf,sox_t_minus_1,0.04772552102804184
sk_hynix,000660,core_plus_semi_etf,core_macro+semi_etf,vix_t_minus_1,0.041372183710336685
sk_hynix,000660,core_plus_semi_etf,core_macro+semi_etf,us_rate_t_minus_1,0.046867262572050095
sk_hynix,000660,core_plus_semi_etf,core_macro+semi_etf,usd_krw_t_minus_1,0.04544062539935112
sk_hynix,000660,core_plus_semi_etf,core_macro+semi_etf,nasdaq_t_minus_3,0.043696388602256775
sk_hynix,000660,core_plus_semi_etf,core_macro+semi_etf,sox_t_minus_3,0.04918503016233444
sk_hynix,000660,core_plus_semi_etf,core_macro+semi_etf,vix_t_minus_3,0.044396743178367615
sk_hynix,000660,core_plus_semi_etf,core_macro+semi_etf,us_rate_t_minus_3,0.0476393885910511
sk_hynix,000660,core_plus_semi_etf,core_macro+semi_etf,usd_krw_t_minus_3,0.04303649812936783
sk_hynix,000660,core_plus_semi_etf,core_macro+semi_etf,nasdaq_t_minus_5,0.048485491424798965
sk_hynix,000660,core_plus_semi_etf,core_macro+semi_etf,sox_t_minus_5,0.044247817248106
sk_hynix,000660,core_plus_semi_etf,core_macro+semi_etf,vix_t_minus_5,0.043316800147295
sk_hynix,000660,core_plus_semi_etf,core_macro+semi_etf,us_rate_t_minus_5,0.05738845840096474
sk_hynix,000660,core_plus_semi_etf,core_macro+semi_etf,usd_krw_t_minus_5,0.045332171022892
sk_hynix,000660,core_plus_semi_etf,core_macro+semi_etf,smh_t_minus_1,0.05203418806195259
sk_hynix,000660,core_plus_semi_etf,core_macro+semi_etf,smh_t_minus_3,0.05174333602190018
sk_hynix,000660,core_plus_semi_etf,core_macro+semi_etf,smh_t_minus_5,0.049121249467134476
sk_hynix,000660,core_plus_semi_etf,core_macro+semi_etf,soxx_t_minus_1,0.04724140837788582
sk_hynix,000660,core_plus_semi_etf,core_macro+semi_etf,soxx_t_minus_3,0.0545966699719429
sk_hynix,000660,core_plus_semi_etf,core_macro+semi_etf,soxx_t_minus_5,0.05380094051361084
sk_hynix,000660,core_plus_monthly_industry,core_macro+monthly_industry,nasdaq_t_minus_1,0.034138455986976624
sk_hynix,000660,core_plus_monthly_industry,core_macro+monthly_industry,sox_t_minus_1,0.04191968962550163
sk_hynix,000660,core_plus_monthly_industry,core_macro+monthly_industry,vix_t_minus_1,0.03397063910961151
sk_hynix,000660,core_plus_monthly_industry,core_macro+monthly_industry,us_rate_t_minus_1,0.03941114991903305
sk_hynix,000660,core_plus_monthly_industry,core_macro+monthly_industry,usd_krw_t_minus_1,0.03492296114563942
sk_hynix,000660,core_plus_monthly_industry,core_macro+monthly_industry,nasdaq_t_minus_3,0.03549615666270256
sk_hynix,000660,core_plus_monthly_industry,core_macro+monthly_industry,sox_t_minus_3,0.04010277986526489
sk_hynix,000660,core_plus_monthly_industry,core_macro+monthly_industry,vix_t_minus_3,0.037221454083919525
sk_hynix,000660,core_plus_monthly_industry,core_macro+monthly_industry,us_rate_t_minus_3,0.0401899479329586
sk_hynix,000660,core_plus_monthly_industry,core_macro+monthly_industry,usd_krw_t_minus_3,0.03274538367986679
sk_hynix,000660,core_plus_monthly_industry,core_macro+monthly_industry,nasdaq_t_minus_5,0.038054194301366806
sk_hynix,000660,core_plus_monthly_industry,core_macro+monthly_industry,sox_t_minus_5,0.03767843544483185
sk_hynix,000660,core_plus_monthly_industry,core_macro+monthly_industry,vix_t_minus_5,0.0396416001021862
sk_hynix,000660,core_plus_monthly_industry,core_macro+monthly_industry,us_rate_t_minus_5,0.04675478860735893
sk_hynix,000660,core_plus_monthly_industry,core_macro+monthly_industry,usd_krw_t_minus_5,0.03631783276796341
sk_hynix,000660,core_plus_monthly_industry,core_macro+monthly_industry,semiconductor_electronic_component_industrial_production_t_minus_1,0.04187724366784096
sk_hynix,000660,core_plus_monthly_industry,core_macro+monthly_industry,semiconductor_electronic_component_industrial_production_t_minus_3,0.037563253194093704
sk_hynix,000660,core_plus_monthly_industry,core_macro+monthly_industry,semiconductor_electronic_component_industrial_production_t_minus_5,0.04559895023703575
sk_hynix,000660,core_plus_monthly_industry,core_macro+monthly_industry,semiconductor_related_device_ppi_t_minus_1,0.05847827345132828
sk_hynix,000660,core_plus_monthly_industry,core_macro+monthly_industry,semiconductor_related_device_ppi_t_minus_3,0.05122559517621994
sk_hynix,000660,core_plus_monthly_industry,core_macro+monthly_industry,semiconductor_related_device_ppi_t_minus_5,0.05876971781253815
sk_hynix,000660,core_plus_monthly_industry,core_macro+monthly_industry,computers_electronic_products_new_orders_t_minus_1,0.04229575768113136
sk_hynix,000660,core_plus_monthly_industry,core_macro+monthly_industry,computers_electronic_products_new_orders_t_minus_3,0.03956220671534538
sk_hynix,000660,core_plus_monthly_industry,core_macro+monthly_industry,computers_electronic_products_new_orders_t_minus_5,0.05606350675225258
sk_hynix,000660,core_plus_domestic_alpha,core_macro+domestic_alpha,nasdaq_t_minus_1,0.04804403334856033
sk_hynix,000660,core_plus_domestic_alpha,core_macro+domestic_alpha,sox_t_minus_1,0.05309782177209854
sk_hynix,000660,core_plus_domestic_alpha,core_macro+domestic_alpha,vix_t_minus_1,0.04586666077375412
sk_hynix,000660,core_plus_domestic_alpha,core_macro+domestic_alpha,us_rate_t_minus_1,0.04707171022891998
sk_hynix,000660,core_plus_domestic_alpha,core_macro+domestic_alpha,usd_krw_t_minus_1,0.04795903339982033
sk_hynix,000660,core_plus_domestic_alpha,core_macro+domestic_alpha,nasdaq_t_minus_3,0.04517630115151405
sk_hynix,000660,core_plus_domestic_alpha,core_macro+domestic_alpha,sox_t_minus_3,0.05250139534473419
sk_hynix,000660,core_plus_domestic_alpha,core_macro+domestic_alpha,vix_t_minus_3,0.04884713888168335
sk_hynix,000660,core_plus_domestic_alpha,core_macro+domestic_alpha,us_rate_t_minus_3,0.05234212428331375
sk_hynix,000660,core_plus_domestic_alpha,core_macro+domestic_alpha,usd_krw_t_minus_3,0.04855198413133621
sk_hynix,000660,core_plus_domestic_alpha,core_macro+domestic_alpha,nasdaq_t_minus_5,0.04974059760570526
sk_hynix,000660,core_plus_domestic_alpha,core_macro+domestic_alpha,sox_t_minus_5,0.046828970313072205
sk_hynix,000660,core_plus_domestic_alpha,core_macro+domestic_alpha,vix_t_minus_5,0.047559794038534164
sk_hynix,000660,core_plus_domestic_alpha,core_macro+domestic_alpha,us_rate_t_minus_5,0.060217615216970444
sk_hynix,000660,core_plus_domestic_alpha,core_macro+domestic_alpha,usd_krw_t_minus_5,0.05306532606482506
sk_hynix,000660,core_plus_domestic_alpha,core_macro+domestic_alpha,alpha_foreign_net_buy_value_t_minus_1,0.03665243834257126
sk_hynix,000660,core_plus_domestic_alpha,core_macro+domestic_alpha,alpha_institution_net_buy_value_t_minus_1,0.03714722767472267
sk_hynix,000660,core_plus_domestic_alpha,core_macro+domestic_alpha,alpha_foreign_net_buy_value_t_minus_3,0.04225537180900574
sk_hynix,000660,core_plus_domestic_alpha,core_macro+domestic_alpha,alpha_institution_net_buy_value_t_minus_3,0.04585031419992447
sk_hynix,000660,core_plus_domestic_alpha,core_macro+domestic_alpha,alpha_foreign_net_buy_value_t_minus_5,0.044473953545093536
sk_hynix,000660,core_plus_domestic_alpha,core_macro+domestic_alpha,alpha_institution_net_buy_value_t_minus_5,0.046750228852033615
sk_hynix,000660,proposed_daily_extended,core_macro+rates+dollar+semi_etf,nasdaq_t_minus_1,0.02634693868458271
sk_hynix,000660,proposed_daily_extended,core_macro+rates+dollar+semi_etf,sox_t_minus_1,0.027247657999396324
sk_hynix,000660,proposed_daily_extended,core_macro+rates+dollar+semi_etf,vix_t_minus_1,0.026607109233736992
sk_hynix,000660,proposed_daily_extended,core_macro+rates+dollar+semi_etf,us_rate_t_minus_1,0.036957379430532455
sk_hynix,000660,proposed_daily_extended,core_macro+rates+dollar+semi_etf,usd_krw_t_minus_1,0.030012041330337524
sk_hynix,000660,proposed_daily_extended,core_macro+rates+dollar+semi_etf,nasdaq_t_minus_3,0.0277965497225523
sk_hynix,000660,proposed_daily_extended,core_macro+rates+dollar+semi_etf,sox_t_minus_3,0.029890581965446472
sk_hynix,000660,proposed_daily_extended,core_macro+rates+dollar+semi_etf,vix_t_minus_3,0.029906198382377625
sk_hynix,000660,proposed_daily_extended,core_macro+rates+dollar+semi_etf,us_rate_t_minus_3,0.031402114778757095
sk_hynix,000660,proposed_daily_extended,core_macro+rates+dollar+semi_etf,usd_krw_t_minus_3,0.028098009526729584
sk_hynix,000660,proposed_daily_extended,core_macro+rates+dollar+semi_etf,nasdaq_t_minus_5,0.03213721886277199
sk_hynix,000660,proposed_daily_extended,core_macro+rates+dollar+semi_etf,sox_t_minus_5,0.0266703050583601
sk_hynix,000660,proposed_daily_extended,core_macro+rates+dollar+semi_etf,vix_t_minus_5,0.028385505080223083
sk_hynix,000660,proposed_daily_extended,core_macro+rates+dollar+semi_etf,us_rate_t_minus_5,0.031078318133950233
sk_hynix,000660,proposed_daily_extended,core_macro+rates+dollar+semi_etf,usd_krw_t_minus_5,0.02560216188430786
sk_hynix,000660,proposed_daily_extended,core_macro+rates+dollar+semi_etf,us_10y_treasury_fred_t_minus_1,0.028103286400437355
sk_hynix,000660,proposed_daily_extended,core_macro+rates+dollar+semi_etf,us_10y_treasury_fred_t_minus_3,0.026383917778730392
sk_hynix,000660,proposed_daily_extended,core_macro+rates+dollar+semi_etf,us_10y_treasury_fred_t_minus_5,0.031083885580301285
sk_hynix,000660,proposed_daily_extended,core_macro+rates+dollar+semi_etf,us_2y_treasury_fred_t_minus_1,0.03700197860598564
sk_hynix,000660,proposed_daily_extended,core_macro+rates+dollar+semi_etf,us_2y_treasury_fred_t_minus_3,0.031050320714712143
sk_hynix,000660,proposed_daily_extended,core_macro+rates+dollar+semi_etf,us_2y_treasury_fred_t_minus_5,0.028815804049372673
sk_hynix,000660,proposed_daily_extended,core_macro+rates+dollar+semi_etf,us_10y_2y_spread_t_minus_1,0.028308680281043053
sk_hynix,000660,proposed_daily_extended,core_macro+rates+dollar+semi_etf,us_10y_2y_spread_t_minus_3,0.025081273168325424
sk_hynix,000660,proposed_daily_extended,core_macro+rates+dollar+semi_etf,us_10y_2y_spread_t_minus_5,0.030153634026646614
sk_hynix,000660,proposed_daily_extended,core_macro+rates+dollar+semi_etf,broad_dollar_index_t_minus_1,0.028255833312869072
sk_hynix,000660,proposed_daily_extended,core_macro+rates+dollar+semi_etf,broad_dollar_index_t_minus_3,0.03719056397676468
sk_hynix,000660,proposed_daily_extended,core_macro+rates+dollar+semi_etf,broad_dollar_index_t_minus_5,0.0308204535394907
sk_hynix,000660,proposed_daily_extended,core_macro+rates+dollar+semi_etf,smh_t_minus_1,0.033476218581199646
sk_hynix,000660,proposed_daily_extended,core_macro+rates+dollar+semi_etf,smh_t_minus_3,0.02886374108493328
sk_hynix,000660,proposed_daily_extended,core_macro+rates+dollar+semi_etf,smh_t_minus_5,0.02800758183002472
sk_hynix,000660,proposed_daily_extended,core_macro+rates+dollar+semi_etf,soxx_t_minus_1,0.04015599563717842
sk_hynix,000660,proposed_daily_extended,core_macro+rates+dollar+semi_etf,soxx_t_minus_3,0.036132290959358215
sk_hynix,000660,proposed_daily_extended,core_macro+rates+dollar+semi_etf,soxx_t_minus_5,0.03297652676701546
