name,ticker,recipe,selected_params,selected_by,validation_f1_macro,validation_balanced_accuracy,validation_accuracy,validation_log_loss,validation_passed_prediction_balance,feature_count
nvidia,NVDA,technical_only,baseline_depth3,validation_f1_macro_with_prediction_balance,0.39751552795031053,0.4043956043956044,0.39751552795031053,0.901796261145784,True,22
nvidia,NVDA,technical_core,baseline_depth3,validation_f1_macro_with_prediction_balance,0.5142431722894871,0.5472527472527473,0.5217391304347826,0.8467759098902683,True,37
nvidia,NVDA,technical_rates,depth2_fast,validation_f1_macro_with_prediction_balance,0.42944366167114983,0.5340659340659341,0.484472049689441,1.3113716409697704,True,46
nvidia,NVDA,technical_dollar,depth4_slow,validation_f1_macro_with_prediction_balance,0.40709742216270506,0.49835164835164836,0.453416149068323,0.931324664269792,True,40
nvidia,NVDA,technical_semi_etf,depth2_fast,validation_f1_macro_with_prediction_balance,0.5638544891640866,0.5824175824175825,0.5652173913043478,0.7553449508308284,True,43
nvidia,NVDA,technical_monthly_industry,baseline_depth3,validation_f1_macro_with_prediction_balance,0.4721311475409836,0.5439560439560439,0.5031055900621118,0.8783338698954968,True,46
nvidia,NVDA,technical_domestic_alpha,baseline_depth3,validation_f1_macro_with_prediction_balance,0.5142431722894871,0.5472527472527473,0.5217391304347826,0.8467759098902683,True,37
nvidia,NVDA,technical_rates_dollar,baseline_depth3,validation_f1_macro_with_prediction_balance,0.4649385177799933,0.5472527472527472,0.5031055900621118,1.311048509059171,True,49
nvidia,NVDA,technical_rates_semi_etf,baseline_depth3,validation_f1_macro_with_prediction_balance,0.4521739130434783,0.5434065934065935,0.4968944099378882,1.2623363914901948,True,52
nvidia,NVDA,technical_dollar_semi_etf,depth4_slow,validation_f1_macro_with_prediction_balance,0.3881986251654498,0.49615384615384617,0.4472049689440994,0.981597183981039,True,46
nvidia,NVDA,technical_alpha_semi_etf,depth2_fast,validation_f1_macro_with_prediction_balance,0.5638544891640866,0.5824175824175825,0.5652173913043478,0.7553449508308284,True,43
nvidia,NVDA,technical_alpha_rates,depth2_fast,validation_f1_macro_with_prediction_balance,0.42944366167114983,0.5340659340659341,0.484472049689441,1.3113716409697704,True,46
nvidia,NVDA,technical_daily_extended,depth2_fast,validation_f1_macro_with_prediction_balance,0.4157519824380628,0.554945054945055,0.4968944099378882,1.3058660105050786,False,55
nvidia,NVDA,technical_all_guarded,depth2_fast,validation_f1_macro_with_prediction_balance,0.42006861063464834,0.5285714285714286,0.4782608695652174,1.1833605846388815,True,64
samsung_electronics,005930,technical_only,depth3_regularized,validation_f1_macro_with_prediction_balance,0.47525107604017214,0.5174603174603174,0.5037593984962406,0.893332350760098,True,22
samsung_electronics,005930,technical_core,depth3_conservative,validation_f1_macro_with_prediction_balance,0.42795698924731185,0.5412698412698412,0.518796992481203,1.0970929982575315,False,37
samsung_electronics,005930,technical_rates,depth3_conservative,validation_f1_macro_with_prediction_balance,0.32142857142857145,0.5,0.47368421052631576,1.2957666131623424,False,46
samsung_electronics,005930,technical_dollar,depth3_conservative,validation_f1_macro_with_prediction_balance,0.4148108034928586,0.5341269841269841,0.5112781954887218,1.043916568966979,False,40
samsung_electronics,005930,technical_semi_etf,depth4_slow_unweighted,validation_f1_macro_with_prediction_balance,0.41052631578947363,0.5428571428571428,0.518796992481203,1.3381425192533267,False,43
samsung_electronics,005930,technical_monthly_industry,shallow_regularized,validation_f1_macro_with_prediction_balance,0.4195308237861429,0.542063492063492,0.518796992481203,1.1756961529772147,False,46
samsung_electronics,005930,technical_domestic_alpha,depth3_conservative,validation_f1_macro_with_prediction_balance,0.4148108034928586,0.5341269841269841,0.5112781954887218,1.137331443934823,False,43
samsung_electronics,005930,technical_rates_dollar,depth3_conservative,validation_f1_macro_with_prediction_balance,0.32142857142857145,0.5,0.47368421052631576,1.3103120040689902,False,49
samsung_electronics,005930,technical_rates_semi_etf,depth3_conservative,validation_f1_macro_with_prediction_balance,0.32142857142857145,0.5,0.47368421052631576,1.369326233751448,False,52
samsung_electronics,005930,technical_dollar_semi_etf,depth3_conservative,validation_f1_macro_with_prediction_balance,0.40596440596440597,0.5349206349206349,0.5112781954887218,1.1409174517775276,False,46
samsung_electronics,005930,technical_alpha_semi_etf,depth3_conservative,validation_f1_macro_with_prediction_balance,0.4195308237861429,0.542063492063492,0.518796992481203,1.2032291249220008,False,49
samsung_electronics,005930,technical_alpha_rates,depth3_conservative,validation_f1_macro_with_prediction_balance,0.3371614301191766,0.5071428571428571,0.48120300751879697,1.3142359098862841,False,52
samsung_electronics,005930,technical_daily_extended,depth3_conservative,validation_f1_macro_with_prediction_balance,0.3371614301191766,0.5071428571428571,0.48120300751879697,1.3362444504356477,False,55
samsung_electronics,005930,technical_all_guarded,depth3_conservative,validation_f1_macro_with_prediction_balance,0.36752076087728014,0.5214285714285715,0.49624060150375937,1.357612303902647,False,70
sk_hynix,000660,technical_only,shallow_regularized,validation_f1_macro_with_prediction_balance,0.5990530303030303,0.6008797093134443,0.6027397260273972,0.7103041989995432,True,22
sk_hynix,000660,technical_core,depth3_conservative,validation_f1_macro_with_prediction_balance,0.385380788365863,0.5342321667622872,0.4726027397260274,1.160322273757913,False,37
sk_hynix,000660,technical_rates,depth3_conservative,validation_f1_macro_with_prediction_balance,0.40134492373298347,0.5481927710843374,0.4863013698630137,1.2570340880982411,False,46
sk_hynix,000660,technical_dollar,depth4_slow,validation_f1_macro_with_prediction_balance,0.38965896589658966,0.5421686746987951,0.4794520547945205,1.3996227108590311,False,40
sk_hynix,000660,technical_semi_etf,depth3_regularized,validation_f1_macro_with_prediction_balance,0.40134492373298347,0.5481927710843374,0.4863013698630137,1.2660896069439926,False,43
sk_hynix,000660,technical_monthly_industry,depth3_conservative,validation_f1_macro_with_prediction_balance,0.41724120055984654,0.5246701090074584,0.4726027397260274,1.0962614919236109,True,46
sk_hynix,000660,technical_domestic_alpha,depth3_conservative,validation_f1_macro_with_prediction_balance,0.38813668600902645,0.5243832472748136,0.4657534246575342,1.1117754997100482,False,43
sk_hynix,000660,technical_rates_dollar,depth4_slow,validation_f1_macro_with_prediction_balance,0.40134492373298347,0.5481927710843374,0.4863013698630137,1.6769526783997093,False,49
sk_hynix,000660,technical_rates_semi_etf,depth3_regularized,validation_f1_macro_with_prediction_balance,0.38965896589658966,0.5421686746987951,0.4794520547945205,1.4682989321631201,False,52
sk_hynix,000660,technical_dollar_semi_etf,depth4_slow,validation_f1_macro_with_prediction_balance,0.38965896589658966,0.5421686746987951,0.4794520547945205,1.3549589432402926,False,46
sk_hynix,000660,technical_alpha_semi_etf,depth3_conservative,validation_f1_macro_with_prediction_balance,0.39695652173913043,0.5402562631478294,0.4794520547945205,1.1263602874973686,False,49
sk_hynix,000660,technical_alpha_rates,depth3_conservative,validation_f1_macro_with_prediction_balance,0.40134492373298347,0.5481927710843374,0.4863013698630137,1.2592200685941282,False,52
sk_hynix,000660,technical_daily_extended,depth3_conservative,validation_f1_macro_with_prediction_balance,0.38108695652173913,0.5262956588257793,0.4657534246575342,1.337739412688566,False,55
sk_hynix,000660,technical_all_guarded,depth4_slow,validation_f1_macro_with_prediction_balance,0.40134492373298347,0.5481927710843374,0.4863013698630137,1.5682724893062836,False,70
