name,ticker,recipe,params,accuracy_recent_regime,accuracy_test,balanced_accuracy_recent_regime,balanced_accuracy_test,f1_macro_recent_regime,f1_macro_test,long_short_spread_pred_up_minus_down_recent_regime,long_short_spread_pred_up_minus_down_test,passed_prediction_balance_recent_regime,passed_prediction_balance_test,roc_auc_recent_regime,roc_auc_test
nvidia,NVDA,technical_all_guarded,depth2_fast,0.5025906735751295,0.43010752688172044,0.5100429645542427,0.5092592592592593,0.3603976801988401,0.3158917418459403,0.06623851231705058,0.14635721943804159,0.0,0.0,0.46863587540279267,0.46949192782526117
nvidia,NVDA,technical_alpha_rates,depth2_fast,0.5284974093264249,0.42473118279569894,0.5355531686358754,0.5046296296296297,0.4116839178642013,0.3057522586946663,0.0737622980406587,0.12423414927742785,0.0,0.0,0.5204081632653061,0.5244539411206078
nvidia,NVDA,technical_alpha_semi_etf,depth2_fast,0.5025906735751295,0.42473118279569894,0.5098818474758324,0.5046296296296297,0.3682487725040916,0.3057522586946663,0.05468341564714449,0.16689804938851427,0.0,0.0,0.4817400644468314,0.5711063627730294
nvidia,NVDA,technical_core,baseline_depth3,0.5284974093264249,0.44086021505376344,0.534264232008593,0.5185185185185185,0.45707749853163937,0.3357142857142857,0.024721681997917567,0.07712375932384229,1.0,0.0,0.5083780880773362,0.5924738841405509
nvidia,NVDA,technical_daily_extended,depth2_fast,0.49740932642487046,0.42473118279569894,0.504779806659506,0.5046296296296297,0.3577481217194415,0.3057522586946663,0.039778019594399965,0.16689804938851427,0.0,0.0,0.49581095596133185,0.4610636277302944
nvidia,NVDA,technical_dollar,depth4_slow,0.5129533678756477,0.41935483870967744,0.5197636949516649,0.4964387464387464,0.402437417654809,0.3101648351648352,0.03989977789634697,0.01936940100971028,0.0,0.0,0.47690655209452204,0.5352564102564102
nvidia,NVDA,technical_dollar_semi_etf,depth4_slow,0.5284974093264249,0.41935483870967744,0.5355531686358754,0.4964387464387464,0.4116839178642013,0.3101648351648352,0.07851260907722411,0.01936940100971028,0.0,0.0,0.4677765843179377,0.5655270655270654
nvidia,NVDA,technical_domestic_alpha,baseline_depth3,0.5284974093264249,0.44086021505376344,0.534264232008593,0.5185185185185185,0.45707749853163937,0.3357142857142857,0.024721681997917567,0.07712375932384229,1.0,0.0,0.5083780880773362,0.5924738841405509
nvidia,NVDA,technical_monthly_industry,baseline_depth3,0.49222797927461137,0.42473118279569894,0.5,0.5046296296296297,0.3298611111111111,0.3057522586946663,,0.16689804938851427,0.0,0.0,0.5344790547798065,0.5283713200379867
nvidia,NVDA,technical_only,baseline_depth3,0.5233160621761658,0.46774193548387094,0.5227175080558539,0.47756410256410253,0.5222772277227723,0.46760343481654953,0.007931226741421611,-0.0008649881898861803,1.0,1.0,0.5178302900107411,0.47602089268755937
nvidia,NVDA,technical_rates,depth2_fast,0.5284974093264249,0.42473118279569894,0.5355531686358754,0.5046296296296297,0.4116839178642013,0.3057522586946663,0.0737622980406587,0.12423414927742785,0.0,0.0,0.5204081632653061,0.5244539411206078
nvidia,NVDA,technical_rates_dollar,baseline_depth3,0.48186528497409326,0.43548387096774194,0.4878625134264232,0.5032051282051282,0.39536340852130325,0.36232735821334117,-0.018260292604175228,0.01814536970295858,1.0,0.0,0.5060150375939849,0.5339506172839507
nvidia,NVDA,technical_rates_semi_etf,baseline_depth3,0.5129533678756477,0.41935483870967744,0.5200859291084855,0.4964387464387464,0.3887466307277628,0.3101648351648352,0.061462628116571424,0.030013516895057494,0.0,0.0,0.5472610096670247,0.5489078822412157
nvidia,NVDA,technical_semi_etf,depth2_fast,0.5025906735751295,0.42473118279569894,0.5098818474758324,0.5046296296296297,0.3682487725040916,0.3057522586946663,0.05468341564714449,0.16689804938851427,0.0,0.0,0.4817400644468314,0.5711063627730294
samsung_electronics,005930,technical_all_guarded,depth3_conservative,0.3545816733067729,0.5738636363636364,0.5296992481203008,0.506578947368421,0.31683467741935484,0.37662337662337664,0.026853887534528664,0.04025013579180977,0.0,0.0,0.6145112781954887,0.39223684210526316
samsung_electronics,005930,technical_alpha_rates,depth3_conservative,0.30278884462151395,0.5397727272727273,0.5,0.4892105263157895,0.2324159021406728,0.43083003952569165,,-0.0037086959827890963,0.0,1.0,0.5577443609022557,0.3852631578947368
samsung_electronics,005930,technical_alpha_semi_etf,depth3_conservative,0.35856573705179284,0.4090909090909091,0.5139473684210527,0.38842105263157894,0.33421750663129973,0.38328840970350403,0.015276653258332981,-0.028134110050655886,1.0,1.0,0.5122556390977443,0.3906578947368421
samsung_electronics,005930,technical_core,depth3_conservative,0.3466135458167331,0.4147727272727273,0.5016541353383459,0.39815789473684216,0.3207260726072607,0.3960353156754956,0.013631358294910662,-0.02283394556442105,1.0,1.0,0.4818045112781954,0.3994736842105263
samsung_electronics,005930,technical_daily_extended,depth3_conservative,0.30278884462151395,0.5284090909090909,0.5,0.4792105263157895,0.2324159021406728,0.4237702654727624,,-0.013955048256694703,0.0,1.0,0.5054887218045112,0.4118421052631579
samsung_electronics,005930,technical_dollar,depth3_conservative,0.3346613545816733,0.4659090909090909,0.5042481203007518,0.44789473684210523,0.2971309757365394,0.44520456069751846,-0.011304669656149471,-0.011609261026485813,0.0,1.0,0.4774436090225564,0.4167105263157895
samsung_electronics,005930,technical_dollar_semi_etf,depth3_conservative,0.3147410358565737,0.48863636363636365,0.49740601503759396,0.46,0.26216844407984685,0.44754464285714285,-0.002981510523950924,-0.010875464673628139,0.0,1.0,0.4820300751879699,0.4152631578947368
samsung_electronics,005930,technical_domestic_alpha,depth3_conservative,0.33067729083665337,0.4375,0.4976691729323308,0.4118421052631579,0.2942830365510778,0.40179215161190646,-0.0035843079036200903,-0.021670737125162595,0.0,1.0,0.4922556390977444,0.3907894736842105
samsung_electronics,005930,technical_monthly_industry,shallow_regularized,0.4900398406374502,0.5852272727272727,0.5375187969924813,0.5213157894736842,0.48572160327826863,0.41469636918591407,0.017281738481496455,0.035117424098134564,1.0,0.0,0.5808270676691729,0.43118421052631584
samsung_electronics,005930,technical_only,depth3_regularized,0.5099601593625498,0.4715909090909091,0.5257518796992481,0.4907894736842105,0.4958440158727566,0.46869218034862203,0.019089683001455485,-0.00249243899878087,1.0,1.0,0.5157894736842106,0.48815789473684207
samsung_electronics,005930,technical_rates,depth3_conservative,0.3107569721115538,0.4772727272727273,0.5057142857142857,0.4373684210526316,0.24514558887440244,0.4032139171458057,0.051194529225007286,-0.01828237462868,0.0,1.0,0.5208270676691729,0.39697368421052626
samsung_electronics,005930,technical_rates_dollar,depth3_conservative,0.30278884462151395,0.5170454545454546,0.5,0.46921052631578947,0.2324159021406728,0.41669590985300425,,-0.01545497029532841,0.0,1.0,0.484812030075188,0.4080263157894737
samsung_electronics,005930,technical_rates_semi_etf,depth3_conservative,0.30677290836653387,0.5284090909090909,0.5028571428571429,0.47605263157894734,0.23881065253764638,0.40941985041439255,0.04949493618531148,-0.009899356028668184,0.0,1.0,0.5273684210526315,0.4068421052631579
samsung_electronics,005930,technical_semi_etf,depth4_slow_unweighted,0.4541832669322709,0.42045454545454547,0.4373684210526316,0.4094736842105263,0.42769410002496466,0.4094736842105263,-0.003727097712727806,-0.023261920327879992,1.0,1.0,0.4364661654135338,0.40868421052631576
sk_hynix,000660,technical_all_guarded,depth4_slow,0.42248062015503873,0.4858757062146893,0.5497863247863248,0.5433333333333333,0.41608566871724767,0.43731004366812226,0.006225092638671992,0.03673705812451506,1.0,1.0,0.5005698005698005,0.5184313725490197
sk_hynix,000660,technical_alpha_rates,depth3_conservative,0.38372093023255816,0.4745762711864407,0.5474358974358975,0.5229411764705882,0.358660475587449,0.44322678843226787,0.00987383503876793,0.014651129484671507,1.0,1.0,0.5448717948717949,0.5078431372549019
sk_hynix,000660,technical_alpha_semi_etf,depth3_conservative,0.39147286821705424,0.4745762711864407,0.5202991452991453,0.4947058823529412,0.3825587244485771,0.4728937846232668,-0.006412571450412706,-0.0021579030556973834,1.0,1.0,0.5009259259259259,0.4963398692810458
sk_hynix,000660,technical_core,depth3_conservative,0.3798449612403101,0.4632768361581921,0.5047008547008547,0.4831372549019608,0.3713450292397661,0.46155816708828334,-0.014763010704679724,-0.006684716040658471,1.0,1.0,0.48418803418803424,0.49973856209150325
sk_hynix,000660,technical_daily_extended,depth3_conservative,0.40310077519379844,0.4406779661016949,0.5613247863247863,0.4758823529411765,0.38350297914597814,0.4263218202651825,0.029282288179359905,-0.006174508758575701,1.0,1.0,0.5324786324786325,0.4939869281045752
sk_hynix,000660,technical_dollar,depth4_slow,0.4108527131782946,0.423728813559322,0.49786324786324787,0.44176470588235295,0.41053391053391053,0.42223502304147464,-0.02394392110415588,-0.023840937574583804,1.0,1.0,0.4886039886039886,0.4939869281045751
sk_hynix,000660,technical_dollar_semi_etf,depth4_slow,0.4689922480620155,0.4463276836158192,0.5032051282051282,0.456078431372549,0.4621974042572615,0.44631001021450456,-0.020331384216855763,-0.01836835488279259,1.0,1.0,0.4735042735042735,0.4903267973856209
sk_hynix,000660,technical_domestic_alpha,depth3_conservative,0.38372093023255816,0.4576271186440678,0.5256410256410257,0.4835294117647059,0.3693095336930953,0.45257731958762887,-0.0012595916940074323,-0.007746816827934592,1.0,1.0,0.5032051282051282,0.490718954248366
sk_hynix,000660,technical_monthly_industry,depth3_conservative,0.44573643410852715,0.4745762711864407,0.5047008547008547,0.501764705882353,0.44432562692973865,0.4690856313497823,-0.009050309296722611,0.0036572623360795857,1.0,1.0,0.476994301994302,0.4725490196078431
sk_hynix,000660,technical_only,shallow_regularized,0.5155038759689923,0.5084745762711864,0.482051282051282,0.4888235294117647,0.4758057962062968,0.4872640095894516,-0.005809028280283901,-0.0016817221840591742,1.0,1.0,0.46645299145299146,0.5228758169934641
sk_hynix,000660,technical_rates,depth3_conservative,0.41472868217054265,0.4632768361581921,0.5623931623931624,0.49549019607843137,0.4010423873437572,0.4532240756999317,0.0277403050089298,-0.00042810634114784536,1.0,1.0,0.5395299145299145,0.4933333333333333
sk_hynix,000660,technical_rates_dollar,depth4_slow,0.40310077519379844,0.480225988700565,0.5685897435897436,0.5419607843137255,0.3798076923076923,0.42008547008547004,0.03079947483817986,0.05536703379654494,1.0,1.0,0.5045584045584045,0.5130718954248366
sk_hynix,000660,technical_rates_semi_etf,depth3_regularized,0.4263565891472868,0.4519774011299435,0.5743589743589743,0.49098039215686273,0.41363636363636364,0.43345982511136777,0.029738775806505136,-0.006109505680034081,1.0,1.0,0.5467236467236467,0.5245751633986928
sk_hynix,000660,technical_semi_etf,depth3_regularized,0.4573643410852713,0.4350282485875706,0.5057692307692307,0.44450980392156864,0.45408379179009734,0.43501021450459654,-0.022524486812599907,-0.020379833485710153,1.0,1.0,0.47635327635327634,0.5041830065359477
