date,nasdaq
2018-01-02,7006.89990234375
2018-01-03,7065.52978515625
2018-01-04,7077.91015625
2018-01-05,7136.56005859375
2018-01-08,7157.39013671875
2018-01-09,7163.580078125
2018-01-10,7153.56982421875
2018-01-11,7211.77978515625
2018-01-12,7261.06005859375
2018-01-16,7223.68994140625
2018-01-17,7298.27978515625
2018-01-18,7296.0498046875
2018-01-19,7336.3798828125
2018-01-22,7408.02978515625
2018-01-23,7460.2900390625
2018-01-24,7415.06005859375
2018-01-25,7411.16015625
2018-01-26,7505.77001953125
2018-01-29,7466.509765625
2018-01-30,7402.47998046875
2018-01-31,7411.47998046875
2018-02-01,7385.85986328125
2018-02-02,7240.9501953125
2018-02-05,6967.52978515625
2018-02-06,7115.8798828125
2018-02-07,7051.97998046875
2018-02-08,6777.16015625
2018-02-09,6874.490234375
2018-02-12,6981.9599609375
2018-02-13,7013.509765625
2018-02-14,7143.6201171875
2018-02-15,7256.43017578125
2018-02-16,7239.47021484375
2018-02-20,7234.31005859375
2018-02-21,7218.22998046875
2018-02-22,7210.08984375
2018-02-23,7337.39013671875
2018-02-26,7421.4599609375
2018-02-27,7330.35009765625
2018-02-28,7273.009765625
2018-03-01,7180.56005859375
2018-03-02,7257.8701171875
2018-03-05,7330.7099609375
2018-03-06,7372.009765625
2018-03-07,7396.64990234375
2018-03-08,7427.9501953125
2018-03-09,7560.81005859375
2018-03-12,7588.31982421875
2018-03-13,7511.009765625
2018-03-14,7496.81005859375
2018-03-15,7481.740234375
2018-03-16,7481.990234375
2018-03-19,7344.240234375
2018-03-20,7364.2998046875
2018-03-21,7345.2900390625
2018-03-22,7166.68017578125
2018-03-23,6992.669921875
2018-03-26,7220.5400390625
2018-03-27,7008.81005859375
2018-03-28,6949.22998046875
2018-03-29,7063.4501953125
2018-04-02,6870.1201171875
2018-04-03,6941.27978515625
2018-04-04,7042.10986328125
2018-04-05,7076.5498046875
2018-04-06,6915.10986328125
2018-04-09,6950.33984375
2018-04-10,7094.2998046875
2018-04-11,7069.02978515625
2018-04-12,7140.25
2018-04-13,7106.64990234375
2018-04-16,7156.27978515625
2018-04-17,7281.10009765625
2018-04-18,7295.240234375
2018-04-19,7238.06005859375
2018-04-20,7146.1298828125
2018-04-23,7128.60009765625
2018-04-24,7007.35009765625
2018-04-25,7003.740234375
2018-04-26,7118.68017578125
2018-04-27,7119.7998046875
2018-04-30,7066.27001953125
2018-05-01,7130.7001953125
2018-05-02,7100.89990234375
2018-05-03,7088.14990234375
2018-05-04,7209.6201171875
2018-05-07,7265.2099609375
2018-05-08,7266.89990234375
2018-05-09,7339.91015625
2018-05-10,7404.97021484375
2018-05-11,7402.8798828125
2018-05-14,7411.31982421875
2018-05-15,7351.6298828125
2018-05-16,7398.2998046875
2018-05-17,7382.47021484375
2018-05-18,7354.33984375
2018-05-21,7394.0400390625
2018-05-22,7378.4599609375
2018-05-23,7425.9599609375
2018-05-24,7424.43017578125
2018-05-25,7433.85009765625
2018-05-29,7396.58984375
2018-05-30,7462.4501953125
2018-05-31,7442.1201171875
2018-06-01,7554.330078125
2018-06-04,7606.4599609375
2018-06-05,7637.85986328125
2018-06-06,7689.240234375
2018-06-07,7635.06982421875
2018-06-08,7645.509765625
2018-06-11,7659.93017578125
2018-06-12,7703.7900390625
2018-06-13,7695.7001953125
2018-06-14,7761.0400390625
2018-06-15,7746.3798828125
2018-06-18,7747.02978515625
2018-06-19,7725.58984375
2018-06-20,7781.509765625
2018-06-21,7712.9501953125
2018-06-22,7692.81982421875
2018-06-25,7532.009765625
2018-06-26,7561.6298828125
2018-06-27,7445.080078125
2018-06-28,7503.68017578125
2018-06-29,7510.2998046875
2018-07-02,7567.68994140625
2018-07-03,7502.669921875
2018-07-05,7586.43017578125
2018-07-06,7688.39013671875
2018-07-09,7756.2001953125
2018-07-10,7759.2001953125
2018-07-11,7716.60986328125
2018-07-12,7823.919921875
2018-07-13,7825.97998046875
2018-07-16,7805.72021484375
2018-07-17,7855.1201171875
2018-07-18,7854.43994140625
2018-07-19,7825.2998046875
2018-07-20,7820.2001953125
2018-07-23,7841.8701171875
2018-07-24,7840.77001953125
2018-07-25,7932.240234375
2018-07-26,7852.18017578125
2018-07-27,7737.419921875
2018-07-30,7630.0
2018-07-31,7671.7900390625
2018-08-01,7707.2900390625
2018-08-02,7802.68994140625
2018-08-03,7812.009765625
2018-08-06,7859.68017578125
2018-08-07,7883.66015625
2018-08-08,7888.330078125
2018-08-09,7891.77978515625
2018-08-10,7839.10986328125
2018-08-13,7819.7099609375
2018-08-14,7870.89013671875
2018-08-15,7774.1201171875
2018-08-16,7806.52001953125
2018-08-17,7816.330078125
2018-08-20,7821.009765625
2018-08-21,7859.169921875
2018-08-22,7889.10009765625
2018-08-23,7878.4599609375
2018-08-24,7945.97998046875
2018-08-27,8017.89990234375
2018-08-28,8030.0400390625
2018-08-29,8109.68994140625
2018-08-30,8088.35986328125
2018-08-31,8109.5400390625
2018-09-04,8091.25
2018-09-05,7995.169921875
2018-09-06,7922.72998046875
2018-09-07,7902.5400390625
2018-09-10,7924.16015625
2018-09-11,7972.47021484375
2018-09-12,7954.22998046875
2018-09-13,8013.7099609375
2018-09-14,8010.0400390625
2018-09-17,7895.7900390625
2018-09-18,7956.10986328125
2018-09-19,7950.0400390625
2018-09-20,8028.22998046875
2018-09-21,7986.9599609375
2018-09-24,7993.25
2018-09-25,8007.47021484375
2018-09-26,7990.3701171875
2018-09-27,8041.97021484375
2018-09-28,8046.35009765625
2018-10-01,8037.2998046875
2018-10-02,7999.5498046875
2018-10-03,8025.08984375
2018-10-04,7879.509765625
2018-10-05,7788.4501953125
2018-10-08,7735.9501953125
2018-10-09,7738.02001953125
2018-10-10,7422.0498046875
2018-10-11,7329.06005859375
2018-10-12,7496.89013671875
2018-10-15,7430.740234375
2018-10-16,7645.490234375
2018-10-17,7642.7001953125
2018-10-18,7485.14013671875
2018-10-19,7449.02978515625
2018-10-22,7468.6298828125
2018-10-23,7437.5400390625
2018-10-24,7108.39990234375
2018-10-25,7318.33984375
2018-10-26,7167.2099609375
2018-10-29,7050.2900390625
2018-10-30,7161.64990234375
2018-10-31,7305.89990234375
2018-11-01,7434.06005859375
2018-11-02,7356.990234375
2018-11-05,7328.85009765625
2018-11-06,7375.9599609375
2018-11-07,7570.75
2018-11-08,7530.8798828125
2018-11-09,7406.89990234375
2018-11-12,7200.8701171875
2018-11-13,7200.8701171875
2018-11-14,7136.39013671875
2018-11-15,7259.02978515625
2018-11-16,7247.8701171875
2018-11-19,7028.47998046875
2018-11-20,6908.81982421875
2018-11-21,6972.25
2018-11-23,6938.97998046875
2018-11-26,7081.85009765625
2018-11-27,7082.7001953125
2018-11-28,7291.58984375
2018-11-29,7273.080078125
2018-11-30,7330.5400390625
2018-12-03,7441.509765625
2018-12-04,7158.43017578125
2018-12-06,7188.259765625
2018-12-07,6969.25
2018-12-10,7020.52001953125
2018-12-11,7031.830078125
2018-12-12,7098.31005859375
2018-12-13,7070.330078125
2018-12-14,6910.66015625
2018-12-17,6753.72998046875
2018-12-18,6783.91015625
2018-12-19,6636.830078125
2018-12-20,6528.41015625
2018-12-21,6332.990234375
2018-12-24,6192.919921875
2018-12-26,6554.35986328125
2018-12-27,6579.490234375
2018-12-28,6584.52001953125
2018-12-31,6635.27978515625
2019-01-02,6665.93994140625
2019-01-03,6463.5
2019-01-04,6738.85986328125
2019-01-07,6823.47021484375
2019-01-08,6897.0
2019-01-09,6957.080078125
2019-01-10,6986.06982421875
2019-01-11,6971.47998046875
2019-01-14,6905.919921875
2019-01-15,7023.830078125
2019-01-16,7034.68994140625
2019-01-17,7084.4599609375
2019-01-18,7157.22998046875
2019-01-22,7020.35986328125
2019-01-23,7025.77001953125
2019-01-24,7073.4599609375
2019-01-25,7164.85986328125
2019-01-28,7085.68017578125
2019-01-29,7028.2900390625
2019-01-30,7183.080078125
2019-01-31,7281.740234375
2019-02-01,7263.8701171875
2019-02-04,7347.5400390625
2019-02-05,7402.080078125
2019-02-06,7375.27978515625
2019-02-07,7288.35009765625
2019-02-08,7298.2001953125
2019-02-11,7307.89990234375
2019-02-12,7414.6201171875
2019-02-13,7420.3798828125
2019-02-14,7426.9501953125
2019-02-15,7472.41015625
2019-02-19,7486.77001953125
2019-02-20,7489.06982421875
2019-02-21,7459.7099609375
2019-02-22,7527.5400390625
2019-02-25,7554.4599609375
2019-02-26,7549.2998046875
2019-02-27,7554.509765625
2019-02-28,7532.52978515625
2019-03-01,7595.35009765625
2019-03-04,7577.56982421875
2019-03-05,7576.35986328125
2019-03-06,7505.919921875
2019-03-07,7421.4599609375
2019-03-08,7408.14013671875
2019-03-11,7558.06005859375
2019-03-12,7591.02978515625
2019-03-13,7643.41015625
2019-03-14,7630.91015625
2019-03-15,7688.52978515625
2019-03-18,7714.47998046875
2019-03-19,7723.9501953125
2019-03-20,7728.97021484375
2019-03-21,7838.9599609375
2019-03-22,7642.669921875
2019-03-25,7637.5400390625
2019-03-26,7691.52001953125
2019-03-27,7643.3798828125
2019-03-28,7669.169921875
2019-03-29,7729.31982421875
2019-04-01,7828.91015625
2019-04-02,7848.68994140625
2019-04-03,7895.5498046875
2019-04-04,7891.77978515625
2019-04-05,7938.68994140625
2019-04-08,7953.8798828125
2019-04-09,7909.27978515625
2019-04-10,7964.240234375
2019-04-11,7947.35986328125
2019-04-12,7984.16015625
2019-04-15,7976.009765625
2019-04-16,8000.22998046875
2019-04-17,7996.080078125
2019-04-18,7998.06005859375
2019-04-22,8015.27001953125
2019-04-23,8120.81982421875
2019-04-24,8102.009765625
2019-04-25,8118.68017578125
2019-04-26,8146.39990234375
2019-04-29,8161.85009765625
2019-04-30,8095.39013671875
2019-05-01,8049.64013671875
2019-05-02,8036.77001953125
2019-05-03,8164.0
2019-05-06,8123.2900390625
2019-05-07,7963.759765625
2019-05-08,7943.31982421875
2019-05-09,7910.58984375
2019-05-10,7916.93994140625
2019-05-13,7647.02001953125
2019-05-14,7734.490234375
2019-05-15,7822.14990234375
2019-05-16,7898.0498046875
2019-05-17,7816.27978515625
2019-05-20,7702.3798828125
2019-05-21,7785.72021484375
2019-05-22,7750.83984375
2019-05-23,7628.27978515625
2019-05-24,7637.009765625
2019-05-28,7607.35009765625
2019-05-29,7547.31005859375
2019-05-30,7567.72021484375
2019-05-31,7453.14990234375
2019-06-03,7333.02001953125
2019-06-04,7527.1201171875
2019-06-05,7575.47998046875
2019-06-06,7615.5498046875
2019-06-07,7742.10009765625
2019-06-10,7823.169921875
2019-06-11,7822.56982421875
2019-06-12,7792.72021484375
2019-06-13,7837.1298828125
2019-06-14,7796.66015625
2019-06-17,7845.02001953125
2019-06-18,7953.8798828125
2019-06-19,7987.31982421875
2019-06-20,8051.33984375
2019-06-21,8031.7099609375
2019-06-24,8005.7001953125
2019-06-25,7884.72021484375
2019-06-26,7909.97021484375
2019-06-27,7967.759765625
2019-06-28,8006.240234375
2019-07-01,8091.16015625
2019-07-02,8109.08984375
2019-07-03,8170.22998046875
2019-07-05,8161.7900390625
2019-07-08,8098.3798828125
2019-07-09,8141.72998046875
2019-07-10,8202.5302734375
2019-07-11,8196.0400390625
2019-07-12,8244.1396484375
2019-07-15,8258.1904296875
2019-07-16,8222.7998046875
2019-07-17,8185.2099609375
2019-07-18,8207.240234375
2019-07-19,8146.490234375
2019-07-22,8204.1396484375
2019-07-23,8251.400390625
2019-07-24,8321.5
2019-07-25,8238.5400390625
2019-07-26,8330.2099609375
2019-07-29,8293.330078125
2019-07-30,8273.6103515625
2019-07-31,8175.419921875
2019-08-01,8111.1201171875
2019-08-02,8004.06982421875
2019-08-05,7726.0400390625
2019-08-06,7833.27001953125
2019-08-07,7862.830078125
2019-08-08,8039.16015625
2019-08-09,7959.14013671875
2019-08-12,7863.41015625
2019-08-13,8016.35986328125
2019-08-14,7773.93994140625
2019-08-15,7766.6201171875
2019-08-16,7895.990234375
2019-08-19,8002.81005859375
2019-08-20,7948.56005859375
2019-08-21,8020.2099609375
2019-08-22,7991.39013671875
2019-08-23,7751.77001953125
2019-08-26,7853.740234375
2019-08-27,7826.9501953125
2019-08-28,7856.8798828125
2019-08-29,7973.39013671875
2019-08-30,7962.8798828125
2019-09-03,7874.16015625
2019-09-04,7976.8798828125
2019-09-05,8116.830078125
2019-09-06,8103.06982421875
2019-09-09,8087.43994140625
2019-09-10,8084.16015625
2019-09-11,8169.68017578125
2019-09-12,8194.4697265625
2019-09-13,8176.7099609375
2019-09-16,8153.5400390625
2019-09-17,8186.02001953125
2019-09-18,8177.39013671875
2019-09-19,8182.8798828125
2019-09-20,8117.669921875
2019-09-23,8112.4599609375
2019-09-24,7993.6298828125
2019-09-25,8077.3798828125
2019-09-26,8030.66015625
2019-09-27,7939.6298828125
2019-09-30,7999.33984375
2019-10-01,7908.68017578125
2019-10-02,7785.25
2019-10-03,7872.259765625
2019-10-04,7982.47021484375
2019-10-07,7956.2900390625
2019-10-08,7823.77978515625
2019-10-09,7903.740234375
2019-10-10,7950.77978515625
2019-10-11,8057.0400390625
2019-10-14,8048.64990234375
2019-10-15,8148.7099609375
2019-10-16,8124.18017578125
2019-10-17,8156.85009765625
2019-10-18,8089.5400390625
2019-10-21,8162.990234375
2019-10-22,8104.2998046875
2019-10-23,8119.7900390625
2019-10-24,8185.7998046875
2019-10-25,8243.1201171875
2019-10-28,8325.990234375
2019-10-29,8276.849609375
2019-10-30,8303.98046875
2019-10-31,8292.3603515625
2019-11-01,8386.400390625
2019-11-04,8433.2001953125
2019-11-05,8434.6796875
2019-11-06,8410.6298828125
2019-11-07,8434.51953125
2019-11-08,8475.3095703125
2019-11-11,8464.2802734375
2019-11-12,8486.08984375
2019-11-13,8482.099609375
2019-11-14,8479.01953125
2019-11-15,8540.830078125
2019-11-18,8549.9404296875
2019-11-19,8570.66015625
2019-11-20,8526.73046875
2019-11-21,8506.2099609375
2019-11-22,8519.8798828125
2019-11-25,8632.490234375
2019-11-26,8647.9296875
2019-11-27,8705.1796875
2019-11-29,8665.4697265625
2019-12-02,8567.990234375
2019-12-03,8520.6396484375
2019-12-04,8566.669921875
2019-12-05,8570.7001953125
2019-12-06,8656.5302734375
2019-12-09,8621.830078125
2019-12-10,8616.1796875
2019-12-11,8654.0498046875
2019-12-12,8717.3203125
2019-12-13,8734.8798828125
2019-12-16,8814.23046875
2019-12-17,8823.3603515625
2019-12-18,8827.740234375
2019-12-19,8887.2197265625
2019-12-20,8924.9599609375
2019-12-23,8945.650390625
2019-12-24,8952.8798828125
2019-12-26,9022.3896484375
2019-12-27,9006.6201171875
2019-12-30,8945.990234375
2019-12-31,8972.599609375
2020-01-02,9092.1904296875
2020-01-03,9020.76953125
2020-01-06,9071.4697265625
2020-01-07,9068.580078125
2020-01-08,9129.240234375
2020-01-09,9203.4296875
2020-01-10,9178.8603515625
2020-01-13,9273.9296875
2020-01-14,9251.330078125
2020-01-15,9258.7001953125
2020-01-16,9357.1298828125
2020-01-17,9388.9404296875
2020-01-21,9370.8095703125
2020-01-22,9383.76953125
2020-01-23,9402.48046875
2020-01-24,9314.91015625
2020-01-27,9139.3095703125
2020-01-28,9269.6796875
2020-01-29,9275.16015625
2020-01-30,9298.9296875
2020-01-31,9150.9404296875
2020-02-03,9273.400390625
2020-02-04,9467.9697265625
2020-02-05,9508.6796875
2020-02-06,9572.150390625
2020-02-07,9520.509765625
2020-02-10,9628.3896484375
2020-02-11,9638.9404296875
2020-02-12,9725.9599609375
2020-02-13,9711.9697265625
2020-02-14,9731.1796875
2020-02-18,9732.740234375
2020-02-19,9817.1796875
2020-02-20,9750.9697265625
2020-02-21,9576.58984375
2020-02-24,9221.2802734375
2020-02-25,8965.6103515625
2020-02-26,8980.7802734375
2020-02-27,8566.48046875
2020-02-28,8567.3701171875
2020-03-02,8952.169921875
2020-03-03,8684.08984375
2020-03-04,9018.08984375
2020-03-05,8738.58984375
2020-03-06,8575.6201171875
2020-03-09,7950.68017578125
2020-03-10,8344.25
2020-03-11,7952.0498046875
2020-03-12,7201.7998046875
2020-03-13,7874.8798828125
2020-03-16,6904.58984375
2020-03-17,7334.77978515625
2020-03-18,6989.83984375
2020-03-19,7150.580078125
2020-03-20,6879.52001953125
2020-03-23,6860.669921875
2020-03-24,7417.85986328125
2020-03-25,7384.2998046875
2020-03-26,7797.5400390625
2020-03-27,7502.3798828125
2020-03-30,7774.14990234375
2020-03-31,7700.10009765625
2020-04-01,7360.580078125
2020-04-02,7487.31005859375
2020-04-03,7373.080078125
2020-04-06,7913.240234375
2020-04-07,7887.259765625
2020-04-08,8090.89990234375
2020-04-09,8153.580078125
2020-04-13,8192.419921875
2020-04-14,8515.740234375
2020-04-15,8393.1796875
2020-04-16,8532.3603515625
2020-04-17,8650.1396484375
2020-04-20,8560.73046875
2020-04-21,8263.23046875
2020-04-22,8495.3798828125
2020-04-23,8494.75
2020-04-24,8634.51953125
2020-04-27,8730.16015625
2020-04-28,8607.73046875
2020-04-29,8914.7099609375
2020-04-30,8889.5498046875
2020-05-01,8604.9501953125
2020-05-04,8710.7099609375
2020-05-05,8809.1201171875
2020-05-06,8854.3896484375
2020-05-07,8979.66015625
2020-05-08,9121.3203125
2020-05-11,9192.33984375
2020-05-12,9002.5498046875
2020-05-13,8863.169921875
2020-05-14,8943.7197265625
2020-05-15,9014.5595703125
2020-05-18,9234.830078125
2020-05-19,9185.099609375
2020-05-20,9375.7802734375
2020-05-21,9284.8798828125
2020-05-22,9324.58984375
2020-05-26,9340.2197265625
2020-05-27,9412.3603515625
2020-05-28,9368.990234375
2020-05-29,9489.8701171875
2020-06-01,9552.0498046875
2020-06-02,9608.3798828125
2020-06-03,9682.91015625
2020-06-04,9615.8095703125
2020-06-05,9814.080078125
2020-06-08,9924.75
2020-06-09,9953.75
2020-06-10,10020.349609375
2020-06-11,9492.73046875
2020-06-12,9588.8095703125
2020-06-15,9726.01953125
2020-06-16,9895.8701171875
2020-06-17,9910.5302734375
2020-06-18,9943.0498046875
2020-06-19,9946.1201171875
2020-06-22,10056.48046875
2020-06-23,10131.3701171875
2020-06-24,9909.169921875
2020-06-25,10017.0
2020-06-26,9757.2197265625
2020-06-29,9874.150390625
2020-06-30,10058.76953125
2020-07-01,10154.6298828125
2020-07-02,10207.6298828125
2020-07-06,10433.650390625
2020-07-07,10343.8896484375
2020-07-08,10492.5
2020-07-09,10547.75
2020-07-10,10617.4404296875
2020-07-13,10390.83984375
2020-07-14,10488.580078125
2020-07-15,10550.490234375
2020-07-16,10473.830078125
2020-07-17,10503.1904296875
2020-07-20,10767.08984375
2020-07-21,10680.3603515625
2020-07-22,10706.1298828125
2020-07-23,10461.419921875
2020-07-24,10363.1796875
2020-07-27,10536.26953125
2020-07-28,10402.08984375
2020-07-29,10542.9404296875
2020-07-30,10587.8095703125
2020-07-31,10745.26953125
2020-08-03,10902.7998046875
2020-08-04,10941.169921875
2020-08-05,10998.400390625
2020-08-06,11108.0703125
2020-08-07,11010.98046875
2020-08-10,10968.3603515625
2020-08-11,10782.8203125
2020-08-12,11012.240234375
2020-08-13,11042.5
2020-08-14,11019.2998046875
2020-08-17,11129.73046875
2020-08-18,11210.83984375
2020-08-19,11146.4599609375
2020-08-20,11264.9501953125
2020-08-21,11311.7998046875
2020-08-24,11379.7197265625
2020-08-25,11466.4697265625
2020-08-26,11665.0595703125
2020-08-27,11625.33984375
2020-08-28,11695.6298828125
2020-08-31,11775.4599609375
2020-09-01,11939.669921875
2020-09-02,12056.4404296875
2020-09-03,11458.099609375
2020-09-04,11313.1298828125
2020-09-08,10847.6904296875
2020-09-09,11141.5595703125
2020-09-10,10919.58984375
2020-09-11,10853.5498046875
2020-09-14,11056.650390625
2020-09-15,11190.3203125
2020-09-16,11050.4697265625
2020-09-17,10910.2802734375
2020-09-18,10793.2802734375
2020-09-21,10778.7998046875
2020-09-22,10963.6396484375
2020-09-23,10632.990234375
2020-09-24,10672.26953125
2020-09-25,10913.5595703125
2020-09-28,11117.5302734375
2020-09-29,11085.25
2020-09-30,11167.509765625
2020-10-01,11326.509765625
2020-10-02,11075.01953125
2020-10-05,11332.490234375
2020-10-06,11154.599609375
2020-10-07,11364.599609375
2020-10-08,11420.98046875
2020-10-09,11579.9404296875
2020-10-12,11876.259765625
2020-10-13,11863.900390625
2020-10-14,11768.73046875
2020-10-15,11713.8701171875
2020-10-16,11671.5595703125
2020-10-19,11478.8798828125
2020-10-20,11516.490234375
2020-10-21,11484.6904296875
2020-10-22,11506.009765625
2020-10-23,11548.2802734375
2020-10-26,11358.9404296875
2020-10-27,11431.349609375
2020-10-28,11004.8701171875
2020-10-29,11185.58984375
2020-10-30,10911.58984375
2020-11-02,10957.6103515625
2020-11-03,11160.5703125
2020-11-04,11590.7802734375
2020-11-05,11890.9296875
2020-11-06,11895.23046875
2020-11-09,11713.7802734375
2020-11-10,11553.8603515625
2020-11-11,11786.4296875
2020-11-12,11709.58984375
2020-11-13,11829.2900390625
2020-11-16,11924.1298828125
2020-11-17,11899.33984375
2020-11-18,11801.599609375
2020-11-19,11904.7099609375
2020-11-20,11854.9697265625
2020-11-23,11880.6298828125
2020-11-24,12036.7900390625
2020-11-25,12094.400390625
2020-11-27,12205.849609375
2020-11-30,12198.740234375
2020-12-01,12355.1103515625
2020-12-02,12349.3701171875
2020-12-03,12377.1796875
2020-12-04,12464.23046875
2020-12-07,12519.9501953125
2020-12-08,12582.76953125
2020-12-09,12338.9501953125
2020-12-10,12405.8095703125
2020-12-11,12377.8701171875
2020-12-14,12440.0400390625
2020-12-15,12595.0595703125
2020-12-16,12658.1904296875
2020-12-17,12764.75
2020-12-18,12755.6396484375
2020-12-21,12742.51953125
2020-12-22,12807.919921875
2020-12-23,12771.1103515625
2020-12-24,12804.73046875
2020-12-28,12899.419921875
2020-12-29,12850.2197265625
2020-12-30,12870.0
2020-12-31,12888.2802734375
2021-01-04,12698.4501953125
2021-01-05,12818.9599609375
2021-01-06,12740.7900390625
2021-01-07,13067.48046875
2021-01-08,13201.98046875
2021-01-11,13036.4296875
2021-01-12,13072.4296875
2021-01-13,13128.9501953125
2021-01-14,13112.6396484375
2021-01-15,12998.5
2021-01-19,13197.1796875
2021-01-20,13457.25
2021-01-21,13530.91015625
2021-01-22,13543.0595703125
2021-01-25,13635.990234375
2021-01-26,13626.0595703125
2021-01-27,13270.599609375
2021-01-28,13337.16015625
2021-01-29,13070.6904296875
2021-02-01,13403.3896484375
2021-02-02,13612.7802734375
2021-02-03,13610.5400390625
2021-02-04,13777.740234375
2021-02-05,13856.2998046875
2021-02-08,13987.6396484375
2021-02-09,14007.7001953125
2021-02-10,13972.5302734375
2021-02-11,14025.76953125
2021-02-12,14095.4697265625
2021-02-16,14047.5
2021-02-17,13965.490234375
2021-02-18,13865.3603515625
2021-02-19,13874.4599609375
2021-02-22,13533.0498046875
2021-02-23,13465.2001953125
2021-02-24,13597.9697265625
2021-02-25,13119.4296875
2021-02-26,13192.349609375
2021-03-01,13588.830078125
2021-03-02,13358.7900390625
2021-03-03,12997.75
2021-03-04,12723.4697265625
2021-03-05,12920.150390625
2021-03-08,12609.16015625
2021-03-09,13073.8203125
2021-03-10,13068.830078125
2021-03-11,13398.669921875
2021-03-12,13319.8603515625
2021-03-15,13459.7099609375
2021-03-16,13471.5703125
2021-03-17,13525.2001953125
2021-03-18,13116.169921875
2021-03-19,13215.240234375
2021-03-22,13377.5400390625
2021-03-23,13227.7001953125
2021-03-24,12961.8896484375
2021-03-25,12977.6796875
2021-03-26,13138.73046875
2021-03-29,13059.650390625
2021-03-30,13045.3896484375
2021-03-31,13246.8701171875
2021-04-01,13480.1103515625
2021-04-05,13705.58984375
2021-04-06,13698.3798828125
2021-04-07,13688.83984375
2021-04-08,13829.3095703125
2021-04-09,13900.1904296875
2021-04-12,13850.0
2021-04-13,13996.099609375
2021-04-14,13857.83984375
2021-04-15,14038.759765625
2021-04-16,14052.33984375
2021-04-19,13914.76953125
2021-04-20,13786.26953125
2021-04-21,13950.2197265625
2021-04-22,13818.41015625
2021-04-23,14016.8095703125
2021-04-26,14138.7802734375
2021-04-27,14090.2197265625
2021-04-28,14051.0302734375
2021-04-29,14082.5498046875
2021-04-30,13962.6796875
2021-05-03,13895.1201171875
2021-05-04,13633.5
2021-05-05,13582.419921875
2021-05-06,13632.83984375
2021-05-07,13752.240234375
2021-05-10,13401.8603515625
2021-05-11,13389.4296875
2021-05-12,13031.6796875
2021-05-13,13124.990234375
2021-05-14,13429.98046875
2021-05-17,13379.0498046875
2021-05-18,13303.6396484375
2021-05-19,13299.740234375
2021-05-20,13535.740234375
2021-05-21,13470.990234375
2021-05-24,13661.169921875
2021-05-25,13657.169921875
2021-05-26,13738.0
2021-05-27,13736.2802734375
2021-05-28,13748.740234375
2021-06-01,13736.48046875
2021-06-02,13756.330078125
2021-06-03,13614.509765625
2021-06-04,13814.490234375
2021-06-07,13881.7197265625
2021-06-08,13924.91015625
2021-06-09,13911.75
2021-06-10,14020.330078125
2021-06-11,14069.419921875
2021-06-14,14174.1396484375
2021-06-15,14072.8603515625
2021-06-16,14039.6796875
2021-06-17,14161.349609375
2021-06-18,14030.3798828125
2021-06-21,14141.48046875
2021-06-22,14253.26953125
2021-06-23,14271.73046875
2021-06-24,14369.7099609375
2021-06-25,14360.3896484375
2021-06-28,14500.509765625
2021-06-29,14528.330078125
2021-06-30,14503.9501953125
2021-07-01,14522.3798828125
2021-07-02,14639.330078125
2021-07-06,14663.6396484375
2021-07-07,14665.0595703125
2021-07-08,14559.7802734375
2021-07-09,14701.919921875
2021-07-12,14733.240234375
2021-07-13,14677.650390625
2021-07-14,14644.9501953125
2021-07-15,14543.1298828125
2021-07-16,14427.240234375
2021-07-19,14274.98046875
2021-07-20,14498.8798828125
2021-07-21,14631.9501953125
2021-07-22,14684.599609375
2021-07-23,14836.990234375
2021-07-26,14840.7099609375
2021-07-27,14660.580078125
2021-07-28,14762.580078125
2021-07-29,14778.259765625
2021-07-30,14672.6796875
2021-08-02,14681.0703125
2021-08-03,14761.2900390625
2021-08-04,14780.5302734375
2021-08-05,14895.1201171875
2021-08-06,14835.759765625
2021-08-09,14860.1796875
2021-08-10,14788.08984375
2021-08-11,14765.1396484375
2021-08-12,14816.259765625
2021-08-13,14822.900390625
2021-08-16,14793.759765625
2021-08-17,14656.1796875
2021-08-18,14525.91015625
2021-08-19,14541.7900390625
2021-08-20,14714.66015625
2021-08-23,14942.650390625
2021-08-24,15019.7998046875
2021-08-25,15041.8603515625
2021-08-26,14945.8095703125
2021-08-27,15129.5
2021-08-30,15265.8896484375
2021-08-31,15259.240234375
2021-09-01,15309.3798828125
2021-09-02,15331.1796875
2021-09-03,15363.51953125
2021-09-07,15374.330078125
2021-09-08,15286.6396484375
2021-09-09,15248.25
2021-09-10,15115.490234375
2021-09-13,15105.580078125
2021-09-14,15037.759765625
2021-09-15,15161.5302734375
2021-09-16,15181.919921875
2021-09-17,15043.9697265625
2021-09-20,14713.900390625
2021-09-21,14746.400390625
2021-09-22,14896.849609375
2021-09-23,15052.240234375
2021-09-24,15047.7001953125
2021-09-27,14969.9697265625
2021-09-28,14546.6796875
2021-09-29,14512.4404296875
2021-09-30,14448.580078125
2021-10-01,14566.7001953125
2021-10-04,14255.48046875
2021-10-05,14433.830078125
2021-10-06,14501.91015625
2021-10-07,14654.01953125
2021-10-08,14579.5400390625
2021-10-11,14486.2001953125
2021-10-12,14465.919921875
2021-10-13,14571.6396484375
2021-10-14,14823.4296875
2021-10-15,14897.33984375
2021-10-18,15021.8095703125
2021-10-19,15129.08984375
2021-10-20,15121.6796875
2021-10-21,15215.7001953125
2021-10-22,15090.2001953125
2021-10-25,15226.7099609375
2021-10-26,15235.7099609375
2021-10-27,15235.83984375
2021-10-28,15448.1201171875
2021-10-29,15498.3896484375
2021-11-01,15595.919921875
2021-11-02,15649.599609375
2021-11-03,15811.580078125
2021-11-04,15940.3095703125
2021-11-05,15971.58984375
2021-11-08,15982.3603515625
2021-11-09,15886.5400390625
2021-11-10,15622.7099609375
2021-11-11,15704.2802734375
2021-11-12,15860.9599609375
2021-11-15,15853.849609375
2021-11-16,15973.8603515625
2021-11-17,15921.5703125
2021-11-18,15993.7099609375
2021-11-19,16057.4404296875
2021-11-22,15854.759765625
2021-11-23,15775.1396484375
2021-11-24,15845.23046875
2021-11-26,15491.66015625
2021-11-29,15782.830078125
2021-11-30,15537.6904296875
2021-12-01,15254.0498046875
2021-12-02,15381.3203125
2021-12-03,15085.4697265625
2021-12-06,15225.150390625
2021-12-07,15686.919921875
2021-12-08,15786.990234375
2021-12-09,15517.3701171875
2021-12-10,15630.599609375
2021-12-13,15413.2802734375
2021-12-14,15237.6396484375
2021-12-15,15565.580078125
2021-12-16,15180.4296875
2021-12-17,15169.6796875
2021-12-20,14980.9404296875
2021-12-21,15341.08984375
2021-12-22,15521.8896484375
2021-12-23,15653.3701171875
2021-12-27,15871.259765625
2021-12-28,15781.7197265625
2021-12-29,15766.2197265625
2021-12-30,15741.5595703125
2021-12-31,15644.9697265625
2022-01-03,15832.7998046875
2022-01-04,15622.7197265625
2022-01-05,15100.169921875
2022-01-06,15080.8603515625
2022-01-07,14935.900390625
2022-01-10,14942.830078125
2022-01-11,15153.4501953125
2022-01-12,15188.3896484375
2022-01-13,14806.8095703125
2022-01-14,14893.75
2022-01-18,14506.900390625
2022-01-19,14340.259765625
2022-01-20,14154.01953125
2022-01-21,13768.919921875
2022-01-24,13855.1298828125
2022-01-25,13539.2900390625
2022-01-26,13542.1201171875
2022-01-27,13352.7802734375
2022-01-28,13770.5703125
2022-01-31,14239.8798828125
2022-02-01,14346.0
2022-02-02,14417.5498046875
2022-02-03,13878.8203125
2022-02-04,14098.009765625
2022-02-07,14015.669921875
2022-02-08,14194.4501953125
2022-02-09,14490.3701171875
2022-02-10,14185.6396484375
2022-02-11,13791.150390625
2022-02-14,13790.919921875
2022-02-15,14139.759765625
2022-02-16,14124.08984375
2022-02-17,13716.7197265625
2022-02-18,13548.0703125
2022-02-22,13381.51953125
2022-02-23,13037.490234375
2022-02-24,13473.58984375
2022-02-25,13694.6201171875
2022-02-28,13751.400390625
2022-03-01,13532.4599609375
2022-03-02,13752.01953125
2022-03-03,13537.9404296875
2022-03-04,13313.4404296875
2022-03-07,12830.9599609375
2022-03-08,12795.5498046875
2022-03-09,13255.5498046875
2022-03-10,13129.9599609375
2022-03-11,12843.8095703125
2022-03-14,12581.2197265625
2022-03-15,12948.6201171875
2022-03-16,13436.5498046875
2022-03-17,13614.7802734375
2022-03-18,13893.83984375
2022-03-21,13838.4599609375
2022-03-22,14108.8203125
2022-03-23,13922.599609375
2022-03-24,14191.83984375
2022-03-25,14169.2998046875
2022-03-28,14354.900390625
2022-03-29,14619.6396484375
2022-03-30,14442.26953125
2022-03-31,14220.51953125
2022-04-01,14261.5
2022-04-04,14532.5498046875
2022-04-05,14204.169921875
2022-04-06,13888.8203125
2022-04-07,13897.2998046875
2022-04-08,13711.0
2022-04-11,13411.9599609375
2022-04-12,13371.5703125
2022-04-13,13643.58984375
2022-04-14,13351.080078125
2022-04-18,13332.3603515625
2022-04-19,13619.66015625
2022-04-20,13453.0703125
2022-04-21,13174.650390625
2022-04-22,12839.2900390625
2022-04-25,13004.849609375
2022-04-26,12490.740234375
2022-04-27,12488.9296875
2022-04-28,12871.5302734375
2022-04-29,12334.6396484375
2022-05-02,12536.01953125
2022-05-03,12563.759765625
2022-05-04,12964.8603515625
2022-05-05,12317.6904296875
2022-05-06,12144.66015625
2022-05-09,11623.25
2022-05-10,11737.669921875
2022-05-11,11364.240234375
2022-05-12,11370.9599609375
2022-05-13,11805.0
2022-05-16,11662.7900390625
2022-05-17,11984.51953125
2022-05-18,11418.150390625
2022-05-19,11388.5
2022-05-20,11354.6201171875
2022-05-23,11535.26953125
2022-05-24,11264.4501953125
2022-05-25,11434.740234375
2022-05-26,11740.650390625
2022-05-27,12131.1298828125
2022-05-31,12081.3896484375
2022-06-01,11994.4599609375
2022-06-02,12316.900390625
2022-06-03,12012.73046875
2022-06-06,12061.3701171875
2022-06-07,12175.23046875
2022-06-08,12086.26953125
2022-06-09,11754.23046875
2022-06-10,11340.01953125
2022-06-13,10809.23046875
2022-06-14,10828.349609375
2022-06-15,11099.150390625
2022-06-16,10646.099609375
2022-06-17,10798.349609375
2022-06-21,11069.2998046875
2022-06-22,11053.080078125
2022-06-23,11232.1904296875
2022-06-24,11607.6201171875
2022-06-27,11524.5498046875
2022-06-28,11181.5400390625
2022-06-29,11177.8896484375
2022-06-30,11028.740234375
2022-07-01,11127.849609375
2022-07-05,11322.240234375
2022-07-06,11361.849609375
2022-07-07,11621.349609375
2022-07-08,11635.3095703125
2022-07-11,11372.599609375
2022-07-12,11264.73046875
2022-07-13,11247.580078125
2022-07-14,11251.1904296875
2022-07-15,11452.419921875
2022-07-18,11360.0498046875
2022-07-19,11713.150390625
2022-07-20,11897.650390625
2022-07-21,12059.6103515625
2022-07-22,11834.1103515625
2022-07-25,11782.669921875
2022-07-26,11562.5703125
2022-07-27,12032.419921875
2022-07-28,12162.58984375
2022-07-29,12390.6904296875
2022-08-01,12368.98046875
2022-08-02,12348.759765625
2022-08-03,12668.16015625
2022-08-04,12720.580078125
2022-08-05,12657.5498046875
2022-08-08,12644.4599609375
2022-08-09,12493.9296875
2022-08-10,12854.7998046875
2022-08-11,12779.91015625
2022-08-12,13047.1904296875
2022-08-15,13128.0498046875
2022-08-16,13102.5498046875
2022-08-17,12938.1201171875
2022-08-18,12965.33984375
2022-08-19,12705.2197265625
2022-08-22,12381.5703125
2022-08-23,12381.2998046875
2022-08-24,12431.5302734375
2022-08-25,12639.26953125
2022-08-26,12141.7099609375
2022-08-29,12017.669921875
2022-08-30,11883.1396484375
2022-08-31,11816.2001953125
2022-09-01,11785.1298828125
2022-09-02,11630.8603515625
2022-09-06,11544.91015625
2022-09-07,11791.900390625
2022-09-08,11862.1298828125
2022-09-09,12112.3095703125
2022-09-12,12266.41015625
2022-09-13,11633.5703125
2022-09-14,11719.6796875
2022-09-15,11552.3603515625
2022-09-16,11448.400390625
2022-09-19,11535.01953125
2022-09-20,11425.0498046875
2022-09-21,11220.1904296875
2022-09-22,11066.8095703125
2022-09-23,10867.9296875
2022-09-26,10802.919921875
2022-09-27,10829.5
2022-09-28,11051.6396484375
2022-09-29,10737.509765625
2022-09-30,10575.6201171875
2022-10-03,10815.4296875
2022-10-04,11176.41015625
2022-10-05,11148.6396484375
2022-10-06,11073.3095703125
2022-10-07,10652.400390625
2022-10-10,10542.099609375
2022-10-11,10426.1904296875
2022-10-12,10417.099609375
2022-10-13,10649.150390625
2022-10-14,10321.3896484375
2022-10-17,10675.7998046875
2022-10-18,10772.400390625
2022-10-19,10680.509765625
2022-10-20,10614.83984375
2022-10-21,10859.7197265625
2022-10-24,10952.6103515625
2022-10-25,11199.1201171875
2022-10-26,10970.990234375
2022-10-27,10792.669921875
2022-10-28,11102.4501953125
2022-10-31,10988.150390625
2022-11-01,10890.849609375
2022-11-02,10524.7998046875
2022-11-03,10342.9404296875
2022-11-04,10475.25
2022-11-07,10564.51953125
2022-11-08,10616.2001953125
2022-11-09,10353.169921875
2022-11-10,11114.150390625
2022-11-11,11323.330078125
2022-11-14,11196.2197265625
2022-11-15,11358.41015625
2022-11-16,11183.66015625
2022-11-17,11144.9599609375
2022-11-18,11146.0595703125
2022-11-21,11024.509765625
2022-11-22,11174.41015625
2022-11-23,11285.3203125
2022-11-25,11226.3603515625
2022-11-28,11049.5
2022-11-29,10983.7802734375
2022-11-30,11468.0
2022-12-01,11482.4501953125
2022-12-02,11461.5
2022-12-05,11239.9404296875
2022-12-06,11014.8896484375
2022-12-07,10958.5498046875
2022-12-08,11082.0
2022-12-09,11004.6201171875
2022-12-12,11143.740234375
2022-12-13,11256.8095703125
2022-12-14,11170.8896484375
2022-12-15,10810.5302734375
2022-12-16,10705.41015625
2022-12-19,10546.0302734375
2022-12-20,10547.1103515625
2022-12-21,10709.3701171875
2022-12-22,10476.1201171875
2022-12-23,10497.8603515625
2022-12-27,10353.23046875
2022-12-28,10213.2900390625
2022-12-29,10478.08984375
2022-12-30,10466.48046875
2023-01-03,10386.98046875
2023-01-04,10458.759765625
2023-01-05,10305.240234375
2023-01-06,10569.2900390625
2023-01-09,10635.650390625
2023-01-10,10742.6298828125
2023-01-11,10931.669921875
2023-01-12,11001.099609375
2023-01-13,11079.16015625
2023-01-17,11095.1103515625
2023-01-18,10957.009765625
2023-01-19,10852.26953125
2023-01-20,11140.4296875
2023-01-23,11364.41015625
2023-01-24,11334.26953125
2023-01-25,11313.3603515625
2023-01-26,11512.41015625
2023-01-27,11621.7099609375
2023-01-30,11393.8095703125
2023-01-31,11584.5498046875
2023-02-01,11816.3203125
2023-02-02,12200.8203125
2023-02-03,12006.9501953125
2023-02-06,11887.4501953125
2023-02-07,12113.7900390625
2023-02-08,11910.51953125
2023-02-09,11789.580078125
2023-02-10,11718.1201171875
2023-02-13,11891.7900390625
2023-02-14,11960.150390625
2023-02-15,12070.58984375
2023-02-16,11855.830078125
2023-02-17,11787.26953125
2023-02-21,11492.2998046875
2023-02-22,11507.0703125
2023-02-23,11590.400390625
2023-02-24,11394.9404296875
2023-02-27,11466.98046875
2023-02-28,11455.5400390625
2023-03-01,11379.48046875
2023-03-02,11462.98046875
2023-03-03,11689.009765625
2023-03-06,11675.740234375
2023-03-07,11530.330078125
2023-03-08,11576.0
2023-03-09,11338.349609375
2023-03-10,11138.8896484375
2023-03-13,11188.83984375
2023-03-14,11428.150390625
2023-03-15,11434.0498046875
2023-03-16,11717.2802734375
2023-03-17,11630.509765625
2023-03-20,11675.5400390625
2023-03-21,11860.1103515625
2023-03-22,11669.9599609375
2023-03-23,11787.400390625
2023-03-24,11823.9599609375
2023-03-27,11768.83984375
2023-03-28,11716.080078125
2023-03-29,11926.240234375
2023-03-30,12013.4697265625
2023-03-31,12221.91015625
2023-04-03,12189.4501953125
2023-04-04,12126.330078125
2023-04-05,11996.8603515625
2023-04-06,12087.9599609375
2023-04-10,12084.3603515625
2023-04-11,12031.8798828125
2023-04-12,11929.33984375
2023-04-13,12166.26953125
2023-04-14,12123.4697265625
2023-04-17,12157.7197265625
2023-04-18,12153.41015625
2023-04-19,12157.23046875
2023-04-20,12059.5595703125
2023-04-21,12072.4599609375
2023-04-24,12037.2001953125
2023-04-25,11799.16015625
2023-04-26,11854.349609375
2023-04-27,12142.240234375
2023-04-28,12226.580078125
2023-05-01,12212.599609375
2023-05-02,12080.509765625
2023-05-03,12025.330078125
2023-05-04,11966.400390625
2023-05-05,12235.41015625
2023-05-08,12256.919921875
2023-05-09,12179.5498046875
2023-05-10,12306.4404296875
2023-05-11,12328.509765625
2023-05-12,12284.740234375
2023-05-15,12365.2099609375
2023-05-16,12343.0498046875
2023-05-17,12500.5703125
2023-05-18,12688.83984375
2023-05-19,12657.900390625
2023-05-22,12720.7802734375
2023-05-23,12560.25
2023-05-24,12484.16015625
2023-05-25,12698.08984375
2023-05-26,12975.6904296875
2023-05-30,13017.4296875
2023-05-31,12935.2900390625
2023-06-01,13100.98046875
2023-06-02,13240.76953125
2023-06-05,13229.4296875
2023-06-06,13276.419921875
2023-06-07,13104.900390625
2023-06-08,13238.51953125
2023-06-09,13259.1396484375
2023-06-12,13461.919921875
2023-06-13,13573.3203125
2023-06-14,13626.48046875
2023-06-15,13782.8203125
2023-06-16,13689.5703125
2023-06-20,13667.2900390625
2023-06-21,13502.2001953125
2023-06-22,13630.6103515625
2023-06-23,13492.51953125
2023-06-26,13335.7802734375
2023-06-27,13555.669921875
2023-06-28,13591.75
2023-06-29,13591.330078125
2023-06-30,13787.919921875
2023-07-03,13816.76953125
2023-07-05,13791.650390625
2023-07-06,13679.0400390625
2023-07-07,13660.7197265625
2023-07-10,13685.48046875
2023-07-11,13760.7001953125
2023-07-12,13918.9599609375
2023-07-13,14138.5703125
2023-07-14,14113.7001953125
2023-07-17,14244.9501953125
2023-07-18,14353.6396484375
2023-07-19,14358.01953125
2023-07-20,14063.3095703125
2023-07-21,14032.8095703125
2023-07-24,14058.8701171875
2023-07-25,14144.5595703125
2023-07-26,14127.2802734375
2023-07-27,14050.1103515625
2023-07-28,14316.66015625
2023-07-31,14346.01953125
2023-08-01,14283.91015625
2023-08-02,13973.4501953125
2023-08-03,13959.7197265625
2023-08-04,13909.240234375
2023-08-07,13994.400390625
2023-08-08,13884.3203125
2023-08-09,13722.01953125
2023-08-10,13737.990234375
2023-08-11,13644.849609375
2023-08-14,13788.330078125
2023-08-15,13631.0498046875
2023-08-16,13474.6298828125
2023-08-17,13316.9296875
2023-08-18,13290.7802734375
2023-08-21,13497.58984375
2023-08-22,13505.8701171875
2023-08-23,13721.0302734375
2023-08-24,13463.9697265625
2023-08-25,13590.650390625
2023-08-28,13705.1298828125
2023-08-29,13943.759765625
2023-08-30,14019.3095703125
2023-08-31,14034.9697265625
2023-09-01,14031.8095703125
2023-09-05,14020.9501953125
2023-09-06,13872.4697265625
2023-09-07,13748.830078125
2023-09-08,13761.5302734375
2023-09-11,13917.8896484375
2023-09-12,13773.6103515625
2023-09-13,13813.58984375
2023-09-14,13926.0498046875
2023-09-15,13708.330078125
2023-09-18,13710.240234375
2023-09-19,13678.1904296875
2023-09-20,13469.1298828125
2023-09-21,13223.98046875
2023-09-22,13211.8095703125
2023-09-25,13271.3203125
2023-09-26,13063.6103515625
2023-09-27,13092.849609375
2023-09-28,13201.2802734375
2023-09-29,13219.3203125
2023-10-02,13307.76953125
2023-10-03,13059.4697265625
2023-10-04,13236.009765625
2023-10-05,13219.830078125
2023-10-06,13431.33984375
2023-10-09,13484.240234375
2023-10-10,13562.83984375
2023-10-11,13659.6796875
2023-10-12,13574.2197265625
2023-10-13,13407.23046875
2023-10-16,13567.98046875
2023-10-17,13533.75
2023-10-18,13314.2998046875
2023-10-19,13186.1796875
2023-10-20,12983.8095703125
2023-10-23,13018.330078125
2023-10-24,13139.8701171875
2023-10-25,12821.2197265625
2023-10-26,12595.6103515625
2023-10-27,12643.009765625
2023-10-30,12789.48046875
2023-10-31,12851.240234375
2023-11-01,13061.4697265625
2023-11-02,13294.1904296875
2023-11-03,13478.2802734375
2023-11-06,13518.7802734375
2023-11-07,13639.8603515625
2023-11-08,13650.41015625
2023-11-09,13521.4501953125
2023-11-10,13798.1103515625
2023-11-13,13767.740234375
2023-11-14,14094.3798828125
2023-11-15,14103.83984375
2023-11-16,14113.669921875
2023-11-17,14125.48046875
2023-11-20,14284.5302734375
2023-11-21,14199.98046875
2023-11-22,14265.8603515625
2023-11-24,14250.849609375
2023-11-27,14241.01953125
2023-11-28,14281.759765625
2023-11-29,14258.490234375
2023-11-30,14226.2197265625
2023-12-01,14305.0302734375
2023-12-04,14185.490234375
2023-12-05,14229.91015625
2023-12-06,14146.7099609375
2023-12-07,14339.990234375
2023-12-08,14403.9697265625
2023-12-11,14432.490234375
2023-12-12,14533.400390625
2023-12-13,14733.9599609375
2023-12-14,14761.5595703125
2023-12-15,14813.919921875
2023-12-18,14904.8095703125
2023-12-19,15003.2197265625
2023-12-20,14777.9404296875
2023-12-21,14963.8701171875
2023-12-22,14992.9697265625
2023-12-26,15074.5703125
2023-12-27,15099.1796875
2023-12-28,15095.1396484375
2023-12-29,15011.349609375
2024-01-02,14765.9404296875
2024-01-03,14592.2099609375
2024-01-04,14510.2998046875
2024-01-05,14524.0703125
2024-01-08,14843.76953125
2024-01-09,14857.7099609375
2024-01-10,14969.650390625
2024-01-11,14970.1904296875
2024-01-12,14972.759765625
2024-01-16,14944.349609375
2024-01-17,14855.6201171875
2024-01-18,15055.650390625
2024-01-19,15310.9697265625
2024-01-22,15360.2900390625
2024-01-23,15425.9404296875
2024-01-24,15481.919921875
2024-01-25,15510.5
2024-01-26,15455.3603515625
2024-01-29,15628.0400390625
2024-01-30,15509.900390625
2024-01-31,15164.009765625
2024-02-01,15361.6396484375
2024-02-02,15628.9501953125
2024-02-05,15597.6796875
2024-02-06,15609.0
2024-02-07,15756.6396484375
2024-02-08,15793.7099609375
2024-02-09,15990.66015625
2024-02-12,15942.5498046875
2024-02-13,15655.599609375
2024-02-14,15859.150390625
2024-02-15,15906.169921875
2024-02-16,15775.650390625
2024-02-20,15630.7802734375
2024-02-21,15580.8701171875
2024-02-22,16041.6201171875
2024-02-23,15996.8203125
2024-02-26,15976.25
2024-02-27,16035.2998046875
2024-02-28,15947.740234375
2024-02-29,16091.919921875
2024-03-01,16274.9404296875
2024-03-04,16207.509765625
2024-03-05,15939.58984375
2024-03-06,16031.5400390625
2024-03-07,16273.3798828125
2024-03-08,16085.1103515625
2024-03-11,16019.26953125
2024-03-12,16265.6396484375
2024-03-13,16177.76953125
2024-03-14,16128.5302734375
2024-03-15,15973.169921875
2024-03-18,16103.4501953125
2024-03-19,16166.7900390625
2024-03-20,16369.41015625
2024-03-21,16401.83984375
2024-03-22,16428.8203125
2024-03-25,16384.470703125
2024-03-26,16315.7001953125
2024-03-27,16399.51953125
2024-03-28,16379.4599609375
2024-04-01,16396.830078125
2024-04-02,16240.4501953125
2024-04-03,16277.4599609375
2024-04-04,16049.080078125
2024-04-05,16248.51953125
2024-04-08,16253.9599609375
2024-04-09,16306.6396484375
2024-04-10,16170.3603515625
2024-04-11,16442.19921875
2024-04-12,16175.08984375
2024-04-15,15885.01953125
2024-04-16,15865.25
2024-04-17,15683.3701171875
2024-04-18,15601.5
2024-04-19,15282.009765625
2024-04-22,15451.3095703125
2024-04-23,15696.6396484375
2024-04-24,15712.75
2024-04-25,15611.759765625
2024-04-26,15927.900390625
2024-04-29,15983.080078125
2024-04-30,15657.8203125
2024-05-01,15605.48046875
2024-05-02,15840.9599609375
2024-05-03,16156.330078125
2024-05-06,16349.25
2024-05-07,16332.5595703125
2024-05-08,16302.759765625
2024-05-09,16346.259765625
2024-05-10,16340.8701171875
2024-05-13,16388.240234375
2024-05-14,16511.1796875
2024-05-15,16742.390625
2024-05-16,16698.3203125
2024-05-17,16685.970703125
2024-05-20,16794.869140625
2024-05-21,16832.619140625
2024-05-22,16801.5390625
2024-05-23,16736.029296875
2024-05-24,16920.7890625
2024-05-28,17019.880859375
2024-05-29,16920.580078125
2024-05-30,16737.080078125
2024-05-31,16735.01953125
2024-06-03,16828.669921875
2024-06-04,16857.05078125
2024-06-05,17187.900390625
2024-06-06,17173.119140625
2024-06-07,17133.130859375
2024-06-10,17192.529296875
2024-06-11,17343.55078125
2024-06-12,17608.439453125
2024-06-13,17667.560546875
2024-06-14,17688.880859375
2024-06-17,17857.01953125
2024-06-18,17862.23046875
2024-06-20,17721.58984375
2024-06-21,17689.359375
2024-06-24,17496.8203125
2024-06-25,17717.650390625
2024-06-26,17805.16015625
2024-06-27,17858.6796875
2024-06-28,17732.599609375
2024-07-01,17879.30078125
2024-07-02,18028.759765625
2024-07-03,18188.30078125
2024-07-05,18352.759765625
2024-07-08,18403.740234375
2024-07-09,18429.2890625
2024-07-10,18647.44921875
2024-07-11,18283.41015625
2024-07-12,18398.44921875
2024-07-15,18472.5703125
2024-07-16,18509.33984375
2024-07-17,17996.919921875
2024-07-18,17871.220703125
2024-07-19,17726.939453125
2024-07-22,18007.5703125
2024-07-23,17997.349609375
2024-07-24,17342.41015625
2024-07-25,17181.720703125
2024-07-26,17357.880859375
2024-07-29,17370.19921875
2024-07-30,17147.419921875
2024-07-31,17599.400390625
2024-08-01,17194.150390625
2024-08-02,16776.16015625
2024-08-05,16200.080078125
2024-08-06,16366.849609375
2024-08-07,16195.8095703125
2024-08-08,16660.01953125
2024-08-09,16745.30078125
2024-08-12,16780.609375
2024-08-13,17187.609375
2024-08-14,17192.599609375
2024-08-15,17594.5
2024-08-16,17631.720703125
2024-08-19,17876.76953125
2024-08-20,17816.939453125
2024-08-21,17918.990234375
2024-08-22,17619.349609375
2024-08-23,17877.7890625
2024-08-26,17725.76953125
2024-08-27,17754.8203125
2024-08-28,17556.029296875
2024-08-29,17516.4296875
2024-08-30,17713.619140625
2024-09-03,17136.30078125
2024-09-04,17084.30078125
2024-09-05,17127.66015625
2024-09-06,16690.830078125
2024-09-09,16884.599609375
2024-09-10,17025.880859375
2024-09-11,17395.529296875
2024-09-12,17569.6796875
2024-09-13,17683.98046875
2024-09-16,17592.130859375
2024-09-17,17628.060546875
2024-09-18,17573.30078125
2024-09-19,18013.98046875
2024-09-20,17948.3203125
2024-09-23,17974.26953125
2024-09-24,18074.51953125
2024-09-25,18082.2109375
2024-09-26,18190.2890625
2024-09-27,18119.58984375
2024-09-30,18189.169921875
2024-10-01,17910.359375
2024-10-02,17925.119140625
2024-10-03,17918.48046875
2024-10-04,18137.849609375
2024-10-07,17923.900390625
2024-10-08,18182.919921875
2024-10-09,18291.619140625
2024-10-10,18282.05078125
2024-10-11,18342.939453125
2024-10-14,18502.689453125
2024-10-15,18315.58984375
2024-10-16,18367.080078125
2024-10-17,18373.609375
2024-10-18,18489.55078125
2024-10-21,18540.009765625
2024-10-22,18579.76953125
2024-10-23,18276.650390625
2024-10-24,18415.490234375
2024-10-25,18518.609375
2024-10-28,18567.189453125
2024-10-29,18712.75
2024-10-30,18607.9296875
2024-10-31,18095.150390625
2024-11-01,18239.919921875
2024-11-04,18179.98046875
2024-11-05,18439.169921875
2024-11-06,18983.470703125
2024-11-07,19269.4609375
2024-11-08,19286.779296875
2024-11-11,19298.759765625
2024-11-12,19281.400390625
2024-11-13,19230.720703125
2024-11-14,19107.650390625
2024-11-15,18680.119140625
2024-11-18,18791.810546875
2024-11-19,18987.470703125
2024-11-20,18966.140625
2024-11-21,18972.419921875
2024-11-22,19003.650390625
2024-11-25,19054.83984375
2024-11-26,19174.30078125
2024-11-27,19060.48046875
2024-11-29,19218.169921875
2024-12-02,19403.94921875
2024-12-03,19480.91015625
2024-12-04,19735.119140625
2024-12-05,19700.259765625
2024-12-06,19859.76953125
2024-12-09,19736.689453125
2024-12-10,19687.240234375
2024-12-11,20034.890625
2024-12-12,19902.83984375
2024-12-13,19926.720703125
2024-12-16,20173.890625
2024-12-17,20109.060546875
2024-12-18,19392.689453125
2024-12-19,19372.76953125
2024-12-20,19572.599609375
2024-12-23,19764.880859375
2024-12-24,20031.130859375
2024-12-26,20020.359375
2024-12-27,19722.029296875
2024-12-30,19486.7890625
