date,open,high,low,close,volume,ticker
2018-01-02,77300,77300,76200,76600,2014838,000660
2018-01-03,78100,78800,77300,77700,3097644,000660
2018-01-04,78700,79700,77100,77100,3729328,000660
2018-01-05,78400,79400,78300,79300,3395065,000660
2018-01-08,79500,80000,77400,78200,2960495,000660
2018-01-09,78300,78900,76300,76900,3343874,000660
2018-01-10,76700,76700,72500,72900,9123901,000660
2018-01-11,73200,73800,72000,72600,3777867,000660
2018-01-12,73300,74500,72000,74400,5659087,000660
2018-01-15,73700,74100,72500,72700,3541267,000660
2018-01-16,72700,74700,72700,74400,4383229,000660
2018-01-17,74400,75000,73700,74100,3256624,000660
2018-01-18,75800,76800,74600,75200,6199800,000660
2018-01-19,75300,75800,73000,73300,3898397,000660
2018-01-22,72800,72800,70700,71100,5610463,000660
2018-01-23,71800,72200,70900,71300,4671451,000660
2018-01-24,71600,73200,71500,72400,3802939,000660
2018-01-25,73400,76200,72300,75800,8758929,000660
2018-01-26,76400,76400,74200,75500,4296170,000660
2018-01-29,76500,77000,75000,75300,3618328,000660
2018-01-30,74300,74600,73100,73100,5443314,000660
2018-01-31,72200,74500,72200,73500,5800892,000660
2018-02-01,74900,75200,74000,74400,2987816,000660
2018-02-02,74500,74600,71800,72200,4343077,000660
2018-02-05,70200,70900,69800,70200,4058439,000660
2018-02-06,69100,71300,68200,70200,5679965,000660
2018-02-07,73700,73800,70800,71100,6007913,000660
2018-02-08,71900,74200,71600,73900,5586858,000660
2018-02-09,72100,74200,72000,73400,5118112,000660
2018-02-12,73700,74700,73400,74500,3317876,000660
2018-02-13,75900,77800,75800,77700,7814367,000660
2018-02-14,78400,79500,77000,77600,3943628,000660
2018-02-19,78900,79000,76100,76500,3350577,000660
2018-02-20,76400,76500,75200,75500,2507719,000660
2018-02-21,75800,77200,75800,76900,2653870,000660
2018-02-22,76100,77400,75700,75900,1879461,000660
2018-02-23,76100,77600,76000,77300,2404473,000660
2018-02-26,78300,78500,77200,77500,2327486,000660
2018-02-27,78700,79200,78400,78700,3395415,000660
2018-02-28,78600,79200,76600,76800,3102987,000660
2018-03-02,76300,77800,75900,77400,2673152,000660
2018-03-05,77500,78900,77100,78300,3415061,000660
2018-03-06,80100,82500,80000,82400,7588369,000660
2018-03-07,83600,83900,82400,82700,4992841,000660
2018-03-08,83900,84300,81800,83500,4440076,000660
2018-03-09,84400,85900,83100,83300,5159197,000660
2018-03-12,84900,85600,84300,84900,2744795,000660
2018-03-13,88000,90000,87600,90000,8775741,000660
2018-03-14,89300,90900,89200,90700,5939290,000660
2018-03-15,90300,90500,88600,89600,4106667,000660
2018-03-16,88500,89900,87200,89800,5006430,000660
2018-03-19,90200,91500,89500,89900,3743718,000660
2018-03-20,88900,89700,88000,89600,3083666,000660
2018-03-21,89600,90300,88000,88400,2942484,000660
2018-03-22,88800,89300,88000,88600,2698169,000660
2018-03-23,85100,86400,82800,83100,7310739,000660
2018-03-26,82300,84000,81000,84000,6121334,000660
2018-03-27,84700,84800,80100,81400,7184488,000660
2018-03-28,79900,82200,79600,80300,4820673,000660
2018-03-29,80800,81300,79600,80300,3618849,000660
2018-03-30,81200,83300,81100,81300,3681673,000660
2018-04-02,81700,82800,81100,81300,2342407,000660
2018-04-03,80300,81800,78700,81800,3553815,000660
2018-04-04,82500,83000,80000,80400,2964537,000660
2018-04-05,82200,83200,81200,82900,3255356,000660
2018-04-06,80000,80600,79300,80300,5693281,000660
2018-04-09,80000,81200,79300,80600,3231256,000660
2018-04-10,80000,80800,79200,80400,2924054,000660
2018-04-11,82400,82400,81000,81200,3053453,000660
2018-04-12,81900,85100,81500,84000,5725102,000660
2018-04-13,85000,85900,83900,84200,3032369,000660
2018-04-16,84200,84700,83400,84000,1489091,000660
2018-04-17,83900,84000,82300,82800,2501282,000660
2018-04-18,84100,85400,83700,84600,3375376,000660
2018-04-19,85800,88200,85300,87900,5901782,000660
2018-04-20,85900,86300,84000,84400,4590640,000660
2018-04-23,83400,85300,83300,84400,3002461,000660
2018-04-24,83300,83400,80400,82100,6804182,000660
2018-04-25,81600,83000,80900,82400,3845661,000660
2018-04-26,83800,87100,83300,86500,7551747,000660
2018-04-27,88500,88800,86800,87100,4961867,000660
2018-04-30,85400,85700,84000,84500,4653153,000660
2018-05-02,85900,86000,82900,83100,5444240,000660
2018-05-03,83200,83900,82800,82900,2362792,000660
2018-05-04,83500,84100,82600,83000,2696141,000660
2018-05-08,84500,85300,83200,83500,2979605,000660
2018-05-09,84300,84700,83100,83400,2284106,000660
2018-05-10,85400,85800,84500,85800,3274963,000660
2018-05-11,86600,86800,85400,86100,2107047,000660
2018-05-14,86100,86300,84500,85400,1959236,000660
2018-05-15,86000,86000,83900,84600,2239370,000660
2018-05-16,85000,87000,84800,87000,3040180,000660
2018-05-17,88400,88700,86000,86700,2864278,000660
2018-05-18,87200,88000,85400,87900,2187789,000660
2018-05-21,88400,89400,87400,89100,3262983,000660
2018-05-23,91900,95500,91500,95300,10378915,000660
2018-05-24,95300,95900,94600,94600,3220029,000660
2018-05-25,94300,97700,93900,95200,4145819,000660
2018-05-28,94600,95600,93700,94500,2505786,000660
2018-05-29,94600,96100,93500,94800,2733549,000660
2018-05-30,94800,95700,92800,95000,3808299,000660
2018-05-31,94500,94700,92800,93400,5996671,000660
2018-06-01,90800,92200,89600,91400,4790644,000660
2018-06-04,91000,92400,89700,89800,3141036,000660
2018-06-05,89800,91300,89800,91000,2758383,000660
2018-06-07,92700,92700,90600,90900,2754947,000660
2018-06-08,91000,91000,87600,88400,4579508,000660
2018-06-11,88800,90200,88100,89200,2535933,000660
2018-06-12,89900,90100,88200,88400,1876012,000660
2018-06-14,88300,88300,86300,86300,4646948,000660
2018-06-15,87400,87800,86100,87000,2945006,000660
2018-06-18,86800,86900,82300,84000,4723914,000660
2018-06-19,84100,86100,83700,84100,3824878,000660
2018-06-20,85800,88100,85000,87800,4183210,000660
2018-06-21,88900,89300,87500,88500,3274612,000660
2018-06-22,87300,89500,86700,89500,2569978,000660
2018-06-25,88800,88800,84600,84800,4420542,000660
2018-06-26,82500,84800,82400,84300,5518522,000660
2018-06-27,85700,86400,85200,85200,3798356,000660
2018-06-28,83000,84000,82500,83500,3838303,000660
2018-06-29,83500,85700,83400,85700,3003603,000660
2018-07-02,85000,86000,83400,83700,2033542,000660
2018-07-03,85000,86500,84500,86100,2817592,000660
2018-07-04,87800,87800,84400,85000,2744382,000660
2018-07-05,85000,87300,85000,86200,2059342,000660
2018-07-06,86200,86200,83600,85300,3482186,000660
2018-07-09,85300,87600,85300,87600,2127205,000660
2018-07-10,88400,88600,86700,87300,2002682,000660
2018-07-11,86500,87600,85900,86800,2037358,000660
2018-07-12,86800,87000,85400,85600,3032951,000660
2018-07-13,86500,90100,86500,88800,4535954,000660
2018-07-16,88700,89300,87800,89300,1896459,000660
2018-07-17,90100,90200,88500,88600,1570129,000660
2018-07-18,89700,91000,89100,89300,1937496,000660
2018-07-19,90400,91200,90300,90300,2383489,000660
2018-07-20,89700,90000,87200,87900,3726334,000660
2018-07-23,86300,86400,81200,81700,7076375,000660
2018-07-24,82500,83800,81700,83600,4023740,000660
2018-07-25,83400,84000,80200,80500,4154596,000660
2018-07-26,81300,83800,78600,83100,6218102,000660
2018-07-27,83700,86400,83100,86100,4943923,000660
2018-07-30,86200,86400,85100,85900,2301941,000660
2018-07-31,85200,86300,84500,86300,2804543,000660
2018-08-01,85900,86400,85100,85600,2265008,000660
2018-08-02,85000,85600,82900,83200,3373964,000660
2018-08-03,84000,84100,83100,83300,1928574,000660
2018-08-06,82200,82300,79300,79400,5910100,000660
2018-08-07,80100,80800,79700,80700,3288142,000660
2018-08-08,81500,81600,79400,79800,2804784,000660
2018-08-09,80100,80300,77500,78000,5587662,000660
2018-08-10,77200,77600,74600,75100,6785694,000660
2018-08-13,74300,75700,74100,75400,3734794,000660
2018-08-14,75900,76600,75500,75900,3206407,000660
2018-08-16,73500,75400,72500,74700,5550888,000660
2018-08-17,74400,75500,74100,74500,2647963,000660
2018-08-20,74700,75400,74400,74700,2048829,000660
2018-08-21,74800,78700,74400,78400,5663191,000660
2018-08-22,79300,80900,78200,79800,5295710,000660
2018-08-23,80300,81300,79300,81100,3272130,000660
2018-08-24,80400,82200,79600,81800,3612709,000660
2018-08-27,82100,83800,81600,83500,3070598,000660
2018-08-28,84100,84300,81900,82400,4466308,000660
2018-08-29,82500,83300,81600,82800,2330703,000660
2018-08-30,82200,83500,81500,82700,2337573,000660
2018-08-31,81800,83000,81800,83000,2303812,000660
2018-09-03,82200,82800,80500,80600,2618619,000660
2018-09-04,80600,81600,80200,81200,1903734,000660
2018-09-05,80600,81000,79900,80000,2627619,000660
2018-09-06,78300,78900,77400,78800,4516654,000660
2018-09-07,74500,76200,74100,75900,8388278,000660
2018-09-10,75900,77100,75500,76500,4167711,000660
2018-09-11,76400,77800,76300,76600,3197796,000660
2018-09-12,76200,76200,74700,75100,4330147,000660
2018-09-13,74300,75200,73900,74500,5257563,000660
2018-09-14,76100,77800,76000,77700,4124842,000660
2018-09-17,78000,78200,76700,77200,2252063,000660
2018-09-18,76600,78300,76100,78000,2450163,000660
2018-09-19,79400,79700,78400,78800,2912259,000660
2018-09-20,78600,79900,78000,79100,3392490,000660
2018-09-21,77100,77500,76300,76700,5678068,000660
2018-09-27,75900,75900,74700,75000,5841083,000660
2018-09-28,75300,75900,73100,73100,5824873,000660
2018-10-01,74300,74600,73200,73700,2970456,000660
2018-10-02,73600,74000,71600,71700,4089558,000660
2018-10-04,71700,72200,69800,70000,5778810,000660
2018-10-05,69700,71100,69400,70300,5508014,000660
2018-10-08,69500,71800,69400,71200,2856291,000660
2018-10-10,70300,71100,69800,70300,4161114,000660
2018-10-11,67600,70200,67500,69000,4936490,000660
2018-10-12,69200,73200,69200,72400,4882184,000660
2018-10-15,71600,71700,69900,70300,3727297,000660
2018-10-16,70300,71000,69600,69700,2211661,000660
2018-10-17,71400,71700,70300,70400,2653053,000660
2018-10-18,69600,69900,68700,68700,2849229,000660
2018-10-19,68100,70900,67800,70800,2688930,000660
2018-10-22,69600,70900,69600,70000,2377240,000660
2018-10-23,69600,70000,68600,69100,3175869,000660
2018-10-24,69400,69600,65800,66700,5703361,000660
2018-10-25,64700,66000,63200,64700,5859332,000660
2018-10-26,65100,67100,62900,67000,6211406,000660
2018-10-29,66600,67800,64800,66800,4252977,000660
2018-10-30,66000,70900,65900,68200,6101533,000660
2018-10-31,69300,70400,67600,68200,5038931,000660
2018-11-01,68900,69600,67800,68300,3218076,000660
2018-11-02,70600,72800,69100,72600,5334082,000660
2018-11-05,72000,72100,70100,70500,3389386,000660
2018-11-06,70500,70600,69100,70100,2624868,000660
2018-11-07,70400,72300,70100,70800,3770119,000660
2018-11-08,72900,73300,72600,72900,3930969,000660
2018-11-09,72400,73600,71900,72900,3414946,000660
2018-11-12,72200,74500,71800,74500,3328433,000660
2018-11-13,72300,72500,69900,71900,4730929,000660
2018-11-14,71400,72100,70200,70400,2783377,000660
2018-11-15,70800,71800,70400,71800,1564647,000660
2018-11-16,72600,72900,70000,70100,2894513,000660
2018-11-19,69600,70500,68900,69800,2303677,000660
2018-11-20,67000,68200,67000,67500,3325563,000660
2018-11-21,66900,68300,66100,68100,3100596,000660
2018-11-22,68100,69700,68000,69300,1966126,000660
2018-11-23,69500,69700,68400,69300,1499166,000660
2018-11-26,69200,71300,69000,70900,2361766,000660
2018-11-27,71100,71200,69700,70800,2293763,000660
2018-11-28,71000,72000,70700,71900,2441991,000660
2018-11-29,73700,73700,71200,71500,3270078,000660
2018-11-30,71500,71600,68800,69600,4167055,000660
2018-12-03,71000,71100,69800,70500,2760290,000660
2018-12-04,69900,70400,68400,69000,3222060,000660
2018-12-05,67200,68800,67200,68200,3008950,000660
2018-12-06,67800,68200,65700,66000,3902275,000660
2018-12-07,66700,67400,66600,66800,2590733,000660
2018-12-10,65900,65900,64700,65500,2206084,000660
2018-12-11,66000,66600,64800,64900,2457332,000660
2018-12-12,65000,66200,64900,66200,2901875,000660
2018-12-13,66300,66400,64800,65500,4062323,000660
2018-12-14,65200,65300,61200,61800,5617675,000660
2018-12-17,61600,62500,61000,62200,2506287,000660
2018-12-18,61000,61900,60800,61100,3098206,000660
2018-12-19,60800,61000,59700,60300,3561783,000660
2018-12-20,59300,59400,58100,58600,4889709,000660
2018-12-21,58200,60500,58200,60000,3946994,000660
2018-12-24,59600,60700,59200,60400,2101703,000660
2018-12-26,59400,60800,59300,60100,2455060,000660
2018-12-27,61600,61900,60600,61600,3047798,000660
2018-12-28,61700,62300,60500,60500,1647462,000660
2019-01-02,61300,61400,60000,60600,1934295,000660
2019-01-03,60200,60300,57500,57700,3337621,000660
2019-01-04,57500,58500,56700,58300,3388087,000660
2019-01-07,59000,59700,58400,58700,2273750,000660
2019-01-08,57900,60500,57600,59200,3062192,000660
2019-01-09,59600,63800,59400,63600,4928656,000660
2019-01-10,64100,65600,64000,65300,6034432,000660
2019-01-11,65400,65900,64200,65100,2890639,000660
2019-01-14,64300,65100,62000,62100,3282892,000660
2019-01-15,62200,64000,62200,64000,2413868,000660
2019-01-16,63800,64900,62700,64800,2478497,000660
2019-01-17,65500,66200,64600,64900,2830122,000660
2019-01-18,65000,65700,63900,64600,2263599,000660
2019-01-21,65900,67400,65000,67000,3977425,000660
2019-01-22,67900,68000,65700,66600,4047917,000660
2019-01-23,65500,67200,64800,66800,2825017,000660
2019-01-24,66900,70500,66900,70500,6914092,000660
2019-01-25,71600,74800,71100,74600,7163871,000660
2019-01-28,74700,74900,71200,71800,4972189,000660
2019-01-29,71400,73800,71000,73400,3368642,000660
2019-01-30,73500,76300,73000,75900,5304841,000660
2019-01-31,76900,77100,73700,73900,4447535,000660
2019-02-01,75400,76400,74700,75900,3349965,000660
2019-02-07,77500,78200,76600,76700,4249110,000660
2019-02-08,75200,75500,73000,73500,4012485,000660
2019-02-11,73000,74100,72200,74100,3374192,000660
2019-02-12,74100,76400,73900,75900,3526701,000660
2019-02-13,77300,77600,76100,76200,2378193,000660
2019-02-14,75800,77400,75100,77400,2313376,000660
2019-02-15,76800,76900,73800,73800,4154616,000660
2019-02-18,74300,75300,74000,74700,1772434,000660
2019-02-19,74500,74800,73000,73700,1462071,000660
2019-02-20,73700,76000,73600,75700,3134257,000660
2019-02-21,75300,77200,74600,76700,2874589,000660
2019-02-22,75600,76700,75300,76700,1882653,000660
2019-02-25,77300,77600,74800,75400,2865712,000660
2019-02-26,75000,75900,74100,75200,2483512,000660
2019-02-27,75300,75700,73700,73700,2864044,000660
2019-02-28,72500,72600,69900,70000,7869451,000660
2019-03-04,70300,71400,69900,70100,4931703,000660
2019-03-05,68300,70000,68300,69700,3465521,000660
2019-03-06,68500,69600,67400,68100,4958303,000660
2019-03-07,67200,68900,67100,68100,3402570,000660
2019-03-08,67900,68200,66200,66700,3571792,000660
2019-03-11,67000,67800,66200,66600,2869008,000660
2019-03-12,67700,68600,67500,67700,2753535,000660
2019-03-13,67700,67800,65900,66800,2851596,000660
2019-03-14,67400,67400,66400,67300,3107100,000660
2019-03-15,67400,68700,66700,68100,3645592,000660
2019-03-18,69200,69300,67300,67800,2158588,000660
2019-03-19,67300,68000,66600,68000,2285169,000660
2019-03-20,68400,70600,67600,70500,3642962,000660
2019-03-21,73500,76000,72600,75900,10030131,000660
2019-03-22,78900,78900,75900,76100,5286455,000660
2019-03-25,73700,74200,72600,72900,3752230,000660
2019-03-26,72900,73300,71500,72700,2987678,000660
2019-03-27,71800,74100,71200,73400,2744175,000660
2019-03-28,72300,73600,71700,72300,2774932,000660
2019-03-29,72900,74900,72700,74200,3214170,000660
2019-04-01,75600,77100,75500,76600,3579070,000660
2019-04-02,77900,78000,76100,76400,2719440,000660
2019-04-03,76800,79900,76500,79900,4674142,000660
2019-04-04,80400,81400,77800,78400,5436236,000660
2019-04-05,78200,79300,77900,79000,2191720,000660
2019-04-08,78900,79200,77600,77900,2663493,000660
2019-04-09,77700,78700,77400,77800,2322860,000660
2019-04-10,76700,78800,76200,78600,2689591,000660
2019-04-11,79200,79500,78000,78400,2614388,000660
2019-04-12,77400,78800,77400,78100,2317264,000660
2019-04-15,79000,79900,78600,79700,2019931,000660
2019-04-16,79900,80800,79100,80400,2206997,000660
2019-04-17,81000,82300,80000,80200,2886956,000660
2019-04-18,80800,81200,78500,79200,3295697,000660
2019-04-19,80500,82400,80100,81800,3040186,000660
2019-04-22,81500,81800,79900,80500,1887109,000660
2019-04-23,81000,81800,80400,81000,1779318,000660
2019-04-24,81500,81500,77500,78500,5318487,000660
2019-04-25,78400,81500,78100,80200,5586360,000660
2019-04-26,78500,79900,77600,78600,5183181,000660
2019-04-29,78700,80100,78200,80000,2987384,000660
2019-04-30,79400,80700,78100,79000,2960242,000660
2019-05-02,79700,81200,79100,80700,3092434,000660
2019-05-03,81100,81300,80300,80400,2481811,000660
2019-05-07,79200,80400,78700,79900,2700371,000660
2019-05-08,78700,80500,78000,80300,2731620,000660
2019-05-09,79600,79700,75200,76000,5939278,000660
2019-05-10,76100,76700,73400,74400,5702537,000660
2019-05-13,73900,75000,72800,73500,3062929,000660
2019-05-14,72200,75100,71600,74600,3712697,000660
2019-05-15,74800,75100,73900,74500,2056131,000660
2019-05-16,74400,75100,71600,71900,3467027,000660
2019-05-17,72500,73300,71400,71600,2412668,000660
2019-05-20,71800,72800,70700,70900,1970694,000660
2019-05-21,70500,72200,69700,70300,3893536,000660
2019-05-22,71300,71300,68500,68900,3128787,000660
2019-05-23,68400,69100,67300,68000,3108370,000660
2019-05-24,67300,68600,67000,67600,3339145,000660
2019-05-27,67900,68200,66400,66900,2214176,000660
2019-05-28,67200,68300,65900,65900,12052399,000660
2019-05-29,65600,66700,64900,66100,6056903,000660
2019-05-30,66300,66900,65800,65900,3023108,000660
2019-05-31,65900,66900,64700,65300,3191350,000660
2019-06-03,65200,67200,64200,66600,4020572,000660
2019-06-04,66500,66700,65100,65100,2892681,000660
2019-06-05,66900,67600,64900,65100,4832796,000660
2019-06-07,65200,66000,64600,65400,2355869,000660
2019-06-10,66100,67000,65800,66800,3091757,000660
2019-06-11,66900,67800,66700,67200,2429182,000660
2019-06-12,66800,67100,65700,65700,2437640,000660
2019-06-13,64900,65100,63300,63500,5947811,000660
2019-06-14,63200,64000,62600,63100,3686472,000660
2019-06-17,62800,63800,62400,63700,2435039,000660
2019-06-18,63800,64200,63300,63400,1549497,000660
2019-06-19,65800,67300,65200,67200,6230370,000660
2019-06-20,67200,67400,66200,67300,2773637,000660
2019-06-21,67100,67300,65900,65900,2403002,000660
2019-06-24,65900,67400,65600,66900,2164462,000660
2019-06-25,66700,67400,66300,66700,1873766,000660
2019-06-26,68300,69600,67900,68900,5024201,000660
2019-06-27,70100,71600,69700,70200,5361201,000660
2019-06-28,70900,70900,68400,69500,3117569,000660
2019-07-01,71000,71000,69700,70000,3538183,000660
2019-07-02,69700,71700,69100,71400,2495399,000660
2019-07-03,71100,71700,69000,69100,2790684,000660
2019-07-04,69600,70700,69300,70200,1503707,000660
2019-07-05,70300,71000,68400,68400,2043271,000660
2019-07-08,66400,68000,66200,67400,2202260,000660
2019-07-09,68400,70500,67900,69800,2912514,000660
2019-07-10,71500,73400,71000,72900,4346179,000660
2019-07-11,74000,75500,74000,75500,5111929,000660
2019-07-12,75600,75800,74400,74700,2638271,000660
2019-07-15,74500,76500,74400,76200,2122090,000660
2019-07-16,74800,76500,74800,76100,2450278,000660
2019-07-17,74600,75200,74000,74600,2805672,000660
2019-07-18,74300,75200,73900,74700,1902110,000660
2019-07-19,75900,77000,75600,76800,2635348,000660
2019-07-22,77800,79200,77000,78400,3213786,000660
2019-07-23,79700,80700,78200,78800,4814941,000660
2019-07-24,78800,80200,77100,77600,3562342,000660
2019-07-25,79700,80400,77700,79200,3963383,000660
2019-07-26,78100,80300,78000,79800,3095260,000660
2019-07-29,79000,79400,76500,77000,2616782,000660
2019-07-30,78200,80000,77700,78900,2371300,000660
2019-07-31,78000,79100,75300,76900,3712241,000660
2019-08-01,75300,78700,75300,77700,3397831,000660
2019-08-02,75400,76800,74900,76100,4845952,000660
2019-08-05,75500,76000,74900,75400,2889902,000660
2019-08-06,73100,73900,71900,72000,5008247,000660
2019-08-07,72000,74300,72000,73300,2692841,000660
2019-08-08,73600,74500,72000,72300,2943206,000660
2019-08-09,73200,74100,72300,73300,2100380,000660
2019-08-12,73700,75000,73500,74500,1254926,000660
2019-08-13,74000,75100,73700,74500,1304708,000660
2019-08-14,77200,77900,76200,76900,2561643,000660
2019-08-16,75800,76400,75100,76400,2015785,000660
2019-08-19,77300,77500,74800,75100,1591728,000660
2019-08-20,75500,76600,75100,76400,1694275,000660
2019-08-21,75900,76900,75500,75800,1898789,000660
2019-08-22,75300,76000,73800,73800,2309550,000660
2019-08-23,73500,75200,73400,74400,1695532,000660
2019-08-26,72600,73000,71500,71800,2645491,000660
2019-08-27,72500,73700,72500,73000,2512610,000660
2019-08-28,73500,73700,72500,73300,1380522,000660
2019-08-29,73500,74100,72000,73300,2050860,000660
2019-08-30,74600,78000,74600,77400,3839246,000660
2019-09-02,77000,78200,76500,77600,1431352,000660
2019-09-03,77200,77600,76300,77000,1611563,000660
2019-09-04,77400,80000,77300,80000,2723541,000660
2019-09-05,81400,83000,81200,83000,4068631,000660
2019-09-06,84000,84000,81500,81900,2418057,000660
2019-09-09,83100,84600,82500,84300,2642174,000660
2019-09-10,84200,84200,82700,83100,1761883,000660
2019-09-11,83400,84300,81300,82600,3650902,000660
2019-09-16,81000,81000,79000,79500,5174391,000660
2019-09-17,80000,80400,79100,79400,2538780,000660
2019-09-18,80100,80600,79500,80200,2706678,000660
2019-09-19,80600,82700,80300,82700,3612220,000660
2019-09-20,82800,83400,82100,82200,2447172,000660
2019-09-23,81900,83300,81900,82800,1413663,000660
2019-09-24,82500,83500,81400,83400,1662830,000660
2019-09-25,82200,82800,81500,81900,1644881,000660
2019-09-26,83000,83500,82500,83300,1734941,000660
2019-09-27,80200,81500,80100,81400,2625620,000660
2019-09-30,80600,82900,80400,82200,2442478,000660
2019-10-01,81800,82500,81700,82000,2370210,000660
2019-10-02,81600,81600,79500,79500,2188097,000660
2019-10-04,78900,81300,78900,80300,2430603,000660
2019-10-07,80700,81700,79800,80300,1229105,000660
2019-10-08,80400,81100,79400,80900,1816880,000660
2019-10-10,78900,79600,78100,79000,4389324,000660
2019-10-11,79800,80500,79400,80000,2186536,000660
2019-10-14,82000,82300,80400,80500,1972409,000660
2019-10-15,80700,81700,80500,81200,1518810,000660
2019-10-16,82400,82700,81900,82400,2436269,000660
2019-10-17,82000,82200,80600,81000,1713942,000660
2019-10-18,81500,81700,77300,77400,13625664,000660
2019-10-21,77800,78400,77100,77500,2096581,000660
2019-10-22,78900,79300,78200,79100,3453958,000660
2019-10-23,78500,78600,77700,77700,5373911,000660
2019-10-24,79900,80100,78700,80000,3076100,000660
2019-10-25,82400,82900,81500,82900,4229200,000660
2019-10-28,83400,84000,82600,82900,1977758,000660
2019-10-29,84000,84000,82900,83000,1645070,000660
2019-10-30,83400,83400,81000,81500,1927042,000660
2019-10-31,81900,83400,81600,82000,1978755,000660
2019-11-01,82300,83200,81600,83100,1848046,000660
2019-11-04,84000,84900,83800,84700,2182879,000660
2019-11-05,85100,85400,84600,85100,1953720,000660
2019-11-06,84800,85200,83500,83500,2127745,000660
2019-11-07,83700,84300,82800,83600,1594558,000660
2019-11-08,84600,84600,82000,82300,2074339,000660
2019-11-11,82500,82500,80700,81300,2174477,000660
2019-11-12,81900,83200,81300,83200,1555211,000660
2019-11-13,83300,83600,82300,83400,1370289,000660
2019-11-14,83200,83800,82900,83400,1517137,000660
2019-11-15,84200,85200,83400,85200,2394138,000660
2019-11-18,86000,86500,84700,85500,1827506,000660
2019-11-19,85400,86000,84600,85300,2260299,000660
2019-11-20,84400,85200,82600,82700,3315169,000660
2019-11-21,81700,82500,80500,80900,3346746,000660
2019-11-22,80900,82100,80700,81700,2089767,000660
2019-11-25,82300,83300,81500,81700,2602474,000660
2019-11-26,82000,84100,82000,82300,4521090,000660
2019-11-27,82400,83200,82000,82700,1326621,000660
2019-11-28,83100,83800,82500,82800,1413983,000660
2019-11-29,82500,82800,80700,80900,2139440,000660
2019-12-02,80900,81800,80500,80500,1945991,000660
2019-12-03,78100,79300,77300,78700,11657151,000660
2019-12-04,78000,78100,76800,77700,6164549,000660
2019-12-05,79800,79900,78000,78800,3667358,000660
2019-12-06,79300,80800,79100,80600,3054204,000660
2019-12-09,81300,81800,80700,80700,2290088,000660
2019-12-10,79800,80900,79400,80700,1831960,000660
2019-12-11,80700,81000,80100,80600,2009331,000660
2019-12-12,82000,83500,82000,83400,5247299,000660
2019-12-13,87200,88200,85800,87900,5831965,000660
2019-12-16,87200,89400,87000,88600,2652685,000660
2019-12-17,91000,93800,90200,92800,5070618,000660
2019-12-18,93400,94500,91800,93000,3434310,000660
2019-12-19,95400,96400,93400,93600,4938375,000660
2019-12-20,94100,95100,93700,95000,2791176,000660
2019-12-23,95800,96200,94100,94600,1720279,000660
2019-12-24,95000,95600,93800,93800,1464093,000660
2019-12-26,94000,95100,93500,94800,1559839,000660
2019-12-27,94800,97000,94200,96000,2229470,000660
2019-12-30,95600,96300,94100,94100,1862634,000660
2020-01-02,96000,96200,94100,94700,2342070,000660
2020-01-03,96500,97900,94300,94500,3021380,000660
2020-01-06,93000,95300,92800,94300,2577573,000660
2020-01-07,94500,95400,94000,94000,2489429,000660
2020-01-08,96400,99500,95200,97400,7014748,000660
2020-01-09,98900,99000,97400,99000,3586413,000660
2020-01-10,99100,99700,97900,98900,2867925,000660
2020-01-13,99000,101000,98000,100500,2242008,000660
2020-01-14,101500,103500,99900,100500,2913343,000660
2020-01-15,99900,99900,98000,98200,2745625,000660
2020-01-16,97400,99400,97400,99200,2824804,000660
2020-01-17,100500,101500,98800,99000,2246394,000660
2020-01-20,100000,101000,99600,99900,1781639,000660
2020-01-21,100500,100500,99000,99300,1483291,000660
2020-01-22,99000,101000,99000,101000,2257478,000660
2020-01-23,101000,101000,98200,98700,2780104,000660
2020-01-28,95500,96900,95000,96300,3630362,000660
2020-01-29,96900,99000,96700,97900,2741459,000660
2020-01-30,97800,97800,93800,94000,3223436,000660
2020-01-31,94500,97500,93500,93500,4597139,000660
2020-02-03,91800,95600,91500,94700,3725535,000660
2020-02-04,94800,97500,94500,97100,3169743,000660
2020-02-05,99300,99300,96900,97700,2911995,000660
2020-02-06,98900,101000,98300,100500,2861441,000660
2020-02-07,100000,100500,98400,99300,1827393,000660
2020-02-10,98000,99200,97400,98800,1825648,000660
2020-02-11,99900,100500,99000,99800,1820578,000660
2020-02-12,100500,101000,99100,100000,2616573,000660
2020-02-13,101000,103500,100500,102000,3519491,000660
2020-02-14,101500,105000,101000,104500,1893163,000660
2020-02-17,104500,106000,103500,105000,1190162,000660
2020-02-18,104000,104500,101500,102000,2789667,000660
2020-02-19,102500,103500,101000,103500,2315634,000660
2020-02-20,104500,106000,102500,104000,3093782,000660
2020-02-21,101500,103500,101000,103000,4064719,000660
2020-02-24,100500,100500,98900,99500,5550758,000660
2020-02-25,97800,99100,96400,98000,6594059,000660
2020-02-26,95500,96100,94400,94600,6405409,000660
2020-02-27,94700,95300,92200,92800,4644449,000660
2020-02-28,91000,92200,87700,87900,8171939,000660
2020-03-02,90000,93100,88300,92100,6382279,000660
2020-03-03,95000,95100,92400,92800,5573006,000660
2020-03-04,91300,95000,91300,94300,4984561,000660
2020-03-05,95200,95900,93800,94900,4028776,000660
2020-03-06,93300,94300,92000,92600,3281612,000660
2020-03-09,89500,89700,86400,86900,6196552,000660
2020-03-10,86900,89400,86600,89100,6579153,000660
2020-03-11,88200,88500,85100,85500,5226251,000660
2020-03-12,83800,84600,79600,82800,8191818,000660
2020-03-13,76900,84700,76000,82500,8160758,000660
2020-03-16,83700,84800,80400,80600,5097762,000660
2020-03-17,77500,83100,77000,80400,7107436,000660
2020-03-18,81600,82500,73000,73100,7949482,000660
2020-03-19,75500,75800,65800,69000,11140367,000660
2020-03-20,71800,76200,70100,74800,8750101,000660
2020-03-23,69700,71600,68000,69400,8192363,000660
2020-03-24,73000,78800,72100,78700,7247345,000660
2020-03-25,82000,84700,79800,84500,8787217,000660
2020-03-26,85000,87900,80400,80700,7895289,000660
2020-03-27,85700,85700,80500,83300,8085695,000660
2020-03-30,81000,84900,80000,83700,5270037,000660
2020-03-31,84000,85500,82000,83300,5333479,000660
2020-04-01,82100,83200,78400,78400,6845675,000660
2020-04-02,78800,80000,76500,80000,5394371,000660
2020-04-03,80000,80800,78500,79600,3755301,000660
2020-04-06,81000,83300,80200,83100,5784159,000660
2020-04-07,86600,86700,83700,85800,6188649,000660
2020-04-08,85800,86500,84500,84500,3749575,000660
2020-04-09,86200,86500,84500,85000,3555538,000660
2020-04-10,84000,84400,83000,84100,3675338,000660
2020-04-13,83200,83400,81100,81400,3615318,000660
2020-04-14,82200,83700,81200,82300,3344109,000660
2020-04-16,80600,82300,80600,81300,4470072,000660
2020-04-17,83600,85900,83200,84100,6205624,000660
2020-04-20,83900,83900,82000,82000,5027876,000660
2020-04-21,80600,82200,80200,81300,5090721,000660
2020-04-22,80600,83900,80000,83900,5335787,000660
2020-04-23,85200,85200,82000,82600,6519481,000660
2020-04-24,82000,82500,80800,81400,3193144,000660
2020-04-27,81700,83200,81200,82600,3235430,000660
2020-04-28,82500,83900,82400,83400,3205535,000660
2020-04-29,83500,84800,82900,83700,3750568,000660
2020-05-04,82900,82900,80800,81000,5280026,000660
2020-05-06,82000,82500,80900,82400,3351424,000660
2020-05-07,82400,83400,81800,82400,2660512,000660
2020-05-08,83000,85500,83000,85000,5039635,000660
2020-05-11,84500,85200,84100,84500,2800047,000660
2020-05-12,84500,86500,83200,85700,3574409,000660
2020-05-13,83500,84100,83000,83600,5371416,000660
2020-05-14,82200,82500,80600,80600,6409652,000660
2020-05-15,81500,82300,80700,81900,4168866,000660
2020-05-18,80400,81800,79200,81100,5294177,000660
2020-05-19,82400,83200,81700,82700,4620614,000660
2020-05-20,81900,84200,81800,84100,3924403,000660
2020-05-21,84900,84900,83200,83400,2678953,000660
2020-05-22,83100,83300,81000,81300,3471700,000660
2020-05-25,81500,81800,80500,81400,2850294,000660
2020-05-26,80600,82100,80600,81900,3040122,000660
2020-05-27,81100,82700,81000,81400,2946278,000660
2020-05-28,84100,85400,82400,83900,9227823,000660
2020-05-29,82600,82700,81300,81500,6815185,000660
2020-06-01,82100,83700,82100,83600,4205357,000660
2020-06-02,82700,83600,82700,83300,3114162,000660
2020-06-03,83400,89200,83400,88700,11642239,000660
2020-06-04,90000,91600,87100,87700,6678244,000660
2020-06-05,88500,90800,87700,90400,4000557,000660
2020-06-08,93000,93000,90600,91000,3789382,000660
2020-06-09,91000,92000,89100,89800,3410081,000660
2020-06-10,89800,91100,89400,90800,3045250,000660
2020-06-11,89300,90300,87500,88500,5467344,000660
2020-06-12,84500,85800,84500,85200,4742329,000660
2020-06-15,84100,86500,82000,82000,4710114,000660
2020-06-16,83400,85700,83300,85400,3518785,000660
2020-06-17,84800,87400,83500,86800,4160612,000660
2020-06-18,86100,86800,85400,86200,2484147,000660
2020-06-19,86500,87000,84500,85400,3216102,000660
2020-06-22,84400,85900,84300,84900,2167216,000660
2020-06-23,85600,86200,83900,84100,2955819,000660
2020-06-24,84200,87400,84000,86000,4079834,000660
2020-06-25,84300,85600,84000,84300,3397112,000660
2020-06-26,86000,86100,84500,84600,2889494,000660
2020-06-29,84000,85300,83500,83600,2932433,000660
2020-06-30,86200,87300,85000,85100,4983607,000660
2020-07-01,86800,87300,84900,85300,2382552,000660
2020-07-02,84800,85200,84000,84400,3295340,000660
2020-07-03,85000,85600,84500,85400,2195897,000660
2020-07-06,86000,87000,85800,86000,2561766,000660
2020-07-07,87300,87300,84600,84800,3196352,000660
2020-07-08,83800,84900,83600,83700,3523620,000660
2020-07-09,84200,84600,83000,83000,4002365,000660
2020-07-10,83300,83500,82400,82800,2201557,000660
2020-07-13,83100,83500,82500,83000,2080934,000660
2020-07-14,82600,82900,82000,82900,2048671,000660
2020-07-15,83100,83900,82900,83000,3024429,000660
2020-07-16,83000,83100,82300,82700,2312310,000660
2020-07-17,82700,83500,82600,82900,1579078,000660
2020-07-20,82800,83000,82100,82200,2008624,000660
2020-07-21,83400,84700,83000,84100,4181015,000660
2020-07-22,84100,84200,82900,83200,2876295,000660
2020-07-23,84000,84000,82300,82400,3591647,000660
2020-07-24,82300,83700,82200,83700,3667416,000660
2020-07-27,83100,84000,82800,82800,2784652,000660
2020-07-28,83900,83900,82700,83100,4538720,000660
2020-07-29,82900,83800,82600,83200,3719681,000660
2020-07-30,83300,86400,83000,85300,6870841,000660
2020-07-31,85700,86000,82800,82800,4848989,000660
2020-08-03,82400,82600,81500,81800,3483106,000660
2020-08-04,81800,82500,81400,81600,3005937,000660
2020-08-05,81200,81300,80500,80700,4537005,000660
2020-08-06,80700,81900,80700,81100,3391939,000660
2020-08-07,81200,81300,80000,80600,4946631,000660
2020-08-10,80100,81900,79800,81400,3277238,000660
2020-08-11,81700,82000,81000,81300,3234013,000660
2020-08-12,81100,81300,80200,81000,3595828,000660
2020-08-13,81900,82000,80300,80700,4049387,000660
2020-08-14,80200,81100,80100,80200,2589552,000660
2020-08-18,80000,80200,78000,78100,4946279,000660
2020-08-19,77300,78000,75000,75000,8028305,000660
2020-08-20,74400,74400,71300,71800,7260223,000660
2020-08-21,72800,77000,72500,74500,7700029,000660
2020-08-24,74600,77200,73700,75500,4298619,000660
2020-08-25,76300,77700,75400,77000,3473488,000660
2020-08-26,78000,79100,77100,78800,4741965,000660
2020-08-27,80200,80200,78800,79100,4223450,000660
2020-08-28,79500,79600,77700,77800,2511956,000660
2020-08-31,78200,78800,75100,75100,5113128,000660
2020-09-01,75200,76500,75200,75200,2538676,000660
2020-09-02,75900,76400,74900,75500,2369360,000660
2020-09-03,77700,79700,77200,78700,7002529,000660
2020-09-04,76400,79400,76100,78700,4582566,000660
2020-09-07,78600,79500,77600,78400,2786930,000660
2020-09-08,78700,80000,78200,79400,3380355,000660
2020-09-09,77900,78400,77200,77300,3918435,000660
2020-09-10,78000,78200,76600,76600,3541520,000660
2020-09-11,76700,78500,76300,78400,2831262,000660
2020-09-14,79100,80100,78900,80000,4099644,000660
2020-09-15,81300,82100,80200,81900,5899410,000660
2020-09-16,81700,82400,80500,81500,3119110,000660
2020-09-17,81900,82900,81200,82200,4055050,000660
2020-09-18,82900,83900,82200,83700,5199334,000660
2020-09-21,83700,85000,83600,84500,4102947,000660
2020-09-22,84400,84800,80200,81300,4139983,000660
2020-09-23,82300,84800,80500,83600,4439085,000660
2020-09-24,82800,85400,82300,84300,6401560,000660
2020-09-25,85800,85900,82200,82900,3205596,000660
2020-09-28,83400,83700,81300,82500,3154068,000660
2020-09-29,83100,84900,82200,84000,4707898,000660
2020-10-05,83000,84100,82300,83200,3396894,000660
2020-10-06,84000,84200,82600,83000,2750145,000660
2020-10-07,82900,83700,82500,83400,2254356,000660
2020-10-08,84300,84500,82900,82900,3330824,000660
2020-10-12,83900,85500,83500,85500,4464264,000660
2020-10-13,85500,89000,84600,88200,6375448,000660
2020-10-14,88000,88900,86100,86500,3223767,000660
2020-10-15,86100,87300,85900,87100,2802900,000660
2020-10-16,87000,87900,84900,85300,2435541,000660
2020-10-19,86100,87900,85800,86700,3150011,000660
2020-10-20,85300,90900,83700,85200,6622637,000660
2020-10-21,85300,86200,82800,83800,4925877,000660
2020-10-22,84200,84300,82500,83300,2593975,000660
2020-10-23,82800,84700,82300,83900,2609595,000660
2020-10-26,84300,84700,83000,83200,1662847,000660
2020-10-27,82300,83400,81800,82600,2265817,000660
2020-10-28,82100,83600,82000,82900,1773556,000660
2020-10-29,81900,82400,81000,81700,2637314,000660
2020-10-30,81600,82100,79900,79900,2710477,000660
2020-11-02,80200,80600,79200,79600,2000394,000660
2020-11-03,79600,81400,79600,81400,2057723,000660
2020-11-04,82100,84400,81200,83200,3782296,000660
2020-11-05,84100,86200,83300,86100,4082325,000660
2020-11-06,86500,87700,86000,86300,2863808,000660
2020-11-09,86500,87300,85600,86000,2444330,000660
2020-11-10,86900,87200,85900,86500,2849783,000660
2020-11-11,86100,87200,85900,87000,2638617,000660
2020-11-12,87600,88400,87000,88100,4006433,000660
2020-11-13,88100,90000,87500,89700,3774278,000660
2020-11-16,92100,98100,91100,98000,9274278,000660
2020-11-17,97400,99600,96500,98100,5218295,000660
2020-11-18,99800,100500,96600,98000,3734037,000660
2020-11-19,96200,98300,96000,98200,2766688,000660
2020-11-20,99000,99000,96800,96800,2424003,000660
2020-11-23,97300,101000,96600,100000,4149013,000660
2020-11-24,101000,102000,98300,98600,3766043,000660
2020-11-25,100500,100500,96300,97200,4081524,000660
2020-11-26,96800,99500,96300,99400,2933290,000660
2020-11-27,99600,99900,98200,98800,1976047,000660
2020-11-30,99700,99800,97300,97500,3877841,000660
2020-12-01,98600,101500,97800,100500,4455519,000660
2020-12-02,103000,109500,103000,109000,7488361,000660
2020-12-03,110500,114500,109000,111500,6617912,000660
2020-12-04,116000,119500,112500,115000,8258814,000660
2020-12-07,118500,120000,116000,118000,5191354,000660
2020-12-08,118000,118000,114000,115000,4536460,000660
2020-12-09,116000,121000,115000,120500,5490760,000660
2020-12-10,117000,118500,115500,116500,8205744,000660
2020-12-11,118000,118000,115000,115500,3944552,000660
2020-12-14,116000,119000,115500,117000,3066761,000660
2020-12-15,118500,118500,115000,117500,2755902,000660
2020-12-16,119000,119500,117000,117500,2213552,000660
2020-12-17,118500,119500,117000,119500,3649945,000660
2020-12-18,118500,119000,117500,118500,3010798,000660
2020-12-21,118000,118000,114500,116000,3585805,000660
2020-12-22,115000,115500,112500,112500,4270842,000660
2020-12-23,113000,116000,112500,116000,3173156,000660
2020-12-24,116000,118500,115500,118000,3486636,000660
2020-12-28,119000,119500,115000,115500,4825132,000660
2020-12-29,118000,118500,114000,116000,4208916,000660
2020-12-30,116000,118500,114500,118500,4195192,000660
2021-01-04,124500,128000,120500,126000,7995016,000660
2021-01-05,124500,132500,124000,130500,7180224,000660
2021-01-06,132500,137000,130000,131000,8525749,000660
2021-01-07,132500,137500,131500,134500,5981299,000660
2021-01-08,136000,138000,132500,138000,8713010,000660
2021-01-11,138000,140000,131000,133000,11154671,000660
2021-01-12,132000,133500,125500,129000,8700877,000660
2021-01-13,129000,133500,128500,133000,6791044,000660
2021-01-14,132500,133000,129000,130500,5380278,000660
2021-01-15,133000,135000,127000,127500,4838114,000660
2021-01-18,126000,131000,125000,130000,5927419,000660
2021-01-19,131000,132000,128500,130500,4513315,000660
2021-01-20,134000,135000,130000,130500,4913282,000660
2021-01-21,131500,133000,130000,131500,3067677,000660
2021-01-22,131500,132000,128500,128500,3927767,000660
2021-01-25,130000,135000,129500,135000,5061864,000660
2021-01-26,134000,134000,128500,129000,6270106,000660
2021-01-27,129500,132000,127500,128500,5068456,000660
2021-01-28,124000,125500,121500,123000,6270829,000660
2021-01-29,128500,128500,121500,122500,7391307,000660
2021-02-01,121000,126000,118000,125000,5620305,000660
2021-02-02,128500,132500,127000,130000,4880067,000660
2021-02-03,131000,131500,128500,130000,3693688,000660
2021-02-04,127500,128500,124000,125000,4600618,000660
2021-02-05,126500,128000,124500,127500,3497303,000660
2021-02-08,127500,128000,125000,125000,2876471,000660
2021-02-09,127500,130000,125000,125500,5177095,000660
2021-02-10,125500,127000,124500,126000,4262526,000660
2021-02-15,130000,132500,130000,132000,5384526,000660
2021-02-16,132500,134000,130500,132500,3218689,000660
2021-02-17,131000,131000,128000,130000,3621178,000660
2021-02-18,128500,130000,125500,126000,3792425,000660
2021-02-19,129000,133000,128500,133000,6986526,000660
2021-02-22,136000,139500,135000,136500,7961516,000660
2021-02-23,133500,140000,131500,138500,6400037,000660
2021-02-24,137500,143500,134000,136000,9074809,000660
2021-02-25,141000,149500,140000,148500,9936495,000660
2021-02-26,143500,145000,138000,141500,10843268,000660
2021-03-02,149000,150500,141000,144500,9376523,000660
2021-03-03,142500,147000,139500,147000,5827221,000660
2021-03-04,143000,145500,139500,142000,6586562,000660
2021-03-05,138000,141500,136500,140000,6091444,000660
2021-03-08,143000,143000,135500,135500,5587787,000660
2021-03-09,134000,137500,130500,136500,7822152,000660
2021-03-10,140500,140500,132500,133000,5614476,000660
2021-03-11,134500,139000,134000,137000,6707671,000660
2021-03-12,140500,142500,139500,140000,4548695,000660
2021-03-15,141500,142000,136000,136500,4289990,000660
2021-03-16,138500,140500,138000,140500,3304561,000660
2021-03-17,141000,141000,138500,140000,2588319,000660
2021-03-18,142500,145000,141000,142000,4426840,000660
2021-03-19,138000,139500,137000,138000,4015627,000660
2021-03-22,138500,140000,137000,138000,2727719,000660
2021-03-23,139000,139500,134000,135000,3839090,000660
2021-03-24,133000,134500,131500,133500,3894080,000660
2021-03-25,133000,134500,130500,133000,4157799,000660
2021-03-26,134000,135000,132000,135000,3835443,000660
2021-03-29,135500,135500,131500,132000,3575226,000660
2021-03-30,133000,135500,132000,134500,3304184,000660
2021-03-31,134500,135000,132000,132500,3309680,000660
2021-04-01,138000,140500,136500,140500,5833436,000660
2021-04-02,142000,143000,140000,141000,3432245,000660
2021-04-05,142000,144500,141000,143000,2616440,000660
2021-04-06,147000,147000,141500,143000,3753217,000660
2021-04-07,146000,146000,142500,143500,2424687,000660
2021-04-08,143500,146000,142500,144000,3774932,000660
2021-04-09,144000,145000,139500,140000,3276077,000660
2021-04-12,140500,140500,136000,137500,3878457,000660
2021-04-13,136000,140000,135500,139500,2876178,000660
2021-04-14,139000,139000,136500,137000,2777203,000660
2021-04-15,136000,139000,136000,137500,2291160,000660
2021-04-16,138500,139000,137500,137500,1982877,000660
2021-04-19,138000,139000,137000,138000,1906782,000660
2021-04-20,136500,138500,136500,138500,2167732,000660
2021-04-21,138000,138000,132000,132500,5120577,000660
2021-04-22,134500,135500,133000,133000,3007457,000660
2021-04-23,130500,132500,128500,132500,4854412,000660
2021-04-26,132500,132500,130500,131500,2904879,000660
2021-04-27,133000,136000,132500,135000,3394650,000660
2021-04-28,134500,135000,130000,130000,5596760,000660
2021-04-29,132000,133000,129000,130000,3738266,000660
2021-04-30,130000,130500,126500,128000,3955947,000660
2021-05-03,127500,132500,127000,131500,4085398,000660
2021-05-04,130500,132000,129000,132000,2547004,000660
2021-05-06,130000,130500,128000,129000,4211535,000660
2021-05-07,128000,131000,127000,129500,3450323,000660
2021-05-10,131000,131000,128500,130000,3067077,000660
2021-05-11,127000,127500,122000,123000,9882491,000660
2021-05-12,123000,123500,119000,119500,8272196,000660
2021-05-13,116000,118500,115500,117500,6042025,000660
2021-05-14,118500,120000,118000,118500,3227201,000660
2021-05-17,120000,120000,117000,117500,3110127,000660
2021-05-18,117500,122000,117500,121000,3470048,000660
2021-05-20,121000,124000,119500,122500,4600751,000660
2021-05-21,124500,125500,121000,122500,4062695,000660
2021-05-24,122000,122500,119000,119500,3188734,000660
2021-05-25,121500,123000,120500,123000,3258364,000660
2021-05-26,124000,124500,122000,123000,3015522,000660
2021-05-27,124500,126000,123000,125500,4539067,000660
2021-05-28,126500,126500,124000,125000,2332971,000660
2021-05-31,126000,127000,124000,127000,2448074,000660
2021-06-01,127000,129000,126000,128500,2819179,000660
2021-06-02,128500,129000,125500,126000,2885654,000660
2021-06-03,127000,130000,126500,129000,3353993,000660
2021-06-04,127500,129000,126500,128500,2555891,000660
2021-06-07,129500,130000,128000,128500,2562918,000660
2021-06-08,127000,127500,125000,127500,4194955,000660
2021-06-09,125500,126000,122500,122500,6087592,000660
2021-06-10,122500,124000,120500,123000,4533076,000660
2021-06-11,124500,128500,124000,128000,4868608,000660
2021-06-14,127000,127500,125500,127000,2022730,000660
2021-06-15,128500,129500,128000,128500,1975082,000660
2021-06-16,128000,129500,127000,129500,1893752,000660
2021-06-17,127000,128000,126000,126500,2123793,000660
2021-06-18,127500,127500,124500,124500,2506112,000660
2021-06-21,121000,123000,120500,122000,3275288,000660
2021-06-22,122500,123500,122000,122000,2179712,000660
2021-06-23,122500,124500,122000,124000,2703658,000660
2021-06-24,124000,126500,123500,126000,2646407,000660
2021-06-25,128000,129000,127500,128500,2531018,000660
2021-06-28,129000,129500,126000,126000,2402730,000660
2021-06-29,127500,128000,125000,125000,2211572,000660
2021-06-30,126500,129500,126000,127500,4346027,000660
2021-07-01,127500,128000,124000,124500,3336174,000660
2021-07-02,122500,123500,121500,122500,3983921,000660
2021-07-05,123500,124500,122500,123000,1632551,000660
2021-07-06,124000,126000,123500,125000,2067135,000660
2021-07-07,125000,125500,122500,123500,2229140,000660
2021-07-08,123500,123500,121000,121500,3165552,000660
2021-07-09,120500,120500,118000,119500,4823577,000660
2021-07-12,121000,122000,119500,120000,2477201,000660
2021-07-13,121000,123500,121000,123000,2879072,000660
2021-07-14,122500,124000,121500,123500,2443087,000660
2021-07-15,123500,124000,122500,123500,1500981,000660
2021-07-16,122000,122500,120500,121500,2905546,000660
2021-07-19,119000,120000,118500,119000,2066638,000660
2021-07-20,117500,119500,117500,118500,2070074,000660
2021-07-21,119500,120000,116500,117000,2864601,000660
2021-07-22,118000,120000,118000,119500,1919233,000660
2021-07-23,118500,119000,117500,118500,1747651,000660
2021-07-26,119500,120000,117000,117000,1836657,000660
2021-07-27,118000,119000,116000,116000,2916330,000660
2021-07-28,115000,115500,112500,114000,6033084,000660
2021-07-29,115000,115500,113000,114000,3054699,000660
2021-07-30,114000,114000,112500,112500,2888566,000660
2021-08-02,113500,117000,113000,116000,4276730,000660
2021-08-03,118000,120500,117000,120000,4396423,000660
2021-08-04,122000,123000,120500,121000,4162635,000660
2021-08-05,121000,121500,118000,120000,3491584,000660
2021-08-06,119000,119500,117500,118000,2209875,000660
2021-08-09,117500,118000,116000,116000,2755724,000660
2021-08-10,115000,115500,112000,112500,5420223,000660
2021-08-11,109000,110000,105000,105500,13715267,000660
2021-08-12,102000,104000,99800,100500,19150647,000660
2021-08-13,99600,101500,98900,101500,11622957,000660
2021-08-17,101000,103500,100500,101500,7851717,000660
2021-08-18,103000,105500,101500,104000,8047599,000660
2021-08-19,103000,105500,101500,102500,6161038,000660
2021-08-20,104000,104500,102000,102500,4719139,000660
2021-08-23,104500,105000,103000,103000,4515699,000660
2021-08-24,104500,105500,104000,105000,4454743,000660
2021-08-25,106000,106000,102500,103500,3194555,000660
2021-08-26,106000,106500,103500,104000,3694741,000660
2021-08-27,103500,104500,101000,103500,3507782,000660
2021-08-30,105000,105500,103500,103500,1815758,000660
2021-08-31,103500,106500,102000,106500,4979276,000660
2021-09-01,106000,108000,104500,108000,4736183,000660
2021-09-02,108000,108500,106000,106500,2724565,000660
2021-09-03,106500,107500,106000,107000,2513486,000660
2021-09-06,106500,107000,105000,106000,1888595,000660
2021-09-07,105500,106000,104000,104500,2547667,000660
2021-09-08,104000,107500,103500,106000,2891267,000660
2021-09-09,105000,106000,103000,103000,3233011,000660
2021-09-10,103500,105500,103000,105000,1999369,000660
2021-09-13,105000,107000,104000,106500,1923344,000660
2021-09-14,107500,108500,106500,107500,2463248,000660
2021-09-15,107500,107500,105500,107500,2933797,000660
2021-09-16,107000,107500,104000,104000,3602821,000660
2021-09-17,104500,107500,104000,107000,3386517,000660
2021-09-23,105500,107000,105000,105500,2493313,000660
2021-09-24,106000,106500,104000,104000,2236954,000660
2021-09-27,104000,105500,103500,104500,1839358,000660
2021-09-28,105000,105500,103000,103500,2951945,000660
2021-09-29,101000,102000,99700,100000,6353977,000660
2021-09-30,99900,103500,99600,103000,3910557,000660
2021-10-01,102000,102500,100000,100000,2681124,000660
2021-10-05,98900,99500,97200,97900,3244145,000660
2021-10-06,98400,98700,95800,96500,2816951,000660
2021-10-07,96300,96800,95000,95700,3834957,000660
2021-10-08,96200,96300,93500,94000,4098832,000660
2021-10-12,92400,92900,90800,91500,4728215,000660
2021-10-13,90900,93500,90500,92000,3045438,000660
2021-10-14,92400,94500,92100,93800,2414639,000660
2021-10-15,96000,98500,95700,98400,4229748,000660
2021-10-18,98300,98300,96700,97100,2111399,000660
2021-10-19,98600,98600,97100,97700,1400175,000660
2021-10-20,98200,98600,97200,97900,2010529,000660
2021-10-21,97300,98300,96100,96300,2152221,000660
2021-10-22,95500,99200,95500,98500,1962833,000660
2021-10-25,99500,101500,98300,100000,2950459,000660
2021-10-26,101500,103500,101000,102000,3458645,000660
2021-10-27,103000,104000,101500,101500,2859255,000660
2021-10-28,102000,107500,101500,106500,6329703,000660
2021-10-29,107000,108500,103000,103000,4007223,000660
2021-11-01,103500,107000,102500,106500,3118661,000660
2021-11-02,107000,108500,106500,107500,2892292,000660
2021-11-03,108500,109000,104500,105500,3116506,000660
2021-11-04,107000,108000,105500,106000,2059242,000660
2021-11-05,108000,108500,105500,107000,2523345,000660
2021-11-08,107000,108000,104000,107500,2212348,000660
2021-11-09,108000,110000,107500,109000,3440686,000660
2021-11-10,108500,109500,107500,108500,2361295,000660
2021-11-11,107500,108000,105500,107500,2731498,000660
2021-11-12,109000,109500,105500,106500,1786165,000660
2021-11-15,108500,111500,108000,111000,4701568,000660
2021-11-16,111000,113000,109000,112000,3767311,000660
2021-11-17,113000,113000,110000,110500,3062491,000660
2021-11-18,110000,111000,109000,110000,1928891,000660
2021-11-19,110000,112500,110000,111500,2324668,000660
2021-11-22,116500,121000,116000,119500,9786492,000660
2021-11-23,119500,121000,117500,119000,4847270,000660
2021-11-24,120500,122500,118000,119500,4001111,000660
2021-11-25,120500,121000,117000,117500,3339835,000660
2021-11-26,116500,118500,113000,115500,4337936,000660
2021-11-29,113000,118500,113000,116000,4412863,000660
2021-11-30,118000,119000,112500,114000,7449608,000660
2021-12-01,114500,117500,112000,116500,4214135,000660
2021-12-02,115500,120500,115000,120000,6980518,000660
2021-12-03,119000,119500,115500,118000,4567843,000660
2021-12-06,116000,119000,115500,118500,4318893,000660
2021-12-07,119000,122500,118000,121500,5112025,000660
2021-12-08,124000,125000,119500,120000,6168137,000660
2021-12-09,120500,123500,119000,123500,5631833,000660
2021-12-10,120500,121500,119500,120500,2512642,000660
2021-12-13,121000,124000,121000,121500,3329176,000660
2021-12-14,120500,123000,120000,121000,2201003,000660
2021-12-15,120000,123500,120000,123500,2681332,000660
2021-12-16,125000,125500,122500,124000,3869086,000660
2021-12-17,120500,123000,120500,122000,3850444,000660
2021-12-20,121500,123500,120500,120500,2846815,000660
2021-12-21,124000,124500,122500,124500,3678590,000660
2021-12-22,127500,128500,126000,127000,3817689,000660
2021-12-23,129000,129000,126500,127500,2398358,000660
2021-12-24,129000,130000,128000,128000,2462683,000660
2021-12-27,128500,129000,126000,126000,2684135,000660
2021-12-28,126500,128000,124500,127500,4086063,000660
2021-12-29,127500,128500,125500,127000,3832154,000660
2021-12-30,131000,133500,130000,131000,5172987,000660
2022-01-03,132000,132500,128000,128500,3782213,000660
2022-01-04,129500,130000,127500,128500,3622369,000660
2022-01-05,129000,129000,121500,125500,7414954,000660
2022-01-06,123500,127000,123000,125000,3725569,000660
2022-01-07,127000,129000,126500,127000,3270119,000660
2022-01-10,126500,127000,123000,124500,3449197,000660
2022-01-11,125500,128500,124500,128000,3958787,000660
2022-01-12,129500,130000,126500,128500,3552174,000660
2022-01-13,128500,130000,128000,129500,4155984,000660
2022-01-14,128500,129000,126000,128500,3769648,000660
2022-01-17,127500,128000,124500,127000,3730393,000660
2022-01-18,126500,127500,125000,126500,3607850,000660
2022-01-19,123500,128500,123500,127000,4094609,000660
2022-01-20,126000,126500,123500,125000,5441986,000660
2022-01-21,121500,122500,118000,119000,6465040,000660
2022-01-24,116500,120500,116500,119000,4883822,000660
2022-01-25,118000,120000,116500,118000,5702595,000660
2022-01-26,119000,119500,117500,117500,3416240,000660
2022-01-27,119500,119500,111000,113500,6679404,000660
2022-01-28,115000,121500,114500,120500,4776510,000660
2022-02-03,124500,127000,124000,124000,5171178,000660
2022-02-04,125500,127000,124000,124500,3037097,000660
2022-02-07,123000,123500,119500,123000,4804261,000660
2022-02-08,124500,126000,123500,125000,4054097,000660
2022-02-09,127000,128000,124500,126000,4339337,000660
2022-02-10,129000,131000,127000,129500,7269729,000660
2022-02-11,130500,132500,130000,132000,6057207,000660
2022-02-14,130000,132500,129500,132500,4962205,000660
2022-02-15,131500,132000,127000,127000,5097120,000660
2022-02-16,131000,132500,130000,130500,3499809,000660
2022-02-17,130500,134000,130000,133000,5433402,000660
2022-02-18,131500,133000,129500,131500,3108887,000660
2022-02-21,129000,130500,127000,130000,4048108,000660
2022-02-22,127000,129500,126000,128500,3179806,000660
2022-02-23,130000,130500,127000,128500,2752112,000660
2022-02-24,125500,126000,122000,122500,5748069,000660
2022-02-25,125500,126000,122500,123000,3309625,000660
2022-02-28,123000,123500,121000,123500,3224264,000660
2022-03-02,124500,126500,123000,125000,2903340,000660
2022-03-03,128000,129500,127000,129000,3088097,000660
2022-03-04,127500,128000,124000,124500,3249773,000660
2022-03-07,119000,121000,119000,119500,5203286,000660
2022-03-08,117000,119500,116500,118000,3619045,000660
2022-03-10,121000,121500,118500,120000,3912683,000660
2022-03-11,118500,119000,115500,117000,3087532,000660
2022-03-14,115500,117000,114500,116000,3172353,000660
2022-03-15,114500,115500,112000,112500,3578256,000660
2022-03-16,115000,117000,114000,116500,3739977,000660
2022-03-17,121000,124500,121000,124000,7219813,000660
2022-03-18,124000,125000,121000,124000,4493159,000660
2022-03-21,124000,124500,121000,122000,3433809,000660
2022-03-22,121000,124000,121000,123500,2246439,000660
2022-03-23,124000,124500,122000,123500,4085633,000660
2022-03-24,121000,122000,119500,120500,4215272,000660
2022-03-25,122000,123000,118000,118000,5514940,000660
2022-03-28,117500,119500,116500,118000,3234792,000660
2022-03-29,119500,120500,118500,120000,3375247,000660
2022-03-30,123000,123000,120500,121000,3436282,000660
2022-03-31,119500,120000,117500,118000,4558063,000660
2022-04-01,117000,117500,116000,116000,3851558,000660
2022-04-04,115000,117500,114500,117000,2470792,000660
2022-04-05,117500,118000,116000,116500,2101474,000660
2022-04-06,114500,115500,113000,113000,4541938,000660
2022-04-07,111500,114500,110500,113500,5027865,000660
2022-04-08,113000,114000,110500,112000,4268316,000660
2022-04-11,111000,113000,110500,111500,2390786,000660
2022-04-12,110500,113000,110500,111000,2738163,000660
2022-04-13,112000,113000,111000,113000,2484490,000660
2022-04-14,113000,113000,110000,110000,4715700,000660
2022-04-15,108000,108500,107000,108000,3694012,000660
2022-04-18,107000,109500,106500,109000,2670439,000660
2022-04-19,110000,112500,109500,112500,3021192,000660
2022-04-20,112500,113000,111000,112500,2905007,000660
2022-04-21,112500,115000,112500,113000,3199858,000660
2022-04-22,110500,112000,110500,110500,2360834,000660
2022-04-25,109000,109500,108000,108000,2282343,000660
2022-04-26,109500,111000,108000,111000,2969516,000660
2022-04-27,108000,109500,107500,108500,3261290,000660
2022-04-28,109500,110000,108000,109500,2804966,000660
2022-04-29,110000,112500,109500,112500,3752415,000660
2022-05-02,110000,111500,110000,110500,2175384,000660
2022-05-03,111000,112000,109500,110000,2676115,000660
2022-05-04,110500,111000,108500,109500,2491890,000660
2022-05-06,108000,108500,106500,107500,2566813,000660
2022-05-09,107000,109000,106500,107500,2203472,000660
2022-05-10,107000,111000,107000,110000,4141923,000660
2022-05-11,110500,112500,108000,110500,3658168,000660
2022-05-12,109500,111500,108500,109000,4132948,000660
2022-05-13,109000,112500,109000,112500,4003349,000660
2022-05-16,113500,114000,110000,110500,3930044,000660
2022-05-17,111000,113000,110500,112500,2056143,000660
2022-05-18,114000,115000,113000,113500,3570113,000660
2022-05-19,110500,112500,110000,111000,3680049,000660
2022-05-20,111500,113000,111000,112500,2398978,000660
2022-05-23,113000,113500,111000,113000,3160028,000660
2022-05-24,111500,112000,108500,108500,4491835,000660
2022-05-25,109500,110000,107000,108000,4151560,000660
2022-05-26,107500,108500,101500,103000,8523001,000660
2022-05-27,105500,107000,105000,106000,3686487,000660
2022-05-30,108000,108000,106000,107000,2054526,000660
2022-05-31,106500,108000,105500,108000,4024509,000660
2022-06-02,106000,107500,106000,107000,3097583,000660
2022-06-03,108000,108500,107000,107000,1638006,000660
2022-06-07,105500,106000,103500,104000,3174521,000660
2022-06-08,104500,107500,104500,106000,3075530,000660
2022-06-09,105500,107000,104500,105500,4640744,000660
2022-06-10,104000,104500,102500,103500,3480289,000660
2022-06-13,100000,101000,99000,99000,4133447,000660
2022-06-14,96900,99600,96800,99100,3242550,000660
2022-06-15,98500,98900,96700,97900,2578500,000660
2022-06-16,99900,101500,97100,97400,3810703,000660
2022-06-17,95100,96400,95000,96400,3965464,000660
2022-06-20,96700,96800,93100,94500,2386222,000660
2022-06-21,94700,95900,93900,95200,2707302,000660
2022-06-22,95700,95700,91700,92200,3509830,000660
2022-06-23,92100,93000,89700,90200,3983116,000660
2022-06-24,90500,92000,90500,91600,3045970,000660
2022-06-27,92700,96100,92600,95000,3408749,000660
2022-06-28,94500,95300,93700,95300,2022966,000660
2022-06-29,93300,94900,92900,94000,2529973,000660
2022-06-30,91500,93100,91000,91000,3098854,000660
2022-07-01,91000,92500,87100,87500,4959176,000660
2022-07-04,87500,89600,86300,89100,4331728,000660
2022-07-05,90400,93400,90400,92500,3560085,000660
2022-07-06,92800,93600,90900,92100,3981326,000660
2022-07-07,91300,95200,91300,93900,3330794,000660
2022-07-08,95900,96500,94500,94800,2814478,000660
2022-07-11,95000,95700,93500,93700,1885425,000660
2022-07-12,94000,94000,91700,93300,2385688,000660
2022-07-13,94600,96400,93800,94000,2721816,000660
2022-07-14,92800,95500,92300,94000,2550307,000660
2022-07-15,95900,99000,95500,98700,4457208,000660
2022-07-18,101000,103500,100000,101000,4564780,000660
2022-07-19,100000,100500,98700,100000,2709084,000660
2022-07-20,103000,104500,101000,102000,3981053,000660
2022-07-21,102000,103000,100500,102500,2143984,000660
2022-07-22,102500,102500,100000,100000,3126556,000660
2022-07-25,99100,101500,98900,100000,2185108,000660
2022-07-26,100500,101000,99100,100500,1636970,000660
2022-07-27,101000,101500,98600,100000,3159499,000660
2022-07-28,101000,101500,98900,99400,3359717,000660
2022-07-29,99900,100000,97400,97900,3899079,000660
2022-08-01,97200,98100,96500,97100,2007646,000660
2022-08-02,97200,97200,96200,96500,1916851,000660
2022-08-03,96900,97500,96100,97500,1703330,000660
2022-08-04,98000,98100,97100,97500,1960526,000660
2022-08-05,98100,98700,97400,98500,2052852,000660
2022-08-08,97700,97700,95800,96300,3206548,000660
2022-08-09,96000,96100,94500,95100,3152955,000660
2022-08-10,91800,93000,91800,91800,4356568,000660
2022-08-11,93500,94400,92600,93300,5206962,000660
2022-08-12,92800,94400,92600,93300,1910127,000660
2022-08-16,94500,97600,94400,96700,4267280,000660
2022-08-17,96800,97600,95900,97100,1764674,000660
2022-08-18,95900,96400,95300,95700,1889587,000660
2022-08-19,97000,97500,95900,96400,1890839,000660
2022-08-22,95200,95600,94000,95200,2293601,000660
2022-08-23,94100,95400,93600,93600,1932822,000660
2022-08-24,93900,94200,93000,93200,1447036,000660
2022-08-25,93600,94100,92100,94100,2189458,000660
2022-08-26,95400,96800,94700,95100,2301949,000660
2022-08-29,92700,93300,92000,92500,2619260,000660
2022-08-30,92700,93400,92400,93200,1595242,000660
2022-08-31,92600,95500,92100,95200,2421669,000660
2022-09-01,93900,93900,92300,92400,2337521,000660
2022-09-02,92700,93300,91600,91700,2036818,000660
2022-09-05,91800,92400,90400,91100,1706148,000660
2022-09-06,91900,92900,91100,91800,1389821,000660
2022-09-07,91100,91100,89900,90400,2053413,000660
2022-09-08,90500,91000,90000,90400,2012123,000660
2022-09-13,91700,95200,91700,94800,3288428,000660
2022-09-14,91700,93400,91300,93000,2444928,000660
2022-09-15,92900,93000,91500,92000,1755820,000660
2022-09-16,90900,91400,90000,91200,2243179,000660
2022-09-19,90800,91500,90000,90000,2078633,000660
2022-09-20,89000,90600,87500,88000,4259789,000660
2022-09-21,87500,88500,86300,88000,2954420,000660
2022-09-22,86300,86900,85900,86000,2204430,000660
2022-09-23,85500,86600,83300,83500,3932242,000660
2022-09-26,81500,83200,81500,82500,3281145,000660
2022-09-27,82200,82700,80700,82000,2606333,000660
2022-09-28,81900,83500,80500,81200,3068181,000660
2022-09-29,82500,82900,80500,80800,2064798,000660
2022-09-30,80900,83900,80400,83100,4711130,000660
2022-10-04,85200,87200,85200,86200,4277404,000660
2022-10-05,90000,90400,88100,89800,5927256,000660
2022-10-06,90900,92000,89800,89900,3039698,000660
2022-10-07,89600,91800,87800,91200,3100583,000660
2022-10-11,89700,91200,88000,90200,3840842,000660
2022-10-12,91000,94000,90900,94000,4648231,000660
2022-10-13,93400,94900,92800,94900,4390570,000660
2022-10-14,96000,96600,94300,95500,3516437,000660
2022-10-17,94600,95300,94000,95200,2134558,000660
2022-10-18,95900,96200,94600,95800,2618680,000660
2022-10-19,94700,94900,92700,92900,3684934,000660
2022-10-20,91000,91800,89000,90200,4547678,000660
2022-10-21,89800,91400,89700,90500,2206754,000660
2022-10-24,92200,93100,91200,91800,2165991,000660
2022-10-25,91900,94800,91000,93500,2656194,000660
2022-10-26,93300,95500,93200,93900,3310322,000660
2022-10-27,95100,95100,89800,90000,4550273,000660
2022-10-28,87100,87800,83000,83400,7748514,000660
2022-10-31,84300,85400,82400,82700,6271574,000660
2022-11-01,82700,83900,81400,83900,3820185,000660
2022-11-02,84200,85500,83600,84500,2536363,000660
2022-11-03,82600,83500,81900,82700,2901380,000660
2022-11-04,82700,84600,81700,84500,3032985,000660
2022-11-07,85400,86800,85000,86500,2765284,000660
2022-11-08,87600,89000,87400,87700,2799575,000660
2022-11-09,88100,89200,86600,89200,2619752,000660
2022-11-10,89000,90800,88300,89100,3856811,000660
2022-11-11,95200,95300,92500,93500,5002149,000660
2022-11-14,93900,93900,90900,90900,2483441,000660
2022-11-15,91300,92100,90400,91600,2460465,000660
2022-11-16,92000,92400,90300,91500,2609199,000660
2022-11-17,82400,88500,82000,87700,3703870,000660
2022-11-18,88700,91500,88100,88400,2981192,000660
2022-11-21,87600,87700,86100,86300,2111523,000660
2022-11-22,85500,86600,84900,85200,1617131,000660
2022-11-23,86100,86700,84900,85200,1480400,000660
2022-11-24,86900,87200,85700,86900,2148255,000660
2022-11-25,87200,87300,85100,85100,1439011,000660
2022-11-28,84100,84200,82900,83100,2471506,000660
2022-11-29,82700,83800,82100,83700,1501783,000660
2022-11-30,83200,85400,83100,85000,3332708,000660
2022-12-01,87300,87300,84600,84700,2878591,000660
2022-12-02,83900,83900,81800,81900,4594058,000660
2022-12-05,81900,82300,80700,81000,3516456,000660
2022-12-06,79900,81100,79800,81000,2781352,000660
2022-12-07,79900,80700,78700,78900,3589926,000660
2022-12-08,78200,79800,78200,78800,3809847,000660
2022-12-09,79400,81500,79300,81500,2985508,000660
2022-12-12,80100,81300,79500,81100,1242007,000660
2022-12-13,81300,82700,80500,82300,2761104,000660
2022-12-14,82100,82600,81100,81800,2357491,000660
2022-12-15,80600,81100,79900,80200,1713617,000660
2022-12-16,77700,79400,77500,78400,3827227,000660
2022-12-19,78300,80100,78300,79000,1813544,000660
2022-12-20,78200,78900,77800,78300,1361926,000660
2022-12-21,78500,79200,78000,78000,1513864,000660
2022-12-22,78500,79300,77900,79200,2061883,000660
2022-12-23,77800,78300,77300,77800,1554446,000660
2022-12-26,77700,77700,76500,77000,1414717,000660
2022-12-27,77500,77600,76500,77000,1694225,000660
2022-12-28,76800,77000,75400,76000,1891221,000660
2022-12-29,75200,75600,74700,75000,1736661,000660
2023-01-02,75100,76700,75000,75700,1376985,000660
2023-01-03,75600,76300,73100,75600,2719437,000660
2023-01-04,75400,81900,75200,81000,5154609,000660
2023-01-05,83300,83300,80800,81400,3510964,000660
2023-01-06,81400,83600,81100,83100,3687430,000660
2023-01-09,84900,86000,83500,86000,3948670,000660
2023-01-10,85500,87200,85000,86500,3105311,000660
2023-01-11,87800,88400,86500,87300,3083961,000660
2023-01-12,88100,88100,85800,86800,3065582,000660
2023-01-13,86800,87500,85400,85700,2058890,000660
2023-01-16,86000,86500,84900,85800,1512876,000660
2023-01-17,86400,87200,85700,86000,1586136,000660
2023-01-18,86400,86500,84500,85100,1494262,000660
2023-01-19,84000,85800,84000,85500,1674834,000660
2023-01-20,86300,87800,86100,87600,2386074,000660
2023-01-25,92000,92000,90600,91400,3611901,000660
2023-01-26,90800,92300,90100,92300,2319962,000660
2023-01-27,91300,92800,90300,91500,2553811,000660
2023-01-30,91300,91600,90000,90700,2603297,000660
2023-01-31,90800,90800,86800,88500,5185088,000660
2023-02-01,91200,91400,88500,91400,3889171,000660
2023-02-02,94900,94900,92700,93400,4350607,000660
2023-02-03,92400,93200,91300,92200,2925123,000660
2023-02-06,91400,92000,89100,89100,2819903,000660
2023-02-07,88800,91200,88800,90800,2166265,000660
2023-02-08,91700,95000,91600,94900,3964981,000660
2023-02-09,94800,94800,92600,94400,2726568,000660
2023-02-10,94300,94700,93100,93500,1971090,000660
2023-02-13,92000,92000,89900,90600,3159031,000660
2023-02-14,91800,93500,91600,93400,2185525,000660
2023-02-15,93800,94200,91200,91700,1801577,000660
2023-02-16,91900,93400,91600,92900,1812496,000660
2023-02-17,91400,92700,90900,92000,1691509,000660
2023-02-20,92700,93300,90700,92500,1774617,000660
2023-02-21,92500,92600,90900,91200,1477419,000660
2023-02-22,89900,90300,88500,89100,2301835,000660
2023-02-23,90000,93700,89600,92700,3659678,000660
2023-02-24,93500,94000,91000,91000,2496352,000660
2023-02-27,90100,90300,89100,90000,1893345,000660
2023-02-28,91000,91000,88700,89400,2082486,000660
2023-03-02,89400,90300,87500,88100,2744038,000660
2023-03-03,88500,89200,87200,87300,2239958,000660
2023-03-06,87900,89800,87500,89700,2374415,000660
2023-03-07,89700,90000,88800,88900,1610948,000660
2023-03-08,87700,87800,86400,86800,2790989,000660
2023-03-09,87300,87800,85300,85600,3315016,000660
2023-03-10,83800,84400,83100,83300,3559824,000660
2023-03-13,83200,84700,82400,84300,2860341,000660
2023-03-14,82600,83000,81100,81100,3359381,000660
2023-03-15,81900,82300,78800,79100,5357314,000660
2023-03-16,76700,80200,76700,79000,4804196,000660
2023-03-17,81200,84800,81100,84000,6239588,000660
2023-03-20,83800,85100,83000,83700,2223378,000660
2023-03-21,84100,85100,82900,83600,1880231,000660
2023-03-22,85200,87300,83800,86900,2667268,000660
2023-03-23,85400,88500,85100,88500,3091673,000660
2023-03-24,89100,90700,86700,87300,4670908,000660
2023-03-27,87500,87800,84700,85500,3211190,000660
2023-03-28,85300,88700,85200,88400,3180431,000660
2023-03-29,87400,88700,86500,86900,3070422,000660
2023-03-30,89900,90500,87700,88800,4264354,000660
2023-03-31,89200,89500,87600,88600,2676327,000660
2023-04-03,89700,89700,86600,87200,2502220,000660
2023-04-04,85700,85900,83700,84500,16808036,000660
2023-04-05,84300,85700,84100,84600,4380498,000660
2023-04-06,83900,84700,82700,83800,5379170,000660
2023-04-07,87900,89400,86000,89100,10867359,000660
2023-04-10,88700,92500,88500,90700,5387514,000660
2023-04-11,90700,92200,89900,91800,5001836,000660
2023-04-12,91900,92000,89700,90300,4751001,000660
2023-04-13,89500,90300,88200,88700,4907552,000660
2023-04-14,90100,90300,88600,89300,2324722,000660
2023-04-17,89000,89000,87700,88500,1877825,000660
2023-04-18,89300,89300,87300,87600,1763334,000660
2023-04-19,88000,88500,86600,88200,2024519,000660
2023-04-20,86600,88400,86200,87700,1746001,000660
2023-04-21,87700,89800,87200,89100,2624982,000660
2023-04-24,88100,88800,87000,87200,2054455,000660
2023-04-25,87500,87800,83700,85500,4096411,000660
2023-04-26,86400,88700,86200,87400,3240654,000660
2023-04-27,87900,89200,86000,88800,2980163,000660
2023-04-28,90800,91400,88700,89500,3737493,000660
2023-05-02,90900,90900,88900,90200,2427349,000660
2023-05-03,89000,90300,88600,89800,1779615,000660
2023-05-04,88900,89600,87500,88700,1794303,000660
2023-05-08,89700,90000,87700,88700,2615242,000660
2023-05-09,88400,88600,86700,87300,2297473,000660
2023-05-10,87200,87700,86300,86900,2137658,000660
2023-05-11,86900,87300,85000,86300,2806299,000660
2023-05-12,86300,87600,86200,87200,2712372,000660
2023-05-15,87000,87100,85500,86400,2357794,000660
2023-05-16,89500,90700,88500,90400,5121364,000660
2023-05-17,92000,92000,90300,91900,3340386,000660
2023-05-18,92800,94000,92000,93600,3473641,000660
2023-05-19,95000,97900,94900,97300,5062669,000660
2023-05-22,97700,99400,97100,98200,4248401,000660
2023-05-23,99000,99000,97000,97900,2472514,000660
2023-05-24,97400,97800,96300,97700,2097933,000660
2023-05-25,104300,104300,101100,103500,7431586,000660
2023-05-26,107500,110500,106100,109200,10136706,000660
2023-05-30,113200,113400,109500,110300,9058509,000660
2023-05-31,110000,110900,108500,108600,8166685,000660
2023-06-01,106000,110500,106000,110300,5553560,000660
2023-06-02,111000,112700,109200,110300,3991904,000660
2023-06-05,110100,110500,108500,108700,3316020,000660
2023-06-07,108700,109300,108000,108000,3313460,000660
2023-06-08,107000,109700,106700,109700,4355468,000660
2023-06-09,110300,115600,108300,115400,7950947,000660
2023-06-12,114400,115800,114000,114800,2637721,000660
2023-06-13,117000,120100,117000,119500,6232477,000660
2023-06-14,118800,119700,118100,118800,3240260,000660
2023-06-15,120200,121100,118000,119000,3778592,000660
2023-06-16,117300,119800,116300,118900,4303391,000660
2023-06-19,118000,118500,113500,114800,4208396,000660
2023-06-20,114000,117000,113200,116100,3319570,000660
2023-06-21,116200,117500,114600,115100,2728146,000660
2023-06-22,114200,115900,113400,114000,2612402,000660
2023-06-23,114000,115200,112500,113600,2987472,000660
2023-06-26,113100,113900,111200,113500,3350758,000660
2023-06-27,114000,114000,110800,113000,3602087,000660
2023-06-28,114200,115200,112800,114300,3178571,000660
2023-06-29,115200,117400,114500,116200,4398301,000660
2023-06-30,114600,115500,113200,115200,2674318,000660
2023-07-03,115300,118900,115300,117600,3022009,000660
2023-07-04,118200,118400,117200,117900,1988592,000660
2023-07-05,118100,118200,116100,116700,2483034,000660
2023-07-06,116000,116100,113100,113800,3465047,000660
2023-07-07,112700,113000,111200,111800,2781723,000660
2023-07-10,111800,112900,109700,110300,3163245,000660
2023-07-11,111500,113400,111200,113400,2209391,000660
2023-07-12,113200,115400,112800,115400,2228477,000660
2023-07-13,115400,117000,113600,114100,3421492,000660
2023-07-14,115500,120200,115300,118000,5817889,000660
2023-07-17,116900,118700,116000,117200,2427281,000660
2023-07-18,117500,119000,116700,117800,2299880,000660
2023-07-19,118700,119100,116700,117500,2580301,000660
2023-07-20,116500,117500,115200,116900,1949776,000660
2023-07-21,114700,115100,113200,115100,2745384,000660
2023-07-24,114100,114900,112900,114000,2761991,000660
2023-07-25,114000,114200,112200,113400,2678385,000660
2023-07-26,116000,116100,111300,113000,4995935,000660
2023-07-27,115000,124000,114100,124000,9638980,000660
2023-07-28,126200,129000,122000,128000,8718746,000660
2023-07-31,128000,128500,122500,123400,4623350,000660
2023-08-01,124000,126400,120700,125100,4656047,000660
2023-08-02,123300,124800,118700,119500,3765478,000660
2023-08-03,119000,121300,117200,120000,3498537,000660
2023-08-04,118300,120900,118100,120100,2375384,000660
2023-08-07,120600,124900,120500,121900,3724826,000660
2023-08-08,121900,122400,118300,118600,2729243,000660
2023-08-09,118500,119200,117200,118500,2551668,000660
2023-08-10,117400,118500,115100,118500,2622604,000660
2023-08-11,118000,119400,115200,115300,2412381,000660
2023-08-14,114600,117300,114000,114900,2038360,000660
2023-08-16,117200,118500,115000,115800,3870479,000660
2023-08-17,114300,115500,112500,114800,3064253,000660
2023-08-18,112600,118700,111800,117200,3329697,000660
2023-08-21,117300,118500,115600,116400,2621973,000660
2023-08-22,120000,120900,114900,116500,3349473,000660
2023-08-23,116200,116800,114100,116000,2573292,000660
2023-08-24,122300,123600,120300,120900,6368401,000660
2023-08-25,117400,118300,115300,116500,3533647,000660
2023-08-28,117000,117500,115500,115900,1746882,000660
2023-08-29,118300,120300,117100,118600,2682352,000660
2023-08-30,122400,122800,119400,119400,2629711,000660
2023-08-31,121000,122800,120000,121800,4403695,000660
2023-09-01,121400,122600,119600,120000,2886011,000660
2023-09-04,118300,119700,116200,119200,3491280,000660
2023-09-05,118100,121000,117700,119400,1749591,000660
2023-09-06,118600,120000,117800,118200,1615519,000660
2023-09-07,118200,120900,117100,118500,2995088,000660
2023-09-08,117000,117100,112800,113700,4943255,000660
2023-09-11,113700,116000,112900,115900,2542590,000660
2023-09-12,115400,117500,113900,116700,2749688,000660
2023-09-13,117900,120700,116900,118500,3860589,000660
2023-09-14,118600,122200,118600,122200,3948784,000660
2023-09-15,122900,124400,121600,122400,3579662,000660
2023-09-18,120300,122900,118800,119000,2356621,000660
2023-09-19,119400,121300,118600,119200,1921912,000660
2023-09-20,118900,119700,116700,118000,2228681,000660
2023-09-21,116000,116900,114100,116500,3151900,000660
2023-09-22,114300,117300,114200,117300,2938386,000660
2023-09-25,115900,117700,115700,117000,2181722,000660
2023-09-26,117000,117200,113300,115000,3237819,000660
2023-09-27,113000,115200,112300,114700,3060751,000660
2023-10-04,113000,116600,113000,115400,4447702,000660
2023-10-05,122900,122900,118100,120200,6112858,000660
2023-10-06,120200,121600,119000,120400,4158083,000660
2023-10-10,122800,124300,119500,119500,5580659,000660
2023-10-11,123000,123900,119200,119200,4293299,000660
2023-10-12,121100,124200,120500,124200,4016352,000660
2023-10-13,123100,126300,122500,124700,3205273,000660
2023-10-16,124700,125200,122400,124100,3008476,000660
2023-10-17,125000,130800,123500,130000,6411880,000660
2023-10-18,128600,130700,127200,130000,4760148,000660
2023-10-19,127600,128900,125100,125700,5089745,000660
2023-10-20,124300,127200,122800,126200,3868266,000660
2023-10-23,126800,127200,123500,124000,2432303,000660
2023-10-24,125400,127000,123900,126800,2802010,000660
2023-10-25,127500,129000,126100,127500,3053002,000660
2023-10-26,122100,124800,119500,120000,5961584,000660
2023-10-27,119800,120900,117500,119100,5486088,000660
2023-10-30,119100,121700,118700,119100,2798497,000660
2023-10-31,119800,120900,116300,116300,3166739,000660
2023-11-01,117900,120300,117000,120300,2707225,000660
2023-11-02,123900,125400,123100,125300,3736208,000660
2023-11-03,126500,127200,125000,125800,2796773,000660
2023-11-06,125800,133000,125800,133000,6923192,000660
2023-11-07,132000,133500,129300,130400,4940510,000660
2023-11-08,131600,132700,126600,127600,3328279,000660
2023-11-09,127700,129800,126700,128000,2228081,000660
2023-11-10,127900,130800,127000,130500,2656526,000660
2023-11-13,133000,134100,131000,131800,2644761,000660
2023-11-14,133500,133500,130000,130000,2589591,000660
2023-11-15,133900,134200,132100,134100,3616292,000660
2023-11-16,133000,134400,131200,132300,2456351,000660
2023-11-17,131500,132000,129100,129900,2438499,000660
2023-11-20,129300,132000,129300,131400,2004403,000660
2023-11-21,132000,133300,131600,132000,2439306,000660
2023-11-22,129600,131600,129500,131300,2128566,000660
2023-11-23,130600,131400,129500,130100,1839516,000660
2023-11-24,130600,131000,128000,128000,1925668,000660
2023-11-27,129200,130700,128400,130700,2264243,000660
2023-11-28,132100,132100,129900,131400,2562226,000660
2023-11-29,130200,131000,128900,130400,2227853,000660
2023-11-30,129900,133900,129900,133900,3625365,000660
2023-12-01,132200,133000,130800,132600,3641222,000660
2023-12-04,133400,134600,131100,131100,2680820,000660
2023-12-05,129700,130000,125400,125900,4375531,000660
2023-12-06,126800,127500,125400,125600,2667583,000660
2023-12-07,125600,127800,124500,125600,2478565,000660
2023-12-08,128100,129100,127500,127500,2762531,000660
2023-12-11,128700,129100,127300,128900,3696790,000660
2023-12-12,130600,131900,130500,131000,3126577,000660
2023-12-13,130000,132400,130000,131200,2852873,000660
2023-12-14,133700,138300,133600,136700,8217135,000660
2023-12-15,137000,140000,137000,140000,5011719,000660
2023-12-18,139000,140800,138900,140000,2540812,000660
2023-12-19,140000,140800,138100,138200,2309721,000660
2023-12-20,139900,140800,139300,140500,3108011,000660
2023-12-21,139200,140600,138100,140500,2737124,000660
2023-12-22,142700,143700,140600,140600,3183709,000660
2023-12-26,142000,142000,139400,140900,2239789,000660
2023-12-27,140800,141600,139200,140400,2336777,000660
2023-12-28,140900,141600,139500,141500,2459473,000660
2024-01-02,139700,142800,139700,142400,2147458,000660
2024-01-03,140000,140800,136800,136800,3257820,000660
2024-01-04,136800,138800,135800,136400,2661970,000660
2024-01-05,135800,137500,135800,137500,1846781,000660
2024-01-08,137500,137900,135400,136000,2498302,000660
2024-01-09,139000,139500,136600,137400,3473806,000660
2024-01-10,137700,138100,132100,133500,3769252,000660
2024-01-11,132400,137100,132400,136000,3594909,000660
2024-01-12,136400,137300,133400,134100,1878915,000660
2024-01-15,134800,135100,133300,134100,1858867,000660
2024-01-16,132600,133700,131100,132100,3670169,000660
2024-01-17,133800,134500,129000,131000,3822702,000660
2024-01-18,131500,136800,130600,136200,3050556,000660
2024-01-19,138700,141300,137400,141300,4946040,000660
2024-01-22,145200,145400,142300,142600,3784276,000660
2024-01-23,142300,142800,138300,140800,2912611,000660
2024-01-24,140000,141700,137600,141500,2580665,000660
2024-01-25,142700,143700,136900,137400,4708651,000660
2024-01-26,136200,138600,136000,136000,3247410,000660
2024-01-29,135500,137000,135000,135000,2311854,000660
2024-01-30,135300,137800,134400,136900,2297631,000660
2024-01-31,134800,136600,133600,134700,2815362,000660
2024-02-01,133100,135600,131700,132700,3778274,000660
2024-02-02,132300,135300,132200,134900,3708253,000660
2024-02-05,134900,135800,131700,132300,3300954,000660
2024-02-06,133700,138400,132000,138000,4672324,000660
2024-02-07,136600,138500,135500,138000,3348045,000660
2024-02-08,139000,143000,137900,142800,5780714,000660
2024-02-13,146800,150000,145000,150000,6902585,000660
2024-02-14,146300,149200,144900,148700,4396924,000660
2024-02-15,151300,152700,148000,148700,3560211,000660
2024-02-16,150600,150600,145700,146800,3265836,000660
2024-02-19,146200,153200,146000,151300,3997323,000660
2024-02-20,150300,151100,147500,149600,3507601,000660
2024-02-21,147100,152200,147100,149000,4278500,000660
2024-02-22,154500,156500,152600,156500,5966352,000660
2024-02-23,166900,166900,159800,161400,7012032,000660
2024-02-26,158400,164800,158400,161800,4329477,000660
2024-02-27,159000,160000,153300,153800,6107954,000660
2024-02-28,154500,159200,153800,158000,3666960,000660
2024-02-29,154900,158400,154500,156200,3386307,000660
2024-03-04,161000,168100,160700,166500,5230909,000660
2024-03-05,165100,169000,164100,165800,3612530,000660
2024-03-06,164100,165500,162700,162900,2672526,000660
2024-03-07,164500,165900,161000,164900,3052700,000660
2024-03-08,169800,174900,169300,171900,5089650,000660
2024-03-11,165000,168900,164700,166600,3450905,000660
2024-03-12,166100,167200,164000,165700,3102706,000660
2024-03-13,168600,169700,162000,163600,5072935,000660
2024-03-14,163600,164200,161100,161900,3655060,000660
2024-03-15,159600,162900,158600,161200,4099531,000660
2024-03-18,161200,164500,161000,164300,2696598,000660
2024-03-19,161700,161800,157600,160200,4159293,000660
2024-03-20,160200,161400,154100,156500,5692523,000660
2024-03-21,165200,171400,162600,170000,9205769,000660
2024-03-22,169000,173900,167400,169800,5400916,000660
2024-03-25,170500,174800,168500,169400,3434516,000660
2024-03-26,172000,179500,171900,176600,6549669,000660
2024-03-27,176700,183000,175600,181200,5774536,000660
2024-03-28,178000,182100,178000,178200,3424716,000660
2024-03-29,179200,183900,177600,183000,3035080,000660
2024-04-01,186400,190500,185000,185500,2723474,000660
2024-04-02,188000,190000,184400,186300,4207759,000660
2024-04-03,182000,183700,178200,179200,5416518,000660
2024-04-04,184400,188500,184000,188000,5344102,000660
2024-04-05,184800,187600,181800,182800,4043133,000660
2024-04-08,183900,183900,180000,181200,3278855,000660
2024-04-09,182300,185300,181700,182900,2302751,000660
2024-04-11,182900,188400,182400,188400,4098231,000660
2024-04-12,188700,191400,187000,187400,3097301,000660
2024-04-15,185400,188400,183000,188200,2672047,000660
2024-04-16,184400,185500,178300,179100,4956035,000660
2024-04-17,179600,182500,177700,178700,4340591,000660
2024-04-18,176000,183300,175400,182300,4170243,000660
2024-04-19,177200,178500,169500,173300,7545976,000660
2024-04-22,170700,172400,167000,171600,5882906,000660
2024-04-23,172600,173700,169700,171000,3975371,000660
2024-04-24,178900,180200,176300,179800,4254632,000660
2024-04-25,173800,176700,170600,170600,5332149,000660
2024-04-26,176200,178300,174900,177800,5471765,000660
2024-04-29,179100,180400,175600,175900,2892809,000660
2024-04-30,175900,179000,173800,174200,3655060,000660
2024-05-02,169000,174700,169000,173600,3168250,000660
2024-05-03,177000,177500,173200,173200,2336256,000660
2024-05-07,179400,180900,179300,179600,4349589,000660
2024-05-08,177600,179400,176000,178000,2304744,000660
2024-05-09,179000,179400,175400,175400,2861600,000660
2024-05-10,176500,180100,176400,179900,2813668,000660
2024-05-13,180000,184000,179000,183800,3230023,000660
2024-05-14,184200,185800,181800,185300,2763069,000660
2024-05-16,191100,194000,191100,193000,5083178,000660
2024-05-17,192000,193500,189900,189900,2841394,000660
2024-05-20,192300,193200,188600,190100,3592128,000660
2024-05-21,193400,193500,191200,192000,2468109,000660
2024-05-22,191900,197700,190900,197700,3949439,000660
2024-05-23,203500,204000,198200,200000,4681849,000660
2024-05-24,199800,202500,197500,198600,3793872,000660
2024-05-27,203500,209000,199100,201500,4774882,000660
2024-05-28,202500,205500,200500,202500,2084945,000660
2024-05-29,210000,210000,200500,202500,3073139,000660
2024-05-30,202500,202500,195700,195700,2402236,000660
2024-05-31,194400,195200,188200,189200,5958829,000660
2024-06-03,189500,194600,188200,194200,2982443,000660
2024-06-04,196400,196500,192900,193300,1996780,000660
2024-06-05,189400,195200,188800,193700,2709631,000660
2024-06-07,199500,207500,197300,207500,4805326,000660
2024-06-10,206000,209500,205000,208000,2448961,000660
2024-06-11,210000,215000,206000,212500,3070163,000660
2024-06-12,212000,216000,211000,215000,2151331,000660
2024-06-13,226000,226500,219000,222000,5777279,000660
2024-06-14,225000,225000,216000,221000,3311223,000660
2024-06-17,219000,229500,219000,223000,2198340,000660
2024-06-18,227000,234500,227000,234500,3136231,000660
2024-06-19,235000,243000,231500,233500,3758652,000660
2024-06-20,233500,238500,231000,237500,2927358,000660
2024-06-21,230500,234500,230000,234000,3848394,000660
2024-06-24,228000,230000,220000,223000,5080726,000660
2024-06-25,215500,225000,215000,225000,5730999,000660
2024-06-26,228000,238500,227500,237000,5166862,000660
2024-06-27,229500,239000,227500,236500,3763005,000660
2024-06-28,235500,237500,232500,236500,2368287,000660
2024-07-01,233500,236500,232000,235500,1709955,000660
2024-07-02,235500,237000,230500,232000,2343947,000660
2024-07-03,231000,236000,225000,236000,3315677,000660
2024-07-04,240500,240500,225000,230000,7599882,000660
2024-07-05,228500,237500,227500,236000,4041293,000660
2024-07-08,234000,237000,232500,233500,2309023,000660
2024-07-09,235500,241000,233000,238500,4810781,000660
2024-07-10,237500,239000,234000,239000,2579373,000660
2024-07-11,242500,248500,241000,241000,5336097,000660
2024-07-12,232000,236000,230000,233000,4972976,000660
2024-07-15,235000,235500,226500,230000,3301380,000660
2024-07-16,226500,235000,224000,233000,3982189,000660
2024-07-17,229500,230000,220500,220500,6051510,000660
2024-07-18,212500,215000,209000,212500,8847665,000660
2024-07-19,208500,214000,207000,209500,4519170,000660
2024-07-22,209000,209500,200500,205000,6662441,000660
2024-07-23,208500,209500,200500,205000,5976519,000660
2024-07-24,202000,212500,200000,208500,4838734,000660
2024-07-25,196200,198800,189000,190000,12503762,000660
2024-07-26,190800,194500,186100,191800,8769107,000660
2024-07-29,195000,195700,192200,195600,4017366,000660
2024-07-30,191300,192200,186500,188900,5165131,000660
2024-07-31,188000,195000,185200,194600,6439929,000660
2024-08-01,201500,201500,193300,193300,6457167,000660
2024-08-02,183600,184000,172400,173200,13050139,000660
2024-08-05,168000,171200,151600,156100,12358821,000660
2024-08-06,165100,166400,161500,163700,10717321,000660
2024-08-07,160900,171000,157400,169300,9732037,000660
2024-08-08,162600,168200,161200,163400,5370361,000660
2024-08-09,172800,172800,168800,171500,5141277,000660
2024-08-12,174500,179800,172600,177000,4413736,000660
2024-08-13,179900,182400,178800,181900,4234287,000660
2024-08-14,188000,188100,184700,186700,4420516,000660
2024-08-16,196000,200000,194700,199700,6959688,000660
2024-08-19,199900,199900,192400,193900,3977026,000660
2024-08-20,198700,202500,198100,199700,4258190,000660
2024-08-21,193000,195400,191100,192600,4508983,000660
2024-08-22,192000,194400,189000,191100,3166217,000660
2024-08-23,186000,189300,185400,185500,4371332,000660
2024-08-26,187800,188500,179600,179600,4913204,000660
2024-08-27,176800,180200,173400,175000,5796566,000660
2024-08-28,175000,180800,174000,179300,5590086,000660
2024-08-29,167600,171700,167200,169700,8284585,000660
2024-08-30,171000,175500,169400,173700,4498221,000660
2024-09-02,173600,174900,168400,174000,3507670,000660
2024-09-03,172900,173800,168300,168300,3286574,000660
2024-09-04,152900,159000,152900,154800,10020391,000660
2024-09-05,157000,163000,156600,159400,5349484,000660
2024-09-06,157100,158200,154900,156400,3459914,000660
2024-09-09,151800,157700,150500,157000,4484162,000660
2024-09-10,157400,161700,154300,155500,4718523,000660
2024-09-11,156800,158700,154300,157200,3203928,000660
2024-09-12,165200,171300,163800,168800,8628996,000660
2024-09-13,166500,166700,161100,162800,5246578,000660
2024-09-19,154700,155700,144700,152800,15001257,000660
2024-09-20,160500,160800,155900,157100,7155655,000660
2024-09-23,155800,162900,155700,162000,4497592,000660
2024-09-24,163700,163700,159200,163500,3442530,000660
2024-09-25,166700,169300,165000,165300,4665075,000660
2024-09-26,178400,180900,176200,180900,9519633,000660
2024-09-27,187500,189300,183800,183800,6886272,000660
2024-09-30,183700,183800,174600,174600,4859468,000660
2024-10-02,172700,175500,169100,169100,4720638,000660
2024-10-04,171700,175600,170700,174100,3633358,000660
2024-10-07,178400,184900,176000,184900,3904925,000660
2024-10-08,182200,185000,178000,178000,3988028,000660
2024-10-10,184500,188100,183400,186700,6325045,000660
2024-10-11,190000,191200,185100,186000,3475666,000660
2024-10-14,186900,192300,186900,187500,3309274,000660
2024-10-15,191900,193200,189700,192900,4060365,000660
2024-10-16,184700,192500,183600,188700,4787317,000660
2024-10-17,191200,196000,188700,196000,3996946,000660
2024-10-18,198200,198200,186200,187300,5509895,000660
2024-10-21,189400,192300,188000,190900,2428544,000660
2024-10-22,195300,195300,187500,187800,3466963,000660
2024-10-23,188500,196700,188000,196000,4366079,000660
2024-10-24,193500,202000,190000,198200,6344515,000660
2024-10-25,203000,206000,199400,201000,5530362,000660
2024-10-28,203500,205000,194200,196000,4114186,000660
2024-10-29,196000,197000,189100,190300,4067991,000660
2024-10-30,190200,195400,189400,195000,3580400,000660
2024-10-31,189900,192900,186100,186300,4573282,000660
2024-11-01,182500,184900,180500,182200,3478519,000660
2024-11-04,185200,194000,183700,194000,3569575,000660
2024-11-05,193600,198800,192100,193200,3560310,000660
2024-11-06,197700,199200,192700,195800,3460361,000660
2024-11-07,197400,198300,193100,197400,2976546,000660
2024-11-08,200500,203000,198800,200500,3031573,000660
2024-11-11,199300,199300,192400,192600,2636191,000660
2024-11-12,192500,192500,184900,185800,3920254,000660
2024-11-13,185700,189500,182600,182900,3172827,000660
2024-11-14,182900,184900,171700,173000,6309368,000660
2024-11-15,174000,179000,173600,178200,4330750,000660
2024-11-18,173800,177800,170300,171700,3885644,000660
2024-11-19,170400,172900,168100,170600,4075013,000660
2024-11-20,175000,175100,170200,170600,3689296,000660
2024-11-21,168200,173000,168200,168800,3821502,000660
2024-11-22,171700,178200,171200,176700,3919973,000660
2024-11-25,174500,179500,173900,177000,4393882,000660
2024-11-26,175200,177700,174700,177100,1996128,000660
2024-11-27,175600,175700,167900,168300,4756820,000660
2024-11-28,164600,166300,160800,161100,5691298,000660
2024-11-29,160000,162400,157600,159900,4682788,000660
2024-12-02,162200,162700,158600,158800,3558868,000660
2024-12-03,159200,165100,159100,164900,4180365,000660
2024-12-04,161300,168000,161100,168000,5701792,000660
2024-12-05,170000,175600,169300,173000,4671438,000660
2024-12-06,173500,173600,165000,167100,4434259,000660
2024-12-09,167100,170600,165000,168900,5305672,000660
2024-12-10,168000,170400,167600,170400,3159112,000660
2024-12-11,167400,171800,167000,171800,2281189,000660
2024-12-12,176500,177400,173500,176100,4550292,000660
2024-12-13,174400,176400,173500,175500,3677980,000660
2024-12-16,177400,180400,177300,179300,3278975,000660
2024-12-17,183000,184500,182100,184000,3188910,000660
2024-12-18,183400,183900,181600,183500,2363872,000660
2024-12-19,173900,176800,173000,175000,4833862,000660
2024-12-20,174100,174800,167100,168500,4487308,000660
2024-12-23,170000,173300,169600,169600,3287596,000660
2024-12-24,171700,171900,168300,168500,1844961,000660
2024-12-26,170000,172000,169400,170100,2022727,000660
2024-12-27,170100,176000,170000,174500,2643523,000660
2024-12-30,174000,175800,172400,173900,1434202,000660
